brand,model,model_year,milage,fuel_type,engine,transmission,ext_col,int_col,accident,clean_title,price,Car_Age,Price_per_Mile,Luxury_Brand,High_Mileage,Vehicle_Age_Group
Ford,Utility Police Interceptor Base,2013,,E85 Flex Fuel,300.0HP 3.7L V6 Cylinder Engine Flex Fuel Capability,6-Speed A/T,Black,Black,At least 1 accident or damage reported,Yes,10300.0,13,,0,0,Old
Hyundai,Palisade SEL,2021,,Gasoline,3.8L V6 24V GDI DOHC,8-Speed Automatic,Moonlight Cloud,Gray,At least 1 accident or damage reported,Yes,38005.0,5,,0,0,New
Lexus,RX 350 RX 350,2022,,Gasoline,3.5 Liter DOHC,Automatic,Blue,Black,None reported,,54598.0,4,,1,0,New
INFINITI,Q50 Hybrid Sport,2015,,Hybrid,354.0HP 3.5L V6 Cylinder Engine Gas/Electric Hybrid,7-Speed A/T,Black,Black,None reported,Yes,15500.0,11,,0,0,Old
Audi,Q3 45 S line Premium Plus,2021,,Gasoline,2.0L I4 16V GDI DOHC Turbo,8-Speed Automatic,Glacier White Metallic,Black,None reported,,34999.0,5,,1,0,New
Acura,ILX 2.4L,2016,,Gasoline,2.4 Liter,F,Silver,Ebony.,None reported,,14798.0,10,,0,0,Moderate
Audi,S3 2.0T Premium Plus,2017,,Gasoline,292.0HP 2.0L 4 Cylinder Engine Gasoline Fuel,6-Speed A/T,Blue,Black,None reported,Yes,31000.0,9,,1,0,Moderate
BMW,740 iL,2001,,Gasoline,282.0HP 4.4L 8 Cylinder Engine Gasoline Fuel,A/T,Green,Green,None reported,Yes,7300.0,25,,1,0,Very Old
Lexus,RC 350 F Sport,2021,,Gasoline,311.0HP 3.5L V6 Cylinder Engine Gasoline Fuel,6-Speed A/T,Black,Black,None reported,Yes,41927.0,5,,1,0,New
Tesla,Model X Long Range Plus,2020,,,534.0HP Electric Motor Electric Fuel System,A/T,Black,Black,None reported,Yes,69950.0,6,,0,0,Moderate
Land,Rover Range Rover Sport 3.0 Supercharged HST,2021,,Gasoline,V6,Automatic,Fuji White,Pimento / Ebony,None reported,,73897.0,5,,0,0,New
Toyota,Supra 3.0 Premium,2021,,Gasoline,382.0HP 3.0L Straight 6 Cylinder Engine Gasoline Fuel,A/T,Yellow,Black,None reported,Yes,53500.0,5,,0,0,New
Lincoln,Aviator Reserve AWD,2022,,Gasoline,400.0HP 3.0L V6 Cylinder Engine Gasoline Fuel,Transmission w/Dual Shift Mode,Black,Brown,None reported,Yes,62000.0,4,,0,0,New
Jaguar,F-TYPE,2020,,Gasoline,2.0 Liter Supercharged,Automatic,Silver,Black,None reported,,47998.0,6,,0,0,Moderate
Land,Rover LR4 HSE,2013,,Gasoline,375.0HP 5.0L 8 Cylinder Engine Gasoline Fuel,A/T,White,Black,None reported,Yes,29990.0,13,,0,0,Old
Dodge,Challenger SXT,2013,,Gasoline,305.0HP 3.6L V6 Cylinder Engine Gasoline Fuel,A/T,Black,Gray,None reported,Yes,16800.0,13,,0,0,Old
Nissan,350Z Enthusiast,2003,,Gasoline,287.0HP 3.5L V6 Cylinder Engine Gasoline Fuel,6-Speed M/T,Purple,–,None reported,Yes,11000.0,23,,0,0,Very Old
Jaguar,F-TYPE R,2018,,Gasoline,550.0HP 5.0L 8 Cylinder Engine Gasoline Fuel,8-Speed A/T,Green,Black,None reported,Yes,68750.0,8,,0,0,Moderate
Genesis,GV70 3.5T Sport,2023,,Gasoline,375.0HP 3.5L V6 Cylinder Engine Gasoline Fuel,8-Speed A/T,Green,Beige,,,60000.0,3,,0,0,New
Chevrolet,S-10 LS,2000,,E85 Flex Fuel,120.0HP 2.2L 4 Cylinder Engine Flex Fuel Capability,A/T,Blue,Black,None reported,Yes,4500.0,26,,0,0,Very Old
BMW,440 Gran Coupe 440i xDrive,2020,,Gasoline,3.0 Liter Turbo,Automatic,White,Beige,None reported,,38598.0,6,,1,0,Moderate
Ford,F-150 XLT,2023,,Gasoline,3.5L V6 24V PDI DOHC Twin Turbo,Automatic,Iconic Silver Metallic,Black,None reported,Yes,58504.0,3,,0,0,New
Chevrolet,Suburban RST,2021,,Gasoline,355.0HP 5.3L 8 Cylinder Engine Gasoline Fuel,10-Speed A/T,Blue,Black,None reported,Yes,61000.0,5,,0,0,New
Hyundai,Elantra N Base,2022,,Gasoline,276.0HP 2.0L 4 Cylinder Engine Gasoline Fuel,Transmission w/Dual Shift Mode,Black,Black,None reported,Yes,32300.0,4,,0,0,New
Nissan,Sentra SR,2016,,Gasoline,1.8 Liter,Automatic,Blue,Black,None reported,,13998.0,10,,0,0,Moderate
Mercedes-Benz,AMG CLA 45 Base 4MATIC,2021,,Gasoline,382.0HP 2.0L 4 Cylinder Engine Gasoline Fuel,A/T,Gray,Black,None reported,Yes,59995.0,5,,1,0,New
BMW,650 Gran Coupe i xDrive,2015,,Gasoline,445.0HP 4.4L 8 Cylinder Engine Gasoline Fuel,8-Speed A/T,Gray,Black,None reported,Yes,25700.0,11,,1,0,Old
Audi,Q5 2.0T Premium Plus,2017,,E85 Flex Fuel,2.0L I4 16V GDI DOHC Turbo Flexible Fuel,8-Speed Automatic,Mythos Black Metallic,Black,None reported,Yes,21375.0,9,,1,0,Moderate
Mercedes-Benz,AMG C 43 Base 4MATIC,2018,,Gasoline,362.0HP 3.0L V6 Cylinder Engine Gasoline Fuel,9-Speed A/T,Silver,Black,None reported,Yes,48000.0,8,,1,0,Moderate
Dodge,Ram 1500 Laramie Mega Cab,2006,,Gasoline,345.0HP 5.7L 8 Cylinder Engine Gasoline Fuel,A/T,Silver,Gray,At least 1 accident or damage reported,Yes,10900.0,20,,0,0,Old
BMW,i3 120Ah w/Range Extender,2020,,Hybrid,120 AH,Automatic,Black,Black,None reported,,24998.0,6,,1,0,Moderate
Kia,Sorento SX,2011,,Gasoline,276.0HP 3.5L V6 Cylinder Engine Gasoline Fuel,A/T,Black,Black,None reported,Yes,5999.0,15,,0,0,Old
Lexus,LX 570 Base,2016,,Gasoline,383.0HP 5.7L 8 Cylinder Engine Gasoline Fuel,8-Speed A/T,Black,Beige,None reported,Yes,46900.0,10,,1,0,Moderate
Jeep,New Compass Trailhawk,2017,,Gasoline,180.0HP 2.4L 4 Cylinder Engine Gasoline Fuel,A/T,Red,Black,None reported,Yes,15900.0,9,,0,0,Moderate
BMW,340 i,2018,,Gasoline,3.0 Liter Turbo,Automatic,Gray,Black,None reported,,33598.0,8,,1,0,Moderate
Audi,A4 2.0T Premium Plus quattro,2012,,Gasoline,211.0HP 2.0L 4 Cylinder Engine Gasoline Fuel,8-Speed A/T,Silver,Black,None reported,Yes,8999.0,14,,1,0,Old
Hyundai,Tucson SE,2007,,Gasoline,173.0HP 2.7L V6 Cylinder Engine Gasoline Fuel,A/T,Gold,Beige,None reported,Yes,8200.0,19,,0,0,Old
BMW,Z4 sDrive28i,2014,,Gasoline,240.0HP 2.0L 4 Cylinder Engine Gasoline Fuel,A/T,White,Beige,At least 1 accident or damage reported,Yes,20000.0,12,,1,0,Old
Bentley,Continental GTC Base,2011,,E85 Flex Fuel,552.0HP 6.0L 12 Cylinder Engine Flex Fuel Capability,6-Speed A/T,Black,Black,None reported,Yes,79950.0,15,,0,0,Old
Honda,Passport Elite,2023,,Gasoline,3.5 Liter SOHC,Automatic,Lunar Silver Metallic,Gray,None reported,,45498.0,3,,0,0,New
Dodge,Sprinter 2500,2007,,Diesel,3.0L V6 Cylinder Engine Diesel Fuel,5-Speed A/T,White,Gray,At least 1 accident or damage reported,Yes,14000.0,19,,0,0,Old
BMW,M850 i xDrive,2019,,Gasoline,4.4 Liter DOHC Twin Turbo,Automatic,Blue,Black,None reported,,75798.0,7,,1,0,Moderate
Audi,A7 Premium,2012,,Gasoline,310.0HP 3.0L V6 Cylinder Engine Gasoline Fuel,8-Speed A/T,Black,Brown,At least 1 accident or damage reported,Yes,36880.0,14,,1,0,Old
Chevrolet,Silverado 1500 Custom Trail Boss,2021,,Gasoline,5.3L V8 16V GDI OHV,Automatic,Black,Jet Black,None reported,Yes,43147.0,5,,0,0,New
MINI,Convertible John Cooper Works,2017,,Gasoline,228.0HP 2.0L 4 Cylinder Engine Gasoline Fuel,6-Speed A/T,Black,Black,At least 1 accident or damage reported,Yes,29000.0,9,,0,0,Moderate
Toyota,Avalon Touring,2016,,Gasoline,268.0HP 3.5L V6 Cylinder Engine Gasoline Fuel,A/T,Black,Black,None reported,Yes,17500.0,10,,0,0,Moderate
Porsche,Cayenne Platinum Edition,2017,,Gasoline,300.0HP 3.6L V6 Cylinder Engine Gasoline Fuel,8-Speed A/T,White,Black,None reported,Yes,30990.0,9,,0,0,Moderate
Mercedes-Benz,AMG C 63 S,2017,,Gasoline,503.0HP 4.0L 8 Cylinder Engine Gasoline Fuel,Transmission w/Dual Shift Mode,Gray,Black,At least 1 accident or damage reported,Yes,52500.0,9,,1,0,Moderate
Honda,CR-V EX-L,2016,,Gasoline,2.4L I4 16V GDI DOHC,Automatic CVT,Mountain Air Metallic,Black,At least 1 accident or damage reported,,20848.0,10,,0,0,Moderate
Hummer,H2 Base,2005,,Gasoline,325.0HP 6.0L 8 Cylinder Engine Gasoline Fuel,A/T,Gray,Black,None reported,Yes,19500.0,21,,0,0,Very Old
Porsche,911 Carrera S,2013,,Gasoline,400.0HP 3.8L Flat 6 Cylinder Engine Gasoline Fuel,7-Speed A/T,Blue,Black,None reported,Yes,73000.0,13,,0,0,Old
Mercedes-Benz,CLA-Class CLA 250,2016,,Gasoline,208.0HP 2.0L 4 Cylinder Engine Gasoline Fuel,Transmission w/Dual Shift Mode,Black,Black,None reported,Yes,19800.0,10,,1,0,Moderate
Chrysler,300 Touring,2009,,Gasoline,250.0HP 3.5L V6 Cylinder Engine Gasoline Fuel,Transmission w/Dual Shift Mode,Blue,Black,None reported,Yes,7500.0,17,,0,0,Old
Nissan,Rogue SV,2023,,Gasoline,1.5L I3 12V GDI DOHC Turbo,Automatic CVT,Caspian Blue,Light Gray,None reported,,30999.0,3,,0,0,New
Audi,A3 2.0T,2010,,Gasoline,200.0HP 2.0L 4 Cylinder Engine Gasoline Fuel,Transmission w/Dual Shift Mode,Silver,Black,None reported,Yes,6500.0,16,,1,0,Old
Ford,Mustang GT Premium,2014,,Gasoline,420.0HP 5.0L 8 Cylinder Engine Gasoline Fuel,6-Speed M/T,Black,Black,None reported,Yes,28500.0,12,,0,0,Old
Acura,RL Technology,2010,,Gasoline,300.0HP 3.7L V6 Cylinder Engine Gasoline Fuel,Transmission w/Dual Shift Mode,Blue,Beige,None reported,Yes,10995.0,16,,0,0,Old
Volvo,XC90 Hybrid T8 R-Design,2018,,Plug-In Hybrid,400.0HP 2.0L 4 Cylinder Engine Plug-In Electric/Gas,Transmission w/Dual Shift Mode,Black,Black,None reported,Yes,42000.0,8,,0,0,Moderate
Mercedes-Benz,GLK-Class GLK 350,2014,,Gasoline,302.0HP 3.5L V6 Cylinder Engine Gasoline Fuel,A/T,Black,Beige,At least 1 accident or damage reported,Yes,10000.0,12,,1,0,Old
Toyota,C-HR LE,2021,,Gasoline,2.0 Liter,CVT-F,–,–,None reported,,23998.0,5,,0,0,New
Lexus,IS 350 Base,2014,,Gasoline,306.0HP 3.5L V6 Cylinder Engine Gasoline Fuel,8-Speed A/T,Black,Black,None reported,Yes,21000.0,12,,1,0,Old
BMW,X4 M40i,2023,,Hybrid,382.0HP 3.0L Straight 6 Cylinder Engine Gasoline/Mild Electric Hybrid,Transmission w/Dual Shift Mode,Gray,Beige,None reported,Yes,67900.0,3,,1,0,New
BMW,M4 CS,2019,,Gasoline,3.0 Liter DOHC Turbo,Automatic,Alpine White,Anthracite,None reported,,69998.0,7,,1,0,Moderate
Cadillac,CT5 Premium Luxury,2023,,Gasoline,237.0HP 2.0L 4 Cylinder Engine Gasoline Fuel,A/T,White,Beige,None reported,Yes,46900.0,3,,0,0,New
Lucid,Air Grand Touring,2022,,,536.0HP Electric Motor Electric Fuel System,1-Speed A/T,Red,Black,None reported,Yes,99000.0,4,,0,0,New
Audi,A5 2.0T Premium Plus,2019,,Gasoline,248.0HP 2.0L 4 Cylinder Engine Gasoline Fuel,Transmission w/Dual Shift Mode,Black,Black,None reported,Yes,31000.0,7,,1,0,Moderate
Chrysler,300C SRT8,2006,,Gasoline,425.0HP 6.1L 8 Cylinder Engine Gasoline Fuel,5-Speed A/T,Silver,Black,At least 1 accident or damage reported,Yes,19995.0,20,,0,0,Old
BMW,M4 Base,2019,,Gasoline,425.0HP 3.0L Straight 6 Cylinder Engine Gasoline Fuel,Transmission w/Dual Shift Mode,Black,Red,None reported,Yes,55999.0,7,,1,0,Moderate
Toyota,GR Corolla Circuit Edition,2023,,Gasoline,300.0HP 1.6L 3 Cylinder Engine Gasoline Fuel,6-Speed M/T,Silver,Gray,None reported,Yes,49950.0,3,,0,0,New
Audi,RS 5 2.9T,2019,,Gasoline,444.0HP 2.9L V6 Cylinder Engine Gasoline Fuel,8-Speed A/T,Black,Black,At least 1 accident or damage reported,Yes,59950.0,7,,1,0,Moderate
Porsche,Cayenne Base,2019,,Gasoline,335.0HP 3.0L V6 Cylinder Engine Gasoline Fuel,Transmission w/Dual Shift Mode,Black,Black,None reported,Yes,42499.0,7,,0,0,Moderate
Maserati,Quattroporte S,2019,,Gasoline,424.0HP 3.0L V6 Cylinder Engine Gasoline Fuel,8-Speed A/T,Black,Black,None reported,Yes,44999.0,7,,0,0,Moderate
Jaguar,XF 35t R-Sport,2017,,Gasoline,340.0HP 3.0L V6 Cylinder Engine Gasoline Fuel,A/T,Red,Black,At least 1 accident or damage reported,Yes,30000.0,9,,0,0,Moderate
Lexus,ES 330 Base,2005,,Gasoline,225.0HP 3.3L V6 Cylinder Engine Gasoline Fuel,5-Speed A/T,White,Beige,None reported,Yes,11100.0,21,,1,0,Very Old
Land,Rover Discovery Sport SE R-Dynamic,2020,,Gasoline,2.0 Liter,Automatic,White,Black,None reported,,37998.0,6,,0,0,Moderate
Porsche,Cayman GTS,2015,,Gasoline,340.0HP 3.4L Flat 6 Cylinder Engine Gasoline Fuel,7-Speed A/T,Silver,–,None reported,Yes,72000.0,11,,0,0,Old
Genesis,G90 3.3T Premium,2021,,Gasoline,365.0HP 3.3L V6 Cylinder Engine Gasoline Fuel,8-Speed A/T,Silver,Blue,None reported,Yes,53950.0,5,,0,0,New
Volkswagen,Golf R 20th Anniversary Edition,2023,,Gasoline,315.0HP 2.0L 4 Cylinder Engine Gasoline Fuel,6-Speed M/T,White,Black,None reported,Yes,47999.0,3,,0,0,New
Hyundai,Sonata Hybrid Limited,2015,,Hybrid,199.0HP 2.4L 4 Cylinder Engine Gas/Electric Hybrid,A/T,White,Gray,At least 1 accident or damage reported,Yes,15900.0,11,,0,0,Old
Audi,RS 7 4.0T Prestige,2014,,Gasoline,560.0HP 4.0L 8 Cylinder Engine Gasoline Fuel,A/T,Gray,Black,At least 1 accident or damage reported,Yes,45000.0,12,,1,0,Old
BMW,740 Li,2012,,Gasoline,326.0HP 3.0L Straight 6 Cylinder Engine Gasoline Fuel,6-Speed A/T,Black,Black,None reported,Yes,18500.0,14,,1,0,Old
Mercedes-Benz,GLS 450 Base 4MATIC,2020,,Hybrid,362.0HP 3.0L Straight 6 Cylinder Engine Gasoline/Mild Electric Hybrid,9-Speed A/T,Black,Black,At least 1 accident or damage reported,Yes,80000.0,6,,1,0,Moderate
BMW,M6 Base,2016,,Gasoline,560.0HP 4.4L 8 Cylinder Engine Gasoline Fuel,7-Speed A/T,White,Black,None reported,Yes,55000.0,10,,1,0,Moderate
Subaru,Forester 2.5 X,2004,,Gasoline,165.0HP 2.5L 4 Cylinder Engine Gasoline Fuel,M/T,Green,Beige,,,2300.0,22,,0,0,Very Old
Hyundai,Elantra N Base,2023,,Gasoline,276.0HP 2.0L 4 Cylinder Engine Gasoline Fuel,6-Speed M/T,White,Black,None reported,Yes,34000.0,3,,0,0,New
Kia,Niro Plug-In Hybrid EX Premium,2022,,Hybrid,1.6L I4 16V GDI DOHC Hybrid,6-Speed Automatic with Auto-Shift,Horizon Blue,Charcoal,None reported,Yes,31995.0,4,,0,0,New
Rivian,R1S Adventure Package,2023,,,835.0HP Electric Motor Electric Fuel System,1-Speed A/T,White,Green,None reported,Yes,92000.0,3,,0,0,New
Mercedes-Benz,SLC 300 Base,2018,,Gasoline,241.0HP 2.0L 4 Cylinder Engine Gasoline Fuel,9-Speed A/T,Red,Black,At least 1 accident or damage reported,Yes,29900.0,8,,1,0,Moderate
BMW,435 Gran Coupe i,2016,,Gasoline,300.0HP 3.0L Straight 6 Cylinder Engine Gasoline Fuel,8-Speed A/T,White,Beige,None reported,Yes,24950.0,10,,1,0,Moderate
Jeep,Grand Cherokee Summit,2020,,Gasoline,5.7L V8 16V MPFI OHV,8-Speed Automatic,Granite Crystal Clearcoat Metallic,Black,None reported,,39366.0,6,,0,0,Moderate
Lexus,RC 350 Base,2015,,Gasoline,306.0HP 3.5L V6 Cylinder Engine Gasoline Fuel,Transmission w/Dual Shift Mode,Orange,Red,None reported,Yes,32900.0,11,,1,0,Old
BMW,525 i,2005,,Gasoline,215.0HP 2.5L Straight 6 Cylinder Engine Gasoline Fuel,6-Speed A/T,Black,Black,None reported,Yes,8900.0,21,,1,0,Very Old
Toyota,Corolla LE,2003,,Gasoline,130.0HP 1.8L 4 Cylinder Engine Gasoline Fuel,M/T,Beige,Beige,At least 1 accident or damage reported,Yes,4995.0,23,,0,0,Very Old
GMC,Acadia SLT-1,2012,,Gasoline,288.0HP 3.6L V6 Cylinder Engine Gasoline Fuel,6-Speed A/T,Black,Black,None reported,Yes,7900.0,14,,0,0,Old
Lexus,LC 500 Base,2020,,Gasoline,5.0L V8 32V PDI DOHC,10-Speed Automatic,Atomic Silver,Rioja Red,None reported,,75950.0,6,,1,0,Moderate
BMW,i8 Base,2019,,Plug-In Hybrid,369.0HP 1.5L 3 Cylinder Engine Plug-In Electric/Gas,Transmission w/Dual Shift Mode,White,Black,None reported,Yes,86000.0,7,,1,0,Moderate
Lexus,ES 300h Base,2013,,Hybrid,200.0HP 2.5L 4 Cylinder Engine Gas/Electric Hybrid,CVT Transmission,Gold,Beige,None reported,Yes,17995.0,13,,1,0,Old
Cadillac,CT5-V V-Series,2022,,Gasoline,3.0L V6 24V GDI DOHC Twin Turbo,Automatic,Summit White,Jet Black,At least 1 accident or damage reported,Yes,55655.0,4,,0,0,New
BMW,540 i xDrive,2020,,Gasoline,2.0 Liter Turbo,Automatic,Imperial Blue Metallic,Canberra Beige/Black,None reported,,39998.0,6,,1,0,Moderate
Chevrolet,Express 1500 Work Van,2014,,Gasoline,195.0HP 4.3L V6 Cylinder Engine Gasoline Fuel,A/T,White,Gray,At least 1 accident or damage reported,Yes,14500.0,12,,0,0,Old
Jeep,Gladiator Rubicon,2022,,Gasoline,285.0HP 3.6L V6 Cylinder Engine Gasoline Fuel,A/T,Green,Black,None reported,Yes,47500.0,4,,0,0,New
BMW,Z4 sDrive28i,2014,,Gasoline,240.0HP 2.0L 4 Cylinder Engine Gasoline Fuel,Transmission w/Dual Shift Mode,White,Beige,None reported,Yes,27000.0,12,,1,0,Old
Land,Rover LR4 HSE LUX Landmark Edition,2016,,Gasoline,340.0HP 3.0L V6 Cylinder Engine Gasoline Fuel,8-Speed A/T,Black,Black,At least 1 accident or damage reported,Yes,18000.0,10,,0,0,Moderate
Cadillac,XT4 Sport,2019,,Gasoline,237.0HP 2.0L 4 Cylinder Engine Gasoline Fuel,9-Speed A/T,Blue,White,None reported,Yes,28900.0,7,,0,0,Moderate
BMW,750 750i xDrive,2021,,Gasoline,4.4 Liter Twin Turbo,Automatic,Black,Black,None reported,,73998.0,5,,1,0,New
Bentley,Arnage R,2005,,Gasoline,400.0HP 6.75L 8 Cylinder Engine Gasoline Fuel,4-Speed A/T,White,Beige,None reported,Yes,47350.0,21,,0,0,Very Old
Lincoln,Aviator Reserve AWD,2020,,Gasoline,3.0 Liter GTDI,Automatic,Magnetic Gray Clearcoat,Roast,None reported,,47698.0,6,,0,0,Moderate
Mercedes-Benz,AMG GL AMG GL 63 4MATIC,2016,,Gasoline,550.0HP 5.5L 8 Cylinder Engine Gasoline Fuel,Transmission w/Dual Shift Mode,Black,Brown,None reported,Yes,36500.0,10,,1,0,Moderate
RAM,ProMaster 3500 High Roof,2021,,Gasoline,3.6L V6 24V MPFI DOHC,6-Speed Automatic,Bright White Clearcoat,Black,None reported,Yes,32662.0,5,,0,0,New
Ford,Utility Police Interceptor Base,2013,,E85 Flex Fuel,300.0HP 3.7L V6 Cylinder Engine Flex Fuel Capability,A/T,White,Black,At least 1 accident or damage reported,Yes,6600.0,13,,0,0,Old
Audi,A5 2.0T Premium,2011,,Gasoline,211.0HP 2.0L 4 Cylinder Engine Gasoline Fuel,Transmission w/Dual Shift Mode,Red,Beige,None reported,Yes,9995.0,15,,1,0,Old
Nissan,GT-R Premium,2010,,Gasoline,485.0HP 3.8L V6 Cylinder Engine Gasoline Fuel,Transmission w/Dual Shift Mode,White,Black,None reported,Yes,69500.0,16,,0,0,Old
Land,Rover Range Rover Sport 3.0L Supercharged HSE,2018,,Gasoline,V6,Automatic,Fuji White,Ivory / Ebony,At least 1 accident or damage reported,,30775.0,8,,0,0,Moderate
Toyota,Corolla LE,2010,,Gasoline,132.0HP 1.8L 4 Cylinder Engine Gasoline Fuel,A/T,Red,Gray,At least 1 accident or damage reported,Yes,9995.0,16,,0,0,Old
Rivian,R1S Adventure Package,2023,,,835.0HP Electric Motor Electric Fuel System,A/T,Green,White,None reported,Yes,94000.0,3,,0,0,New
Mercedes-Benz,C-Class C300 4MATIC,2022,,Gasoline,2.0 Liter Turbo,Automatic,White,Silk Beige/Black,None reported,,44798.0,4,,1,0,New
Porsche,Cayenne E-Hybrid S,2016,,Plug-In Hybrid,416.0HP 3.0L V6 Cylinder Engine Plug-In Electric/Gas,Transmission w/Dual Shift Mode,White,Red,At least 1 accident or damage reported,Yes,23000.0,10,,0,0,Moderate
Chevrolet,Express 1500 Work Van,2011,,E85 Flex Fuel,5.3L V8 16V MPFI OHV Flexible Fuel,4-Speed Automatic,Summit White,Medium Pewter,None reported,Yes,22495.0,15,,0,0,Old
INFINITI,Q70h Base,2016,,Hybrid,360.0HP 3.5L V6 Cylinder Engine Gas/Electric Hybrid,7-Speed A/T,White,Black,At least 1 accident or damage reported,Yes,28998.0,10,,0,0,Moderate
Audi,A7 Premium Plus,2020,,Hybrid,3.0 Liter Turbo,Automatic,Typhoon Gray,Black,None reported,,49998.0,6,,1,0,Moderate
Audi,Q7 3.0T Premium Plus,2015,,Gasoline,280.0HP 3.0L V6 Cylinder Engine Gasoline Fuel,8-Speed A/T,Black,Black,,,9995.0,11,,1,0,Old
Lucid,Air Pure,2023,,,620.0HP Electric Motor Electric Fuel System,A/T,Black,Gray,,,86900.0,3,,0,0,New
Chrysler,Pacifica Touring,2017,,–,–,9-Speed A/T,Silver,Black,None reported,Yes,9000.0,9,,0,0,Moderate
Audi,TTS 2.0T Premium Plus,2012,,Gasoline,265.0HP 2.0L 4 Cylinder Engine Gasoline Fuel,6-Speed A/T,White,Black,,,25999.0,14,,1,0,Old
BMW,650 Gran Coupe i xDrive,2015,,Gasoline,445.0HP 4.4L 8 Cylinder Engine Gasoline Fuel,8-Speed A/T,Black,Black,None reported,Yes,30000.0,11,,1,0,Old
Subaru,Forester Premium,2021,,Gasoline,2.5L H4 16V GDI DOHC,Automatic CVT,Crystal Black Silica,Black,None reported,Yes,27899.0,5,,0,0,New
Mercedes-Benz,AMG C AMG C 63,2016,,Gasoline,469.0HP 4.0L 8 Cylinder Engine Gasoline Fuel,Transmission w/Dual Shift Mode,Black,Black,None reported,Yes,40000.0,10,,1,0,Moderate
Land,Rover LR3 HSE,2006,,Gasoline,300.0HP 4.4L 8 Cylinder Engine Gasoline Fuel,6-Speed A/T,Red,Beige,At least 1 accident or damage reported,Yes,9950.0,20,,0,0,Old
BMW,X7 xDrive40i,2019,,Gasoline,3.0 Liter Twin Turbo,Automatic,Arctic Gray Metallic,Black,None reported,,53998.0,7,,1,0,Moderate
Ford,Transit Connect XLT,2015,,Gasoline,169.0HP 2.5L 4 Cylinder Engine Gasoline Fuel,6-Speed A/T,White,Black,None reported,Yes,9888.0,11,,0,0,Old
Lexus,LX 570 Three-Row,2021,,Gasoline,383.0HP 5.7L 8 Cylinder Engine Gasoline Fuel,Transmission w/Dual Shift Mode,White,Black,None reported,Yes,89999.0,5,,1,0,New
Porsche,911 Carrera S,2013,,Gasoline,400.0HP 3.8L Flat 6 Cylinder Engine Gasoline Fuel,7-Speed M/T,Black,Black,,,86900.0,13,,0,0,Old
Dodge,Ram 2500 Laramie Quad Cab,2006,,Gasoline,330.0HP 5.7L 8 Cylinder Engine Gasoline Fuel,4-Speed A/T,Red,Gray,None reported,Yes,12990.0,20,,0,0,Old
Nissan,Armada SL,2021,,Gasoline,400.0HP 5.6L 8 Cylinder Engine Gasoline Fuel,7-Speed A/T,Silver,Black,At least 1 accident or damage reported,Yes,36500.0,5,,0,0,New
Porsche,Cayman Base,2014,,Gasoline,275.0HP 2.7L Flat 6 Cylinder Engine Gasoline Fuel,Transmission w/Dual Shift Mode,Red,Black,At least 1 accident or damage reported,Yes,42999.0,12,,0,0,Old
Mercedes-Benz,GLE 450 GLE 450,2022,,Hybrid,3.0 Liter Turbo,Automatic,Selenite Grey Metallic,Black,None reported,,63998.0,4,,1,0,New
Chevrolet,Monte Carlo SS,2006,,Gasoline,303.0HP 5.3L 8 Cylinder Engine Gasoline Fuel,A/T,White,Gray,At least 1 accident or damage reported,Yes,12000.0,20,,0,0,Old
BMW,M5 Base,2013,,Gasoline,560.0HP 4.4L 8 Cylinder Engine Gasoline Fuel,Transmission w/Dual Shift Mode,Blue,White,None reported,Yes,32000.0,13,,1,0,Old
Hyundai,Kona N Base,2023,,Gasoline,2.0L I4 16V GDI DOHC Turbo,8-Speed Automatic with Auto-Shift,Ultra Black,Black,None reported,Yes,34599.0,3,,0,0,New
Chevrolet,Monte Carlo SS,2005,,Gasoline,240.0HP 3.8L V6 Cylinder Engine Gasoline Fuel,A/T,Black,Black,None reported,Yes,12500.0,21,,0,0,Very Old
Land,Rover Range Rover Evoque Pure,2015,,Gasoline,240.0HP 2.0L 4 Cylinder Engine Gasoline Fuel,9-Speed A/T,Beige,Black,At least 1 accident or damage reported,Yes,22800.0,11,,0,0,Old
Audi,S7 4.0T Premium Plus,2017,,Gasoline,450.0HP 4.0L 8 Cylinder Engine Gasoline Fuel,Transmission w/Dual Shift Mode,Gray,Gray,None reported,Yes,39999.0,9,,1,0,Moderate
GMC,Acadia SLT-1,2011,,Gasoline,288.0HP 3.6L V6 Cylinder Engine Gasoline Fuel,6-Speed A/T,Silver,Gray,None reported,Yes,7500.0,15,,0,0,Old
Alfa,Romeo Stelvio Ti Sport,2020,,Gasoline,2.0L I4 16V GDI SOHC Turbo,8-Speed Automatic,Lunare White Metallic,Ice,None reported,Yes,35645.0,6,,0,0,Moderate
Kia,K900 5.0L,2017,,Gasoline,420.0HP 5.0L 8 Cylinder Engine Gasoline Fuel,8-Speed A/T,Black,Beige,At least 1 accident or damage reported,Yes,23950.0,9,,0,0,Moderate
Ford,E150 XLT,2013,,E85 Flex Fuel,255.0HP 5.4L 8 Cylinder Engine Flex Fuel Capability,4-Speed A/T,Black,Gray,None reported,Yes,12500.0,13,,0,0,Old
Tesla,Model 3 Performance,2022,,,455.0HP Electric Motor Electric Fuel System,A/T,Black,White,None reported,Yes,47000.0,4,,0,0,New
Toyota,4Runner SR5,2022,,Gasoline,4.0L V6 24V MPFI DOHC,5-Speed Automatic,Silver,Gray,None reported,,36999.0,4,,0,0,New
Subaru,Forester Base,2020,,Gasoline,182.0HP 2.5L 4 Cylinder Engine Gasoline Fuel,CVT Transmission,Black,Gray,None reported,Yes,24000.0,6,,0,0,Moderate
Porsche,Panamera 2,2012,,Gasoline,300.0HP 3.6L V6 Cylinder Engine Gasoline Fuel,A/T,White,–,At least 1 accident or damage reported,Yes,26000.0,14,,0,0,Old
Toyota,Tacoma PreRunner,2008,,Gasoline,236.0HP 4.0L V6 Cylinder Engine Gasoline Fuel,A/T,Silver,Gray,At least 1 accident or damage reported,Yes,8500.0,18,,0,0,Old
RAM,2500 Laramie,2019,,Diesel,370.0HP 6.7L Straight 6 Cylinder Engine Diesel Fuel,6-Speed A/T,Black,Black,None reported,Yes,65000.0,7,,0,0,Moderate
Kia,Sportage Nightfall,2022,,Gasoline,2.4L I4 16V GDI DOHC,6-Speed Automatic,Hyper Red,Black,None reported,Yes,30990.0,4,,0,0,New
Cadillac,DTS Base,2010,,Gasoline,275.0HP 4.6L 8 Cylinder Engine Gasoline Fuel,A/T,White,Gray,None reported,Yes,10499.0,16,,0,0,Old
Toyota,Land Cruiser Base,1997,,Gasoline,212.0HP 4.5L Straight 6 Cylinder Engine Gasoline Fuel,4-Speed A/T,White,Beige,None reported,Yes,26500.0,29,,0,0,Very Old
Lexus,NX 350 F SPORT Handling,2023,,Gasoline,2.4 Liter,8-SPEED AT,Black,Black,None reported,,51998.0,3,,1,0,New
Audi,Q7 45 Premium Plus,2021,,Gasoline,248.0HP 2.0L 4 Cylinder Engine Gasoline Fuel,8-Speed A/T,Blue,Black,None reported,Yes,36499.0,5,,1,0,New
Lexus,LX 470 Base,1999,,Gasoline,230.0HP 4.7L 8 Cylinder Engine Gasoline Fuel,A/T,White,Beige,None reported,Yes,25000.0,27,,1,0,Very Old
GMC,Terrain SLE,2022,,Gasoline,1.5L I4 16V GDI DOHC Turbo,9-Speed Automatic,Summit White,Jet Black,None reported,,27785.0,4,,0,0,New
Ford,Escape Limited,2012,,Gasoline,171.0HP 2.5L 4 Cylinder Engine Gasoline Fuel,A/T,White,Gray,At least 1 accident or damage reported,Yes,7000.0,14,,0,0,Old
Lexus,LS 460 L,2014,,Gasoline,360.0HP 4.6L 8 Cylinder Engine Gasoline Fuel,8-Speed A/T,White,Beige,At least 1 accident or damage reported,Yes,30000.0,12,,1,0,Old
Ford,Expedition Platinum,2019,,Gasoline,400.0HP 3.5L V6 Cylinder Engine Gasoline Fuel,10-Speed A/T,White,White,None reported,Yes,45500.0,7,,0,0,Moderate
Chevrolet,Malibu LTZ,2010,,Gasoline,252.0HP 3.6L V6 Cylinder Engine Gasoline Fuel,Transmission w/Dual Shift Mode,Beige,Beige,None reported,Yes,8950.0,16,,0,0,Old
Audi,A5 2.0T Premium Plus,2015,,Gasoline,220.0HP 2.0L 4 Cylinder Engine Gasoline Fuel,8-Speed A/T,White,Brown,None reported,Yes,17000.0,11,,1,0,Old
Genesis,G70 2.0T,2023,,Gasoline,2.0L I4 16V GDI DOHC Turbo,Automatic,Vik Black,Obsidian Black,None reported,Yes,42850.0,3,,0,0,New
Chevrolet,Trailblazer LS,2021,,Gasoline,1.3L I3 12V GDI DOHC Turbo,9-Speed Automatic,Pacific Blue Metallic,Black,None reported,,22999.0,5,,0,0,New
Scion,tC Base,2013,,Gasoline,180.0HP 2.5L 4 Cylinder Engine Gasoline Fuel,6-Speed A/T,Silver,Black,At least 1 accident or damage reported,Yes,7100.0,13,,0,0,Old
Lincoln,MKZ Hybrid Base,2014,,Hybrid,188.0HP 2.0L 4 Cylinder Engine Gas/Electric Hybrid,A/T,Blue,Beige,None reported,Yes,15500.0,12,,0,0,Old
Ford,Transit-350 XL,2018,,E85 Flex Fuel,275.0HP 3.7L V6 Cylinder Engine Flex Fuel Capability,A/T,White,Gray,None reported,Yes,43000.0,8,,0,0,Moderate
Ford,Explorer Timberline,2021,,Gasoline,2.3L I4 16V GDI DOHC Turbo,10-Speed Automatic,Gray,Ebony,At least 1 accident or damage reported,,39951.0,5,,0,0,New
Volvo,XC90 3.2,2011,,Gasoline,235.0HP 3.2L Straight 6 Cylinder Engine Gasoline Fuel,A/T,Blue,Beige,At least 1 accident or damage reported,Yes,11500.0,15,,0,0,Old
Chevrolet,Avalanche LTZ,2013,,E85 Flex Fuel,320.0HP 5.3L 8 Cylinder Engine Flex Fuel Capability,6-Speed A/T,Silver,Black,At least 1 accident or damage reported,Yes,27499.0,13,,0,0,Old
Audi,TT RS 2.5T,2018,,Gasoline,400.0HP 2.5L 5 Cylinder Engine Gasoline Fuel,Transmission w/Dual Shift Mode,Gray,Gray,None reported,Yes,76000.0,8,,1,0,Moderate
Lincoln,Navigator L,2008,,Gasoline,300.0HP 5.4L 8 Cylinder Engine Gasoline Fuel,A/T,Black,Black,None reported,Yes,10900.0,18,,0,0,Old
Hyundai,Elantra GLS,2010,,Gasoline,138.0HP 2.0L 4 Cylinder Engine Gasoline Fuel,4-Speed A/T,Blue,Blue,At least 1 accident or damage reported,Yes,6250.0,16,,0,0,Old
Audi,SQ5 3.0T Premium Plus,2016,,Gasoline,354.0HP 3.0L V6 Cylinder Engine Gasoline Fuel,Transmission w/Dual Shift Mode,Black,Black,At least 1 accident or damage reported,Yes,24700.0,10,,1,0,Moderate
Mitsubishi,Lancer Evolution GSR,2012,,Gasoline,291.0HP 2.0L 4 Cylinder Engine Gasoline Fuel,5-Speed M/T,Black,Black,None reported,Yes,34999.0,14,,0,0,Old
Tesla,Model Y Performance,2023,,,455.0HP Electric Motor Electric Fuel System,1-Speed A/T,Black,White,None reported,Yes,60000.0,3,,0,0,New
Mercedes-Benz,Maybach S S 600,2016,,Gasoline,523.0HP 6.0L 12 Cylinder Engine Gasoline Fuel,7-Speed A/T,White,Beige,None reported,Yes,63500.0,10,,1,0,Moderate
Mercedes-Benz,GLS 550 Base 4MATIC,2018,,Gasoline,4.7 Liter Twin Turbo,Automatic,Obsidian Black Metallic,Gray,None reported,,44798.0,8,,1,0,Moderate
Chevrolet,Blazer Premier,2019,,Gasoline,3.6L V6 24V GDI DOHC,9-Speed Automatic,Silver Ice Metallic,Jet Black,None reported,,34562.0,7,,0,0,Moderate
Mazda,CX-9 Grand Touring,2021,,Gasoline,2.5L I4 16V GDI DOHC Turbo,6-Speed Automatic,Sonic Silver Metallic,Black,At least 1 accident or damage reported,Yes,32541.0,5,,0,0,New
Ford,Expedition Max Limited,2022,,Gasoline,440.0HP 3.5L V6 Cylinder Engine Gasoline Fuel,A/T,White,Beige,None reported,Yes,65900.0,4,,0,0,New
Nissan,Titan XD SV,2020,,Gasoline,5.6L V8 32V GDI DOHC,9-Speed Automatic,Black,Black,None reported,Yes,47214.0,6,,0,0,Moderate
Lexus,LX 570 Three-Row,2019,,Gasoline,383.0HP 5.7L 8 Cylinder Engine Gasoline Fuel,8-Speed A/T,Black,Beige,None reported,Yes,76900.0,7,,1,0,Moderate
Chevrolet,Traverse Premier,2020,,Gasoline,310.0HP 3.6L V6 Cylinder Engine Gasoline Fuel,A/T,White,Black,None reported,Yes,35800.0,6,,0,0,Moderate
Mercedes-Benz,Sprinter High Roof,2014,,Diesel,188.0HP 3.0L V6 Cylinder Engine Diesel Fuel,7-Speed A/T,Black,Black,At least 1 accident or damage reported,Yes,54999.0,12,,1,0,Old
BMW,X5 3.0i,2004,,Gasoline,225.0HP 3.0L Straight 6 Cylinder Engine Gasoline Fuel,Transmission w/Dual Shift Mode,Black,Beige,None reported,Yes,6730.0,22,,1,0,Very Old
Ford,Fusion SE,2018,,Gasoline,181.0HP 1.5L 4 Cylinder Engine Gasoline Fuel,A/T,Blue,Black,At least 1 accident or damage reported,Yes,14950.0,8,,0,0,Moderate
Lincoln,MKZ Base,2015,,Gasoline,240.0HP 2.0L 4 Cylinder Engine Gasoline Fuel,A/T,Beige,Beige,None reported,Yes,12000.0,11,,0,0,Old
Genesis,G90 5.0 Ultimate,2017,,Gasoline,420.0HP 5.0L 8 Cylinder Engine Gasoline Fuel,Transmission w/Dual Shift Mode,White,Beige,None reported,Yes,33600.0,9,,0,0,Moderate
Ford,Shelby GT500 Base,2014,,Gasoline,5.8L V8 32V MPFI DOHC Supercharged,6-Speed Manual,Black,Black,None reported,,61900.0,12,,0,0,Old
Saturn,Sky Base,2008,,Gasoline,173.0HP 2.4L 4 Cylinder Engine Gasoline Fuel,A/T,Silver,Red,None reported,Yes,18500.0,18,,0,0,Old
Toyota,Land Cruiser,2016,,Gasoline,5.7 Liter,Automatic,Silver,Black,None reported,,65998.0,10,,0,0,Moderate
Mercedes-Benz,SL-Class SL 550,2013,,Gasoline,429.0HP 4.6L 8 Cylinder Engine Gasoline Fuel,Transmission w/Dual Shift Mode,Black,Black,At least 1 accident or damage reported,Yes,36000.0,13,,1,0,Old
Porsche,911 Carrera C2S,2005,,Gasoline,355.0HP 3.8L Flat 6 Cylinder Engine Gasoline Fuel,6-Speed M/T,Silver,Black,None reported,Yes,63500.0,21,,0,0,Very Old
Mercedes-Benz,AMG GLA 45 Base 4MATIC,2018,,Gasoline,375.0HP 2.0L 4 Cylinder Engine Gasoline Fuel,Transmission w/Dual Shift Mode,White,Black,None reported,Yes,32000.0,8,,1,0,Moderate
Ford,Taurus X Limited,2008,,Gasoline,263.0HP 3.5L V6 Cylinder Engine Gasoline Fuel,A/T,Blue,Beige,None reported,Yes,3900.0,18,,0,0,Old
BMW,440 Gran Coupe i,2018,,Gasoline,320.0HP 3.0L Straight 6 Cylinder Engine Gasoline Fuel,8-Speed A/T,White,Beige,At least 1 accident or damage reported,Yes,31750.0,8,,1,0,Moderate
Honda,S2000 CR,2008,,Gasoline,237.0HP 2.2L 4 Cylinder Engine Gasoline Fuel,6-Speed M/T,Black,Black,None reported,Yes,28500.0,18,,0,0,Old
Acura,Integra w/A-Spec Tech Package,2023,,Gasoline,1.5 Liter Turbo,Variable,Apex Blue,Orchid,None reported,,34998.0,3,,0,0,New
Ford,Excursion Limited,2001,,Gasoline,310.0HP 6.8L 10 Cylinder Engine Gasoline Fuel,A/T,Green,Beige,None reported,Yes,12749.0,25,,0,0,Very Old
Mercedes-Benz,SL-Class SL500 Roadster,2004,,Gasoline,302.0HP 5.0L 8 Cylinder Engine Gasoline Fuel,A/T,White,Gray,None reported,Yes,18853.0,22,,1,0,Very Old
INFINITI,G35 Sport,2007,,Gasoline,306.0HP 3.5L V6 Cylinder Engine Gasoline Fuel,6-Speed M/T,Gray,Black,None reported,Yes,16900.0,19,,0,0,Old
Volkswagen,Golf GTI 2.0T S 4-Door,2016,,Gasoline,210.0HP 2.0L 4 Cylinder Engine Gasoline Fuel,6-Speed M/T,Silver,Black,None reported,Yes,14500.0,10,,0,0,Moderate
Dodge,Challenger R/T Scat Pack,2022,,Gasoline,6.4L V8 16V MPFI OHV,8-Speed Automatic,Go Mango!,Black,None reported,,53900.0,4,,0,0,New
Lincoln,Navigator L Reserve,2019,,Gasoline,450.0HP 3.5L V6 Cylinder Engine Gasoline Fuel,10-Speed A/T,Black,Black,At least 1 accident or damage reported,Yes,47999.0,7,,0,0,Moderate
Maserati,Ghibli S Q4,2015,,Gasoline,404.0HP 3.0L V6 Cylinder Engine Gasoline Fuel,8-Speed A/T,White,Red,,,24900.0,11,,0,0,Old
Tesla,Model X Base,2023,,,670.0HP Electric Motor Electric Fuel System,A/T,Black,Black,None reported,Yes,93999.0,3,,0,0,New
Ford,Expedition Limited,2018,,Gasoline,3.5 Liter GTDI,Automatic,Ingot Silver Metallic,Ebony,None reported,,34998.0,8,,0,0,Moderate
Volkswagen,Routan SE,2012,,Gasoline,283.0HP 3.6L V6 Cylinder Engine Gasoline Fuel,6-Speed A/T,Black,Gray,None reported,Yes,5000.0,14,,0,0,Old
Toyota,Highlander XLE,2020,,Gasoline,3.5L V6 24V PDI DOHC,8-Speed Automatic,Midnight Black Metallic,Black,At least 1 accident or damage reported,,34084.0,6,,0,0,Moderate
Honda,Civic LX,2016,,Gasoline,2.0L I4 16V MPFI DOHC,Automatic CVT,Black,Black,None reported,,15599.0,10,,0,0,Moderate
Jeep,Wrangler Unlimited Sahara,2017,,Gasoline,3.6L V6 24V MPFI DOHC,5-Speed Automatic,Black Clearcoat,Black,None reported,,31331.0,9,,0,0,Moderate
Land,Rover Range Rover Supercharged,2008,,Gasoline,400.0HP 4.2L 8 Cylinder Engine Gasoline Fuel,6-Speed A/T,Black,Black,None reported,Yes,9900.0,18,,0,0,Old
Acura,ILX 2.0L w/Premium Package,2015,,Gasoline,150.0HP 2.0L 4 Cylinder Engine Gasoline Fuel,5-Speed A/T,Gold,Beige,None reported,Yes,14500.0,11,,0,0,Old
BMW,M6 Base,2016,,Gasoline,560.0HP 4.4L 8 Cylinder Engine Gasoline Fuel,7-Speed A/T,Gold,Black,,,36800.0,10,,1,0,Moderate
Polestar,2 Launch Edition,2021,,,Electric,1-Speed Automatic,Thunder Gray,Charcoal,None reported,,35999.0,5,,0,0,New
BMW,X6 sDrive35i,2016,,Gasoline,300.0HP 3.0L Straight 6 Cylinder Engine Gasoline Fuel,8-Speed A/T,Black,White,At least 1 accident or damage reported,Yes,35000.0,10,,1,0,Moderate
Porsche,Cayman S,2014,,Gasoline,325.0HP 3.4L Flat 6 Cylinder Engine Gasoline Fuel,7-Speed A/T,Black,Black,None reported,Yes,49750.0,12,,0,0,Old
Lincoln,Corsair Grand Touring,2021,,Plug-In Hybrid,266.0HP 2.5L 4 Cylinder Engine Plug-In Electric/Gas,CVT Transmission,Silver,Beige,None reported,Yes,49000.0,5,,0,0,New
Cadillac,DTS Luxury II,2008,,Gasoline,275.0HP 4.6L 8 Cylinder Engine Gasoline Fuel,4-Speed A/T,White,Beige,None reported,Yes,10500.0,18,,0,0,Old
Cadillac,ATS 3.6L Luxury,2016,,Gasoline,335.0HP 3.6L V6 Cylinder Engine Gasoline Fuel,8-Speed A/T,Red,Beige,None reported,Yes,17999.0,10,,0,0,Moderate
GMC,Sierra 1500 SLT,2016,,Gasoline,355.0HP 5.3L 8 Cylinder Engine Gasoline Fuel,8-Speed A/T,Gray,Black,None reported,Yes,27995.0,10,,0,0,Moderate
INFINITI,G37 x,2009,,Gasoline,328.0HP 3.7L V6 Cylinder Engine Gasoline Fuel,A/T,Blue,Beige,None reported,Yes,8750.0,17,,0,0,Old
Ford,Transit-350 XLT,2023,,Gasoline,310.0HP 3.5L V6 Cylinder Engine Gasoline Fuel,10-Speed A/T,Black,Black,None reported,Yes,78499.0,3,,0,0,New
Cadillac,XTS Luxury,2018,,Gasoline,304.0HP 3.6L V6 Cylinder Engine Gasoline Fuel,6-Speed A/T,Silver,Black,At least 1 accident or damage reported,Yes,20850.0,8,,0,0,Moderate
Nissan,NV Passenger NV3500 HD SL V8,2017,,Gasoline,375.0HP 5.6L 8 Cylinder Engine Gasoline Fuel,A/T,Black,Gray,None reported,Yes,41000.0,9,,0,0,Moderate
Mercedes-Benz,GLS 450 Base 4MATIC,2019,,Gasoline,362.0HP 3.0L V6 Cylinder Engine Gasoline Fuel,9-Speed A/T,Silver,Black,None reported,Yes,53800.0,7,,1,0,Moderate
Toyota,Land Cruiser Base,2008,,Gasoline,381.0HP 5.7L 8 Cylinder Engine Gasoline Fuel,6-Speed A/T,Black,Beige,At least 1 accident or damage reported,Yes,37900.0,18,,0,0,Old
Toyota,Land Cruiser Base,2016,,Gasoline,381.0HP 5.7L 8 Cylinder Engine Gasoline Fuel,8-Speed A/T,White,Black,None reported,Yes,63500.0,10,,0,0,Moderate
RAM,ProMaster 2500 Window Van High Roof,2016,,Gasoline,280.0HP 3.6L V6 Cylinder Engine Gasoline Fuel,6-Speed A/T,Black,Gray,None reported,Yes,65000.0,10,,0,0,Moderate
Lincoln,MKZ Base,2011,,Gasoline,263.0HP 3.5L V6 Cylinder Engine Gasoline Fuel,A/T,Black,Black,None reported,Yes,8995.0,15,,0,0,Old
Alfa,Romeo Giulia Quadrifoglio,2022,,Gasoline,2.9L V6 24V GDI DOHC Twin Turbo,8-Speed Automatic,Verde,Black,None reported,,75900.0,4,,0,0,New
Chevrolet,Trailblazer LT,2021,,Gasoline,1.2L I3 12V GDI DOHC Turbo,Automatic CVT,Pacific Blue Metallic,Jet Black,None reported,,23995.0,5,,0,0,New
Toyota,Land Cruiser Base,1993,,–,–,A/T,White,Gray,None reported,Yes,29500.0,33,,0,0,Very Old
INFINITI,G37 x,2013,,Gasoline,328.0HP 3.7L V6 Cylinder Engine Gasoline Fuel,A/T,White,Beige,At least 1 accident or damage reported,Yes,15000.0,13,,0,0,Old
Maserati,Levante S,2017,,Gasoline,424.0HP 3.0L V6 Cylinder Engine Gasoline Fuel,8-Speed A/T,Black,Black,None reported,Yes,33950.0,9,,0,0,Moderate
Toyota,Highlander Limited,2022,,Gasoline,3.5L V6 24V PDI DOHC,8-Speed Automatic,Wind Chill Pearl,Graphite,None reported,,47498.0,4,,0,0,New
Nissan,Armada SL,2022,,Gasoline,5.6 Liter,Automatic,White,Black,None reported,,50998.0,4,,0,0,New
Audi,Q5 Premium,2023,,Hybrid,2.0 Liter TFSI,Automatic,Mythos Black,–,None reported,,42998.0,3,,1,0,New
Ford,Shelby GT500 Base,2022,,Gasoline,760.0HP 5.2L 8 Cylinder Engine Gasoline Fuel,Transmission w/Dual Shift Mode,Gray,Black,None reported,Yes,94999.0,4,,0,0,New
Lincoln,Navigator L Reserve,2019,,Gasoline,450.0HP 3.5L V6 Cylinder Engine Gasoline Fuel,10-Speed A/T,Silver,Beige,None reported,Yes,46995.0,7,,0,0,Moderate
Mercedes-Benz,EQS 450+ Base,2022,,,329.0HP Electric Motor Electric Fuel System,1-Speed A/T,White,Beige,None reported,Yes,62479.0,4,,1,0,New
RAM,1500 Laramie,2022,,Gasoline,5.7L V8 16V MPFI OHV,Automatic,Patriot Blue Pearlcoat,Black,None reported,Yes,47995.0,4,,0,0,New
Lincoln,Town Car Base,2004,,Gasoline,239.0HP 4.6L 8 Cylinder Engine Gasoline Fuel,4-Speed A/T,Black,Black,None reported,Yes,14900.0,22,,0,0,Very Old
Acura,TLX w/A-Spec Package,2022,,Gasoline,2.0 Liter DOHC Turbo,2,Lunar Silver Metallic,Ebony,None reported,,39998.0,4,,0,0,New
Toyota,Camry Hybrid LE,2022,,Hybrid,2.5L I4 16V PDI DOHC Hybrid,Automatic CVT,Black,Black,None reported,,29999.0,4,,0,0,New
Honda,CR-V EX,2003,,Gasoline,160.0HP 2.4L 4 Cylinder Engine Gasoline Fuel,M/T,Black,Gray,None reported,Yes,3900.0,23,,0,0,Very Old
Mercedes-Benz,E-Class E 550,2014,,Gasoline,402.0HP 4.7L 8 Cylinder Engine Gasoline Fuel,Transmission w/Dual Shift Mode,Gray,Beige,None reported,Yes,26000.0,12,,1,0,Old
Mazda,MX-5 Miata Grand Touring,2007,,Gasoline,166.0HP 2.0L 4 Cylinder Engine Gasoline Fuel,6-Speed M/T,Red,–,At least 1 accident or damage reported,Yes,11000.0,19,,0,0,Old
Porsche,718 Boxster Base,2019,,Gasoline,300.0HP 2.0L 4 Cylinder Engine Gasoline Fuel,7-Speed A/T,Gray,Black,None reported,Yes,63000.0,7,,0,0,Moderate
Ford,Transit-350 XLT,2015,,Gasoline,275.0HP 3.7L V6 Cylinder Engine Gasoline Fuel,6-Speed A/T,Silver,Gray,None reported,Yes,22500.0,11,,0,0,Old
Kia,Sportage SX Turbo,2017,,Gasoline,2.0L I4 16V GDI DOHC Turbo,6-Speed Automatic,Black Cherry,Black,None reported,Yes,18688.0,9,,0,0,Moderate
INFINITI,G37 S Sport,2010,,Gasoline,328.0HP 3.7L V6 Cylinder Engine Gasoline Fuel,6-Speed M/T,White,Gray,None reported,Yes,16500.0,16,,0,0,Old
Nissan,Titan XD S,2019,,Gasoline,390.0HP 5.6L 8 Cylinder Engine Gasoline Fuel,7-Speed A/T,Red,Gray,None reported,Yes,27900.0,7,,0,0,Moderate
Audi,S7 2.9T Prestige,2021,,Hybrid,444.0HP 2.9L V6 Cylinder Engine Gasoline/Mild Electric Hybrid,8-Speed A/T,Gray,Black,None reported,Yes,77500.0,5,,1,0,New
Land,Rover Discovery HSE,2019,,Gasoline,3.0 Liter,Automatic,Yulong White,Tan/Ebony,None reported,,43998.0,7,,0,0,Moderate
Ford,Transit-350 XLT,2020,,Diesel,210.0HP 2.0L 4 Cylinder Engine Diesel Fuel,A/T,Black,Black,None reported,Yes,68000.0,6,,0,0,Moderate
INFINITI,Q70 3.7,2014,,Gasoline,330.0HP 3.7L V6 Cylinder Engine Gasoline Fuel,7-Speed A/T,Black,Black,None reported,Yes,19995.0,12,,0,0,Old
Jeep,Gladiator Rubicon,2022,,Gasoline,285.0HP 3.6L V6 Cylinder Engine Gasoline Fuel,A/T,White,Black,None reported,Yes,54000.0,4,,0,0,New
Lincoln,MKX Base,2010,,Gasoline,265.0HP 3.5L V6 Cylinder Engine Gasoline Fuel,6-Speed A/T,Black,Black,At least 1 accident or damage reported,Yes,5900.0,16,,0,0,Old
Mercedes-Benz,AMG C 43 Base 4MATIC,2018,,Gasoline,362.0HP 3.0L V6 Cylinder Engine Gasoline Fuel,Transmission w/Dual Shift Mode,Gray,Black,At least 1 accident or damage reported,Yes,34250.0,8,,1,0,Moderate
Porsche,Cayman Base,2014,,Gasoline,275.0HP 2.7L Flat 6 Cylinder Engine Gasoline Fuel,Transmission w/Dual Shift Mode,Blue,Beige,At least 1 accident or damage reported,Yes,37000.0,12,,0,0,Old
Acura,MDX 3.7L Advance,2011,,Gasoline,300.0HP 3.7L V6 Cylinder Engine Gasoline Fuel,Transmission w/Dual Shift Mode,White,Gray,None reported,Yes,12000.0,15,,0,0,Old
Volkswagen,Golf R 4-Door w/DCC & Navigation,2018,,Gasoline,292.0HP 2.0L 4 Cylinder Engine Gasoline Fuel,7-Speed A/T,White,Black,At least 1 accident or damage reported,Yes,32000.0,8,,0,0,Moderate
Kia,Forte GT-Line,2023,,Gasoline,147.0HP 2.0L 4 Cylinder Engine Gasoline Fuel,CVT Transmission,White,Black,At least 1 accident or damage reported,Yes,24500.0,3,,0,0,New
BMW,M8 Competition,2020,,Gasoline,4.4 Liter Twin Turbo,Automatic,Donington Grey Metallic,Black,None reported,,96998.0,6,,1,0,Moderate
Lincoln,MKC Select,2019,,Gasoline,2.0L I4 16V GDI DOHC Turbo,6-Speed Automatic,Ruby Red Metallic Tinted Clearcoat,Cappuccino,None reported,,26545.0,7,,0,0,Moderate
BMW,i8 Base,2015,,Plug-In Hybrid,357.0HP 1.5L 3 Cylinder Engine Plug-In Electric/Gas,A/T,White,White,None reported,Yes,86999.0,11,,1,0,Old
Toyota,Highlander XLE,2021,,Gasoline,3.5L V6 24V PDI DOHC,8-Speed Automatic,Blue,Black,None reported,,34645.0,5,,0,0,New
Mazda,CX-30 Premium Package,2023,,Gasoline,2.5L I4 16V,6-Speed Automatic,Platinum Quartz Metallic,Black,None reported,,28535.0,3,,0,0,New
Porsche,Cayenne Platinum Edition,2018,,Gasoline,3.6L V6 24V GDI DOHC,8-Speed Automatic,White,Black,At least 1 accident or damage reported,Yes,43550.0,8,,0,0,Moderate
Lincoln,MKZ Reserve,2017,,Gasoline,400.0HP 3.0L V6 Cylinder Engine Gasoline Fuel,6-Speed A/T,Blue,Brown,None reported,Yes,27500.0,9,,0,0,Moderate
Tesla,Model 3 Standard Range Plus,2021,,,271.0HP Electric Motor Electric Fuel System,A/T,White,Black,None reported,Yes,31000.0,5,,0,0,New
Porsche,718 Cayman S,2019,,Gasoline,350.0HP 2.5L 4 Cylinder Engine Gasoline Fuel,7-Speed A/T,Red,Black,At least 1 accident or damage reported,Yes,69000.0,7,,0,0,Moderate
Chevrolet,Corvette Base,2005,,Gasoline,400.0HP 6.0L 8 Cylinder Engine Gasoline Fuel,4-Speed A/T,Red,Black,None reported,Yes,16000.0,21,,0,0,Very Old
Acura,RSX Type S,2002,,Gasoline,200.0HP 2.0L 4 Cylinder Engine Gasoline Fuel,6-Speed M/T,Beige,Beige,At least 1 accident or damage reported,Yes,8500.0,24,,0,0,Very Old
Porsche,Cayman S,2007,,Gasoline,295.0HP 3.4L Flat 6 Cylinder Engine Gasoline Fuel,6-Speed M/T,Black,Black,None reported,Yes,45000.0,19,,0,0,Old
Audi,SQ7 4.0T,2022,,Gasoline,4.0L V8 32V GDI DOHC Twin Turbo,Automatic,Matador Red Metallic,Black,None reported,,74900.0,4,,1,0,New
Honda,Ridgeline RTL-E,2021,,Gasoline,280.0HP 3.5L V6 Cylinder Engine Gasoline Fuel,9-Speed A/T,White,Beige,None reported,Yes,38500.0,5,,0,0,New
Mercedes-Benz,CLK-Class 500 Cabriolet,2005,,Gasoline,302.0HP 5.0L 8 Cylinder Engine Gasoline Fuel,7-Speed A/T,Silver,Black,None reported,Yes,12995.0,21,,1,0,Very Old
Lexus,GX 470 Base,2004,,Gasoline,235.0HP 4.7L 8 Cylinder Engine Gasoline Fuel,A/T,White,Beige,At least 1 accident or damage reported,Yes,10000.0,22,,1,0,Very Old
Lexus,NX 200t Base,2015,,Gasoline,235.0HP 2.0L 4 Cylinder Engine Gasoline Fuel,6-Speed A/T,White,Black,None reported,Yes,27000.0,11,,1,0,Old
Dodge,Dakota SLT Quad Cab,2007,,Gasoline,210.0HP 3.7L V6 Cylinder Engine Gasoline Fuel,4-Speed A/T,Silver,Gray,At least 1 accident or damage reported,Yes,6000.0,19,,0,0,Old
Maserati,Ghibli S Q4 GranSport,2020,,Gasoline,3.0L V6 24V GDI DOHC Twin Turbo,8-Speed Automatic,Blu,Nero,None reported,Yes,52645.0,6,,0,0,Moderate
Land,Rover Discovery Sport SE R-Dynamic,2020,,Gasoline,2.0 Liter,Automatic,Fuji White,–,None reported,,35998.0,6,,0,0,Moderate
Audi,Q3 45 S line Premium,2022,,Gasoline,2.0L I4 16V GDI DOHC Turbo,8-Speed Automatic,Mythos Black Metallic,Black,None reported,,33610.0,4,,1,0,New
Ford,Explorer XLT,2020,,Gasoline,2.3L I4 16V GDI DOHC Turbo,10-Speed Automatic,Gray,Ebony,At least 1 accident or damage reported,Yes,28616.0,6,,0,0,Moderate
Mercedes-Benz,AMG GLC 63 Base 4MATIC,2018,,Gasoline,469.0HP 4.0L 8 Cylinder Engine Gasoline Fuel,9-Speed A/T,White,Black,None reported,Yes,46900.0,8,,1,0,Moderate
Subaru,BRZ Premium,2023,,Gasoline,228.0HP 2.4L 4 Cylinder Engine Gasoline Fuel,6-Speed M/T,Black,Black,None reported,Yes,29990.0,3,,0,0,New
BMW,640 i,2016,,Gasoline,315.0HP 3.0L Straight 6 Cylinder Engine Gasoline Fuel,8-Speed A/T,Black,Black,None reported,Yes,28499.0,10,,1,0,Moderate
Kia,Stinger GT2,2020,,Gasoline,365.0HP 3.3L V6 Cylinder Engine Gasoline Fuel,A/T,Black,Red,At least 1 accident or damage reported,Yes,36500.0,6,,0,0,Moderate
Chevrolet,Bolt EUV Premier,2022,,,Electric,1-Speed Automatic,Mosaic Black Metallic,Jet Black,None reported,Yes,31985.0,4,,0,0,New
Subaru,Forester 2.5 XT,2004,,Gasoline,210.0HP 2.5L 4 Cylinder Engine Gasoline Fuel,5-Speed M/T,Gold,Black,At least 1 accident or damage reported,Yes,9999.0,22,,0,0,Very Old
Kia,Sportage X-Pro,2023,,Gasoline,2.5L I4 16V PDI DOHC,8-Speed Automatic,Jungle Green,Black,None reported,,36998.0,3,,0,0,New
BMW,M4 Base,2016,,Gasoline,425.0HP 3.0L Straight 6 Cylinder Engine Gasoline Fuel,7-Speed A/T,Black,Orange,At least 1 accident or damage reported,Yes,40500.0,10,,1,0,Moderate
Hyundai,Equus Signature,2013,,Gasoline,429.0HP 5.0L 8 Cylinder Engine Gasoline Fuel,8-Speed A/T,Silver,Black,None reported,Yes,17500.0,13,,0,0,Old
Mercedes-Benz,AMG E 53 4MATIC,2020,,Gasoline,"AMG 3L I-6 gasoline direct injection, DOHC, variable valve contr","Automatic, 9-Spd 9G-Tronic",BLACK,BLACK,None reported,,69900.0,6,,1,0,Moderate
BMW,M550 i xDrive,2020,,Gasoline,523.0HP 4.4L 8 Cylinder Engine Gasoline Fuel,Transmission w/Dual Shift Mode,Blue,Black,None reported,Yes,53000.0,6,,1,0,Moderate
Subaru,Impreza WRX STI,2014,,Gasoline,305.0HP 2.5L 4 Cylinder Engine Gasoline Fuel,6-Speed M/T,Gray,Black,At least 1 accident or damage reported,Yes,30000.0,12,,0,0,Old
Mazda,Mazda6 Grand Touring,2020,,Gasoline,2.5L I4 16V GDI DOHC Turbo,6-Speed Automatic,Deep Crystal Blue Mica,Black,None reported,,22966.0,6,,0,0,Moderate
Hyundai,Veloster Base,2013,,Gasoline,132.0HP 1.6L 4 Cylinder Engine Gasoline Fuel,Transmission w/Dual Shift Mode,Black,Gray,None reported,Yes,9800.0,13,,0,0,Old
Land,Rover Defender X-Dynamic SE,2023,,Hybrid,3.0 Liter,Automatic,Eiger Grey,–,None reported,,79998.0,3,,0,0,New
Kia,Telluride SX,2020,,Gasoline,3.8L V6 24V GDI DOHC,8-Speed Automatic,Ebony Black,Gray,None reported,,37405.0,6,,0,0,Moderate
Maserati,GranTurismo Sport,2015,,Gasoline,454.0HP 4.7L 8 Cylinder Engine Gasoline Fuel,6-Speed A/T,Black,Black,None reported,Yes,41900.0,11,,0,0,Old
BMW,540 i xDrive,2020,,Gasoline,2.0 Liter Turbo,Automatic,White,Black,None reported,,39998.0,6,,1,0,Moderate
INFINITI,M56 Base,2011,,Gasoline,420.0HP 5.6L 8 Cylinder Engine Gasoline Fuel,Transmission w/Dual Shift Mode,Gray,Brown,At least 1 accident or damage reported,Yes,8500.0,15,,0,0,Old
Mazda,Mazda3 s Grand Touring,2016,,–,–,A/T,Black,Black,At least 1 accident or damage reported,Yes,18500.0,10,,0,0,Moderate
Chevrolet,Corvette Stingray w/1LT,2023,,Gasoline,490.0HP 6.2L 8 Cylinder Engine Gasoline Fuel,8-Speed A/T,Black,Red,At least 1 accident or damage reported,Yes,73900.0,3,,0,0,New
Audi,Q5 S line Premium Plus,2023,,Hybrid,2.0 Liter TFSI,Automatic,Mythos Black,Black,None reported,,47598.0,3,,1,0,New
Lexus,GX 460 Base,2018,,Gasoline,301.0HP 4.6L 8 Cylinder Engine Gasoline Fuel,6-Speed A/T,White,Beige,None reported,Yes,38000.0,8,,1,0,Moderate
BMW,X1 sDrive28i,2014,,Gasoline,240.0HP 2.0L 4 Cylinder Engine Gasoline Fuel,A/T,Brown,Beige,None reported,Yes,10795.0,12,,1,0,Old
Alfa,Romeo Stelvio Ti,2020,,Gasoline,280.0HP 2.0L 4 Cylinder Engine Gasoline Fuel,8-Speed A/T,White,Black,None reported,Yes,32400.0,6,,0,0,Moderate
RAM,1500 Big Horn,2021,,Gasoline,395.0HP 5.7L 8 Cylinder Engine Gasoline Fuel,8-Speed A/T,Black,Black,None reported,Yes,34000.0,5,,0,0,New
BMW,M4 Base,2015,,Gasoline,425.0HP 3.0L Straight 6 Cylinder Engine Gasoline Fuel,A/T,White,–,None reported,Yes,53000.0,11,,1,0,Old
Tesla,Model X Long Range,2022,,,670.0HP Electric Motor Electric Fuel System,1-Speed A/T,Red,Black,None reported,Yes,84500.0,4,,0,0,New
Volvo,S90 T5 Momentum,2018,,Gasoline,250.0HP 2.0L 4 Cylinder Engine Gasoline Fuel,8-Speed A/T,White,Beige,None reported,Yes,18000.0,8,,0,0,Moderate
Subaru,Impreza WRX Sti,2005,,Gasoline,300.0HP 2.5L 4 Cylinder Engine Gasoline Fuel,6-Speed M/T,Black,Blue,None reported,Yes,19500.0,21,,0,0,Very Old
BMW,X6 xDrive40i,2020,,Gasoline,3.0 Liter Turbo,Automatic,Blue,Black,None reported,,57998.0,6,,1,0,Moderate
Cadillac,CTS 2.0L Turbo Luxury,2014,,Gasoline,272.0HP 2.0L 4 Cylinder Engine Gasoline Fuel,A/T,Gold,Beige,None reported,Yes,11000.0,12,,0,0,Old
Land,Rover Discovery Sport HSE,2016,,Gasoline,2.0L I4 16V GDI DOHC Turbo,9-Speed Automatic,Indus Silver,Ebony,None reported,,21590.0,10,,0,0,Moderate
Genesis,G90 5.0 Ultimate,2017,,Gasoline,420.0HP 5.0L 8 Cylinder Engine Gasoline Fuel,Transmission w/Dual Shift Mode,Silver,Black,None reported,Yes,27500.0,9,,0,0,Moderate
Mercedes-Benz,CLK-Class CLK 350,2009,,Gasoline,268.0HP 3.5L V6 Cylinder Engine Gasoline Fuel,A/T,Black,Black,At least 1 accident or damage reported,Yes,18000.0,17,,1,0,Old
Kia,Optima EX,2019,,Gasoline,"1.6L I-4 gasoline direct injection, DOHC, variable valve control",Automatic,Ebony Black,Black,None reported,,20818.0,7,,0,0,Moderate
Toyota,Highlander SE,2018,,Gasoline,3.5L V6 24V PDI DOHC,8-Speed Automatic,Midnight Black Metallic,Black,At least 1 accident or damage reported,,31853.0,8,,0,0,Moderate
Mercedes-Benz,Sprinter 4500 High Roof,2019,,Diesel,188.0HP 3.0L V6 Cylinder Engine Diesel Fuel,Transmission w/Dual Shift Mode,Gray,Black,,,45900.0,7,,1,0,Moderate
BMW,X1 xDrive28i,2020,,Gasoline,228.0HP 2.0L 4 Cylinder Engine Gasoline Fuel,A/T,White,Beige,At least 1 accident or damage reported,Yes,29500.0,6,,1,0,Moderate
Audi,S3 2.0T Tech Premium Plus,2018,,Gasoline,292.0HP 2.0L 4 Cylinder Engine Gasoline Fuel,A/T,Blue,Red,None reported,Yes,42800.0,8,,1,0,Moderate
Toyota,Tundra Hybrid TRD Pro,2022,,Hybrid,437.0HP 3.4L V6 Cylinder Engine Gas/Electric Hybrid,10-Speed A/T,Orange,–,None reported,Yes,75500.0,4,,0,0,New
Audi,SQ5 3.0T Premium Plus,2022,,Gasoline,3.0L V6 24V GDI DOHC Turbo,Automatic,Ibis White,Black,None reported,,52900.0,4,,1,0,New
Audi,A6 2.0T Premium Plus,2016,,Gasoline,252.0HP 2.0L 4 Cylinder Engine Gasoline Fuel,Transmission w/Dual Shift Mode,White,Black,At least 1 accident or damage reported,Yes,20000.0,10,,1,0,Moderate
BMW,328 xi,2007,,Gasoline,230.0HP 3.0L Straight 6 Cylinder Engine Gasoline Fuel,6-Speed A/T,Black,Brown,None reported,Yes,8995.0,19,,1,0,Old
Audi,SQ5 3.0T Prestige,2018,,Gasoline,354.0HP 3.0L V6 Cylinder Engine Gasoline Fuel,8-Speed A/T,Gray,Black,None reported,Yes,50000.0,8,,1,0,Moderate
Cadillac,Escalade Sport Platinum,2021,,Diesel,3.0L I6 24V DDI DOHC Turbo Diesel,10-Speed Automatic,Infrared Tintcoat,Jet Black,None reported,,97952.0,5,,0,0,New
BMW,M235 i,2014,,Gasoline,320.0HP 3.0L Straight 6 Cylinder Engine Gasoline Fuel,6-Speed M/T,Blue,Black,None reported,Yes,17200.0,12,,1,0,Old
Kia,Telluride SX,2023,,Gasoline,3.8L V6 24V GDI DOHC,8-Speed Automatic,Midnight Black,Gray,None reported,,50998.0,3,,0,0,New
Chevrolet,Express 3500 Base,2008,,Gasoline,323.0HP 6.0L 8 Cylinder Engine Gasoline Fuel,A/T,White,Gray,None reported,Yes,22000.0,18,,0,0,Old
GMC,Acadia SLE,2020,,Gasoline,2.5L I4 16V GDI DOHC,9-Speed Automatic,Summit White,Jet Black,None reported,Yes,27654.0,6,,0,0,Moderate
BMW,X3 xDrive30i,2021,,Gasoline,2.0 Liter Turbo,Automatic,Phytonic Blue Metallic,Canberra Beige/Black,None reported,,41598.0,5,,1,0,New
Audi,TT 2.0T,2015,,Gasoline,211.0HP 2.0L 4 Cylinder Engine Gasoline Fuel,A/T,Black,Black,At least 1 accident or damage reported,Yes,14000.0,11,,1,0,Old
Subaru,Outback 3.6R Touring,2017,,Gasoline,256.0HP 3.6L Flat 6 Cylinder Engine Gasoline Fuel,A/T,Brown,–,None reported,Yes,20500.0,9,,0,0,Moderate
Mitsubishi,Eclipse Spyder GS,2001,,Gasoline,140.0HP 2.4L 4 Cylinder Engine Gasoline Fuel,A/T,Red,–,None reported,Yes,4495.0,25,,0,0,Very Old
Hyundai,Santa Fe SEL,2022,,Gasoline,2.5L I4 16V PDI DOHC,8-Speed Automatic,Quartz White,Black,,,29800.0,4,,0,0,New
BMW,M5 Base,2018,,Gasoline,600.0HP 4.4L 8 Cylinder Engine Gasoline Fuel,8-Speed A/T,Silver,Black,None reported,Yes,67000.0,8,,1,0,Moderate
Dodge,Ram 1500 ST,2011,,Gasoline,390.0HP 5.7L 8 Cylinder Engine Gasoline Fuel,A/T,Black,Gray,At least 1 accident or damage reported,Yes,10500.0,15,,0,0,Old
Ford,Fusion Energi Titanium,2015,,Plug-In Hybrid,188.0HP 2.0L 4 Cylinder Engine Plug-In Electric/Gas,CVT Transmission,Blue,Black,At least 1 accident or damage reported,Yes,10000.0,11,,0,0,Old
Toyota,Tundra Hybrid TRD Pro,2022,,Hybrid,437.0HP 3.4L V6 Cylinder Engine Gas/Electric Hybrid,10-Speed A/T,Orange,Black,None reported,Yes,71000.0,4,,0,0,New
Land,Rover Range Rover Evoque Pure,2015,,Gasoline,240.0HP 2.0L 4 Cylinder Engine Gasoline Fuel,9-Speed A/T,White,Black,None reported,Yes,17500.0,11,,0,0,Old
Lincoln,Navigator Base,2009,,E85 Flex Fuel,310.0HP 5.4L 8 Cylinder Engine Flex Fuel Capability,6-Speed A/T,White,Beige,At least 1 accident or damage reported,Yes,9750.0,17,,0,0,Old
Ford,Mustang Mach-E Select,2023,,,Standard Range Battery,Automatic,Rapid Red Metallic Tinted Clearcoat,Black Onyx,None reported,,46998.0,3,,0,0,New
Mercedes-Benz,Sprinter 3500 High Roof,2017,,Diesel,188.0HP 3.0L V6 Cylinder Engine Diesel Fuel,5-Speed A/T,Black,Black,None reported,Yes,75000.0,9,,1,0,Moderate
Mercedes-Benz,AMG E 63 S 4MATIC,2019,,Gasoline,603.0HP 4.0L 8 Cylinder Engine Gasoline Fuel,9-Speed A/T,White,Brown,None reported,Yes,95000.0,7,,1,0,Moderate
BMW,440 i xDrive,2018,,Gasoline,320.0HP 3.0L Straight 6 Cylinder Engine Gasoline Fuel,A/T,Black,Blue,None reported,Yes,32000.0,8,,1,0,Moderate
Acura,Integra LS,1998,,Gasoline,140.0HP 1.8L 4 Cylinder Engine Gasoline Fuel,4-Speed A/T,Red,–,At least 1 accident or damage reported,Yes,5500.0,28,,0,0,Very Old
Audi,Q7 55 Prestige,2019,,Gasoline,3.0L V6 24V GDI DOHC Supercharged,8-Speed Automatic,Cobra Beige Metallic,Nougat Brown,None reported,Yes,36340.0,7,,1,0,Moderate
BMW,M6 Base,2014,,Gasoline,560.0HP 4.4L 8 Cylinder Engine Gasoline Fuel,Transmission w/Dual Shift Mode,Silver,Black,None reported,Yes,40999.0,12,,1,0,Old
Volkswagen,Arteon 2.0T SE,2021,,Gasoline,2.0 Liter TSI,Automatic,Pure White,Titan Black,None reported,,29798.0,5,,0,0,New
INFINITI,Q40 Base,2015,,Gasoline,328.0HP 3.7L V6 Cylinder Engine Gasoline Fuel,Transmission w/Dual Shift Mode,Silver,Black,None reported,Yes,11500.0,11,,0,0,Old
BMW,Z4 3.0i Roadster,2006,,Gasoline,215.0HP 3.0L Straight 6 Cylinder Engine Gasoline Fuel,Transmission w/Dual Shift Mode,Green,Beige,At least 1 accident or damage reported,Yes,11500.0,20,,1,0,Old
BMW,M6 Base,2015,,Gasoline,560.0HP 4.4L 8 Cylinder Engine Gasoline Fuel,Transmission w/Dual Shift Mode,Red,Black,None reported,Yes,59549.0,11,,1,0,Old
BMW,X3 M40i,2019,,Gasoline,3.0 Liter Turbo,Automatic,Alpine White,Oyster W/Contrast,None reported,,39998.0,7,,1,0,Moderate
Kia,Sorento LX,2014,,Gasoline,2.4L I4 16V GDI DOHC,6-Speed Automatic,Snow White Pearl,Beige,None reported,,15363.0,12,,0,0,Old
Rivian,R1S Adventure Package,2023,,,835.0HP Electric Motor Electric Fuel System,1-Speed A/T,Gray,White,None reported,Yes,95000.0,3,,0,0,New
BMW,Z4 sDrive28i,2015,,Gasoline,240.0HP 2.0L 4 Cylinder Engine Gasoline Fuel,6-Speed M/T,Black,White,None reported,Yes,29995.0,11,,1,0,Old
Cadillac,CTS-V Base,2017,,Gasoline,640.0HP 6.2L 8 Cylinder Engine Gasoline Fuel,Transmission w/Dual Shift Mode,Black,Black,None reported,Yes,60999.0,9,,0,0,Moderate
Ford,Transit Connect XL,2020,,Gasoline,169.0HP 2.5L 4 Cylinder Engine Gasoline Fuel,A/T,White,Black,None reported,Yes,18000.0,6,,0,0,Moderate
Land,Rover Range Rover Velar SVAutobiography Dynamic Edition,2020,,Gasoline,550.0HP 5.0L 8 Cylinder Engine Gasoline Fuel,Transmission w/Dual Shift Mode,White,Red,None reported,Yes,72000.0,6,,0,0,Moderate
Lexus,IS 250 Base,2010,,Gasoline,204.0HP 2.5L V6 Cylinder Engine Gasoline Fuel,6-Speed A/T,Black,White,At least 1 accident or damage reported,Yes,13250.0,16,,1,0,Old
BMW,X7 xDrive40i,2023,,Hybrid,375.0HP 3.0L Straight 6 Cylinder Engine Gasoline/Mild Electric Hybrid,Transmission w/Dual Shift Mode,Gray,Black,None reported,Yes,78350.0,3,,1,0,New
Volvo,XC90 T6 Momentum,2018,,Gasoline,316.0HP 2.0L 4 Cylinder Engine Gasoline Fuel,A/T,Gray,Beige,At least 1 accident or damage reported,Yes,22000.0,8,,0,0,Moderate
Hyundai,Tucson Limited,2008,,Gasoline,173.0HP 2.7L V6 Cylinder Engine Gasoline Fuel,4-Speed A/T,Black,Gray,None reported,Yes,3850.0,18,,0,0,Old
Dodge,Durango GT,2021,,Gasoline,3.6L V6 24V MPFI DOHC,8-Speed Automatic,DB Black Clearcoat,Black,None reported,,37995.0,5,,0,0,New
Mercedes-Benz,AMG C 43 Base 4MATIC,2017,,Gasoline,362.0HP 3.0L V6 Cylinder Engine Gasoline Fuel,9-Speed A/T,White,Black,At least 1 accident or damage reported,Yes,39000.0,9,,1,0,Moderate
GMC,Yukon XL SLT,2019,,Gasoline,5.3L V8 16V GDI OHV,Automatic,Summit White,Jet Black,None reported,Yes,42995.0,7,,0,0,Moderate
Audi,RS Q8 4.0T,2020,,Gasoline,591.0HP 4.0L 8 Cylinder Engine Gasoline Fuel,Transmission w/Dual Shift Mode,Gray,Black,None reported,Yes,91500.0,6,,1,0,Moderate
Rivian,R1S Adventure Package,2023,,,835.0HP Electric Motor Electric Fuel System,1-Speed A/T,Red,Silver,None reported,Yes,94500.0,3,,0,0,New
Toyota,RAV4 Hybrid XLE,2019,,Hybrid,219.0HP 2.5L 4 Cylinder Engine Gas/Electric Hybrid,CVT Transmission,Gray,Gray,None reported,Yes,33000.0,7,,0,0,Moderate
Alfa,Romeo Stelvio Quadrifoglio,2019,,Gasoline,505.0HP 2.9L V6 Cylinder Engine Gasoline Fuel,8-Speed A/T,Gray,Black,None reported,Yes,53900.0,7,,0,0,Moderate
Land,Rover Range Rover Evoque SE,2020,,Gasoline,2.0 Liter,Automatic,Firenze Red Metallic,Ebony,None reported,,36598.0,6,,0,0,Moderate
Alfa,Romeo Stelvio Ti Sport,2020,,Gasoline,2.0L I4 16V GDI SOHC Turbo,8-Speed Automatic,Anodized Blue Metallic,Ice,None reported,Yes,35345.0,6,,0,0,Moderate
Cadillac,Escalade EXT Base,2007,,Gasoline,403.0HP 6.2L 8 Cylinder Engine Gasoline Fuel,6-Speed A/T,Black,Black,None reported,Yes,22999.0,19,,0,0,Old
Ford,F-250 Lariat,2019,,E85 Flex Fuel,6.2L V8 16V MPFI SOHC Flexible Fuel,6-Speed Automatic,Black,Black,None reported,,47756.0,7,,0,0,Moderate
Nissan,350Z Enthusiast,2005,,Gasoline,287.0HP 3.5L V6 Cylinder Engine Gasoline Fuel,5-Speed A/T,Blue,Black,None reported,Yes,9950.0,21,,0,0,Very Old
Subaru,Legacy 2.5 i Premium,2010,,Gasoline,170.0HP 2.5L 4 Cylinder Engine Gasoline Fuel,A/T,Blue,Black,None reported,Yes,7600.0,16,,0,0,Old
Honda,Civic LX,2003,,Gasoline,115.0HP 1.7L 4 Cylinder Engine Gasoline Fuel,A/T,White,Gray,At least 1 accident or damage reported,Yes,3000.0,23,,0,0,Very Old
Maserati,Ghibli S Q4,2016,,Gasoline,404.0HP 3.0L V6 Cylinder Engine Gasoline Fuel,Transmission w/Dual Shift Mode,Gray,Red,None reported,Yes,36000.0,10,,0,0,Moderate
Jeep,Wagoneer Series II 4x4,2022,,Gasoline,"HEMI 5.7L V-8 variable valve control, regular unleaded, engine w","Automatic, 8-Spd",–,–,None reported,,58900.0,4,,0,0,New
Maserati,Ghibli S Q4,2017,,Gasoline,404.0HP 3.0L V6 Cylinder Engine Gasoline Fuel,Transmission w/Dual Shift Mode,White,Red,None reported,Yes,27995.0,9,,0,0,Moderate
Lexus,RX 300 Base,2002,,Gasoline,220.0HP 3.0L V6 Cylinder Engine Gasoline Fuel,A/T,Silver,Black,None reported,Yes,6348.0,24,,1,0,Very Old
Lincoln,Aviator Luxury,2005,,Gasoline,302.0HP 4.6L 8 Cylinder Engine Gasoline Fuel,A/T,Black,Beige,None reported,Yes,2000.0,21,,0,0,Very Old
Ford,Transit Connect XL,2018,,E85 Flex Fuel,169.0HP 2.5L 4 Cylinder Engine Flex Fuel Capability,6-Speed A/T,Red,–,,,21500.0,8,,0,0,Moderate
Cadillac,SRX Luxury Collection,2016,,Gasoline,3.6 Liter SIDI DOHC,Automatic,Red,Ebony,At least 1 accident or damage reported,,19998.0,10,,0,0,Moderate
Lincoln,MKS EcoBoost,2016,,Gasoline,365.0HP 3.5L V6 Cylinder Engine Gasoline Fuel,A/T,Silver,Beige,None reported,Yes,21000.0,10,,0,0,Moderate
Toyota,Yaris Base,2010,,Gasoline,106.0HP 1.5L 4 Cylinder Engine Gasoline Fuel,5-Speed M/T,Red,Gray,None reported,Yes,5000.0,16,,0,0,Old
Mercedes-Benz,AMG E 63 S 4MATIC,2019,,Gasoline,603.0HP 4.0L 8 Cylinder Engine Gasoline Fuel,Transmission w/Dual Shift Mode,Black,Black,At least 1 accident or damage reported,Yes,72000.0,7,,1,0,Moderate
Mercedes-Benz,GLS 450 Base,2022,,Hybrid,3.0 Liter DOHC Twin Turbo,Automatic,MANUFAKTUR Diamond White Bright,Macchiato Beige/Black,None reported,,71998.0,4,,1,0,New
Hyundai,Veloster Turbo R-Spec,2014,,Gasoline,201.0HP 1.6L 4 Cylinder Engine Gasoline Fuel,6-Speed M/T,Blue,Red,None reported,Yes,11000.0,12,,0,0,Old
Toyota,4Runner Limited,2019,,Gasoline,4.0L V6 24V MPFI DOHC,5-Speed Automatic,Midnight Black Metallic,Sand Beige,None reported,,40368.0,7,,0,0,Moderate
Audi,RS 7 4.0T Performance Prestige,2017,,Gasoline,4.0L V8 32V GDI DOHC Twin Turbo,8-Speed Automatic,White,Black,None reported,,67900.0,9,,1,0,Moderate
Mazda,MX-5 Miata Base,1999,,Gasoline,140.0HP 1.8L 4 Cylinder Engine Gasoline Fuel,5-Speed M/T,Green,Beige,At least 1 accident or damage reported,Yes,12900.0,27,,0,0,Very Old
Mercedes-Benz,AMG C 43 Base,2017,,Gasoline,362.0HP 3.0L V6 Cylinder Engine Gasoline Fuel,9-Speed A/T,White,Brown,At least 1 accident or damage reported,Yes,33999.0,9,,1,0,Moderate
Chevrolet,Corvette Z06,2007,,Gasoline,505.0HP 7.0L 8 Cylinder Engine Gasoline Fuel,6-Speed M/T,Orange,Black,None reported,Yes,47500.0,19,,0,0,Old
Ford,F-250 King Ranch,2021,,Diesel,475.0HP 6.7L 8 Cylinder Engine Diesel Fuel,10-Speed A/T,White,Brown,At least 1 accident or damage reported,Yes,73000.0,5,,0,0,New
Volkswagen,Tiguan 2.0T SE,2022,,Gasoline,184.0HP 2.0L 4 Cylinder Engine Gasoline Fuel,A/T,Blue,White,None reported,Yes,27900.0,4,,0,0,New
BMW,750 Li xDrive,2012,,Gasoline,407.0HP 4.4L 8 Cylinder Engine Gasoline Fuel,6-Speed A/T,Black,Black,None reported,Yes,16000.0,14,,1,0,Old
Lexus,GX 460 Base,2018,,Gasoline,301.0HP 4.6L 8 Cylinder Engine Gasoline Fuel,6-Speed A/T,Red,Brown,None reported,Yes,37300.0,8,,1,0,Moderate
Audi,Q7 3.0T Premium,2017,,Gasoline,333.0HP 3.0L V6 Cylinder Engine Gasoline Fuel,8-Speed A/T,Gray,Brown,None reported,Yes,25999.0,9,,1,0,Moderate
Alfa,Romeo Stelvio Ti Sport,2018,,Gasoline,280.0HP 2.0L 4 Cylinder Engine Gasoline Fuel,Transmission w/Dual Shift Mode,White,Red,At least 1 accident or damage reported,Yes,26600.0,8,,0,0,Moderate
Land,Rover Defender X,2023,,Hybrid,3.0 Liter,Automatic,Santorin Black,Black,None reported,,95998.0,3,,0,0,New
BMW,750 i xDrive,2019,,Gasoline,4.4 Liter DOHC Twin Turbo,Automatic,Black,Black,None reported,,50998.0,7,,1,0,Moderate
BMW,M3 Base,2015,,Gasoline,425.0HP 3.0L Straight 6 Cylinder Engine Gasoline Fuel,Transmission w/Dual Shift Mode,White,Red,None reported,Yes,44950.0,11,,1,0,Old
Audi,e-tron Prestige,2019,,,355.0HP Electric Motor Electric Fuel System,1-Speed A/T,Blue,Beige,None reported,Yes,38000.0,7,,1,0,Moderate
Lexus,IS 250 Base,2011,,Gasoline,204.0HP 2.5L V6 Cylinder Engine Gasoline Fuel,6-Speed A/T,Gray,Beige,At least 1 accident or damage reported,Yes,11400.0,15,,1,0,Old
Land,Rover Range Rover Evoque SE Premium,2016,,Gasoline,240.0HP 2.0L 4 Cylinder Engine Gasoline Fuel,9-Speed A/T,White,Black,None reported,Yes,19000.0,10,,0,0,Moderate
Lexus,LC 500 Base,2018,,Gasoline,471.0HP 5.0L 8 Cylinder Engine Gasoline Fuel,10-Speed A/T,Black,Red,None reported,Yes,63997.0,8,,1,0,Moderate
Kia,EV6 Wind,2022,,,111.2Ah / FR 70kW / RR 160kW (697V),Automatic,Glacier,Black,None reported,,38998.0,4,,0,0,New
GMC,Sierra 1500 SLE Crew Cab,2005,,Gasoline,295.0HP 5.3L 8 Cylinder Engine Gasoline Fuel,4-Speed A/T,Silver,Gray,At least 1 accident or damage reported,Yes,5800.0,21,,0,0,Very Old
Lexus,ES 350 Base,2008,,Gasoline,272.0HP 3.5L V6 Cylinder Engine Gasoline Fuel,A/T,Red,Beige,None reported,Yes,8995.0,18,,1,0,Old
Nissan,370Z NISMO,2010,,Gasoline,350.0HP 3.7L V6 Cylinder Engine Gasoline Fuel,M/T,Silver,–,None reported,Yes,29000.0,16,,0,0,Old
Dodge,Ram 1500 Laramie,2004,,Gasoline,345.0HP 5.7L 8 Cylinder Engine Gasoline Fuel,A/T,Black,Black,None reported,Yes,5700.0,22,,0,0,Very Old
Ford,Expedition Limited,2016,,Gasoline,365.0HP 3.5L V6 Cylinder Engine Gasoline Fuel,A/T,White,Beige,None reported,Yes,19995.0,10,,0,0,Moderate
INFINITI,QX70 Base,2015,,Gasoline,325.0HP 3.7L V6 Cylinder Engine Gasoline Fuel,A/T,Gray,Black,None reported,Yes,17800.0,11,,0,0,Old
Lincoln,Navigator Select,2016,,Gasoline,380.0HP 3.5L V6 Cylinder Engine Gasoline Fuel,Transmission w/Dual Shift Mode,Red,Beige,None reported,Yes,19780.0,10,,0,0,Moderate
Volvo,V60 Cross Country T5,2020,,Gasoline,250.0HP 2.0L 4 Cylinder Engine Gasoline Fuel,8-Speed A/T,White,Black,None reported,Yes,36000.0,6,,0,0,Moderate
Audi,A7 3.0T Premium Plus,2018,,Gasoline,340.0HP 3.0L V6 Cylinder Engine Gasoline Fuel,A/T,Silver,Black,None reported,Yes,37000.0,8,,1,0,Moderate
Ford,Bronco Sport Outer Banks,2021,,Gasoline,1.5L I3 12V PDI DOHC Turbo,8-Speed Automatic,Blue,Navy Pier,None reported,Yes,31621.0,5,,0,0,New
Volkswagen,Eurovan MV,2001,,Gasoline,140.0HP 2.8L V6 Cylinder Engine Gasoline Fuel,A/T,Silver,–,None reported,Yes,5500.0,25,,0,0,Very Old
Jaguar,F-TYPE R,2017,,Gasoline,550.0HP 5.0L 8 Cylinder Engine Gasoline Fuel,A/T,Black,Black,None reported,Yes,51500.0,9,,0,0,Moderate
Land,Rover Range Rover Evoque R-Dynamic HSE,2020,,Hybrid,2.0 Liter,Automatic,Silver,Black,None reported,,44998.0,6,,0,0,Moderate
RAM,1500 Laramie,2021,,Gasoline,5.7L V8 16V MPFI OHV,8-Speed Automatic,Delmonico Red Pearlcoat,Black,None reported,Yes,45277.0,5,,0,0,New
Rivian,R1S Adventure Package,2023,,,835.0HP Electric Motor Electric Fuel System,A/T,Gray,Gray,None reported,Yes,91000.0,3,,0,0,New
BMW,M760 i xDrive,2021,,Gasoline,"6.6L V-12 gasoline direct injection, DOHC, variable valve contro","Automatic, 8-Spd Sport w/Sport & Manual Modes",BLACK,WHITE,None reported,,91900.0,5,,1,0,New
Lexus,LX 570 Three-Row,2018,,Gasoline,383.0HP 5.7L 8 Cylinder Engine Gasoline Fuel,A/T,White,Black,None reported,Yes,65000.0,8,,1,0,Moderate
Land,Rover Range Rover Velar P250 SE R-Dynamic,2019,,Gasoline,247.0HP 2.0L 4 Cylinder Engine Gasoline Fuel,A/T,White,Black,None reported,Yes,38000.0,7,,0,0,Moderate
Acura,MDX w/Technology Package,2023,,Gasoline,3.5 Liter SOHC,F,White,Parchment.,None reported,,54998.0,3,,0,0,New
Lexus,LC 500 Base,2018,,Gasoline,471.0HP 5.0L 8 Cylinder Engine Gasoline Fuel,Transmission w/Dual Shift Mode,Black,Black,None reported,Yes,65000.0,8,,1,0,Moderate
Audi,SQ5 3.0T Prestige,2019,,Gasoline,349.0HP 3.0L V6 Cylinder Engine Gasoline Fuel,Transmission w/Dual Shift Mode,Gray,Black,At least 1 accident or damage reported,Yes,43500.0,7,,1,0,Moderate
Land,Rover Range Rover Velar P250 SE R-Dynamic,2018,,Gasoline,247.0HP 2.0L 4 Cylinder Engine Gasoline Fuel,A/T,Silver,Black,At least 1 accident or damage reported,Yes,34900.0,8,,0,0,Moderate
RAM,1500 Limited,2020,,Gasoline,5.7L V8 16V MPFI OHV,8-Speed Automatic,Bright White Clearcoat,Black,None reported,Yes,50658.0,6,,0,0,Moderate
Audi,S4 3.0T Premium,2019,,Gasoline,3.0L V6 24V GDI DOHC Turbo,8-Speed Automatic,Brilliant Black,Black,None reported,,42900.0,7,,1,0,Moderate
Audi,A8 4.0,2020,,Hybrid,4.0 Liter Turbo,Automatic,Mythos Black Metallic,Sarder Brown,None reported,,59598.0,6,,1,0,Moderate
Cadillac,Escalade ESV Sport,2021,,Gasoline,420.0HP 6.2L 8 Cylinder Engine Gasoline Fuel,Transmission w/Dual Shift Mode,Black,Beige,None reported,Yes,93000.0,5,,0,0,New
Mercedes-Benz,AMG GT AMG GT S,2016,,Gasoline,503.0HP 4.0L 8 Cylinder Engine Gasoline Fuel,7-Speed A/T,Red,Black,None reported,Yes,85500.0,10,,1,0,Moderate
BMW,M3 Base,2009,,Gasoline,420.0HP 4.0L 8 Cylinder Engine Gasoline Fuel,Transmission w/Dual Shift Mode,Gray,Black,At least 1 accident or damage reported,Yes,28000.0,17,,1,0,Old
Honda,Accord EX-L,2009,,Gasoline,190.0HP 2.4L 4 Cylinder Engine Gasoline Fuel,5-Speed A/T,Silver,Black,None reported,Yes,6250.0,17,,0,0,Old
Cadillac,Escalade Premium,2015,,Gasoline,420.0HP 6.2L 8 Cylinder Engine Gasoline Fuel,6-Speed A/T,Black,Brown,At least 1 accident or damage reported,Yes,35999.0,11,,0,0,Old
Acura,RDX Technology Package,2020,,Gasoline,2.0L I4 16V GDI DOHC Turbo,10-Speed Automatic,Silver,Ebony,None reported,Yes,36570.0,6,,0,0,Moderate
BMW,X2 xDrive28i,2022,,Gasoline,228.0HP 2.0L 4 Cylinder Engine Gasoline Fuel,Transmission w/Dual Shift Mode,Orange,Black,None reported,Yes,29999.0,4,,1,0,New
Chrysler,Pacifica Touring,2017,,–,–,9-Speed A/T,White,Beige,None reported,Yes,20000.0,9,,0,0,Moderate
Buick,Verano Convenience,2013,,E85 Flex Fuel,180.0HP 2.4L 4 Cylinder Engine Flex Fuel Capability,Transmission w/Dual Shift Mode,Silver,Gray,None reported,Yes,11995.0,13,,0,0,Old
RAM,2500 Tradesman,2021,,Gasoline,410.0HP 6.4L 8 Cylinder Engine Gasoline Fuel,8-Speed A/T,Gray,Gray,At least 1 accident or damage reported,Yes,48000.0,5,,0,0,New
Mercedes-Benz,Metris Base,2018,,Gasoline,208.0HP 2.0L 4 Cylinder Engine Gasoline Fuel,Transmission w/Dual Shift Mode,Black,Black,None reported,Yes,44900.0,8,,1,0,Moderate
Land,Rover Range Rover Evoque S,2020,,Gasoline,2.0 Liter,Automatic,Carpathian Grey Premium Metallic,Cloud,None reported,,36998.0,6,,0,0,Moderate
Volvo,XC90 T6 Inscription,2020,,Gasoline,316.0HP 2.0L 4 Cylinder Engine Gasoline Fuel,A/T,Black,White,None reported,Yes,50000.0,6,,0,0,Moderate
Ford,Expedition King Ranch,2020,,Gasoline,375.0HP 3.5L V6 Cylinder Engine Gasoline Fuel,10-Speed A/T,Black,Brown,At least 1 accident or damage reported,Yes,48999.0,6,,0,0,Moderate
Toyota,Highlander Hybrid Limited,2006,,Hybrid,208.0HP 3.3L V6 Cylinder Engine Gas/Electric Hybrid,A/T,Gold,Beige,At least 1 accident or damage reported,Yes,5000.0,20,,0,0,Old
Toyota,Tundra SR5 Access Cab,2005,,Gasoline,282.0HP 4.7L 8 Cylinder Engine Gasoline Fuel,5-Speed A/T,Blue,Gray,None reported,Yes,8500.0,21,,0,0,Very Old
Ford,Transit-350 Base,2023,,Gasoline,310.0HP 3.5L V6 Cylinder Engine Gasoline Fuel,10-Speed A/T,Blue,Gray,None reported,Yes,87500.0,3,,0,0,New
Chevrolet,Express 3500 LT,2016,,Diesel,260.0HP 6.6L 8 Cylinder Engine Diesel Fuel,6-Speed A/T,White,Gray,None reported,Yes,19500.0,10,,0,0,Moderate
Chevrolet,Bolt EUV Premier,2022,,,200.0HP Electric Motor Electric Fuel System,A/T,Black,Blue,None reported,Yes,33000.0,4,,0,0,New
Jeep,Wrangler Unlimited 4xe Sahara,2021,,Hybrid,2.0L I4 16V GDI DOHC Turbo Hybrid,8-Speed Automatic,Bright White Clearcoat,Black,None reported,,42998.0,5,,0,0,New
BMW,X7 xDrive40i,2023,,Hybrid,375.0HP 3.0L Straight 6 Cylinder Engine Gasoline/Mild Electric Hybrid,8-Speed A/T,Black,Brown,None reported,Yes,87000.0,3,,1,0,New
Mercedes-Benz,AMG GT 53 Base,2021,,Gasoline,3.0L I6 24V GDI DOHC Turbo,9-Speed Automatic,–,–,None reported,Yes,87500.0,5,,1,0,New
Toyota,Tundra Limited,2020,,Gasoline,5.7L V8 32V MPFI DOHC,6-Speed Automatic,Gray,Black,None reported,Yes,45423.0,6,,0,0,Moderate
BMW,X1 xDrive28i,2021,,Gasoline,228.0HP 2.0L 4 Cylinder Engine Gasoline Fuel,Transmission w/Dual Shift Mode,Gray,Black,None reported,Yes,32000.0,5,,1,0,New
BMW,135 i,2008,,Gasoline,300.0HP 3.0L Straight 6 Cylinder Engine Gasoline Fuel,A/T,White,Beige,None reported,Yes,15300.0,18,,1,0,Old
Mazda,Mazda3 Touring,2018,,Gasoline,184.0HP 2.5L 4 Cylinder Engine Gasoline Fuel,Transmission w/Dual Shift Mode,Blue,Black,None reported,Yes,20500.0,8,,0,0,Moderate
Audi,A7 3.0T Premium Plus,2018,,Gasoline,340.0HP 3.0L V6 Cylinder Engine Gasoline Fuel,A/T,White,Beige,None reported,Yes,39999.0,8,,1,0,Moderate
Saturn,Sky Red Line,2008,,Gasoline,260.0HP 2.0L 4 Cylinder Engine Gasoline Fuel,A/T,Blue,Black,None reported,Yes,14995.0,18,,0,0,Old
BMW,Z4 2.5i Roadster,2005,,Gasoline,184.0HP 2.5L Straight 6 Cylinder Engine Gasoline Fuel,5-Speed A/T,White,Beige,None reported,Yes,9950.0,21,,1,0,Very Old
Volvo,XC90 Hybrid T8 Inscription,2020,,Plug-In Hybrid,400.0HP 2.0L 4 Cylinder Engine Plug-In Electric/Gas,8-Speed A/T,Blue,Brown,None reported,Yes,65000.0,6,,0,0,Moderate
Acura,TLX A-Spec,2021,,Gasoline,2.0L I4 16V GDI DOHC Turbo,10-Speed Automatic,Red,Ebony,None reported,Yes,38781.0,5,,0,0,New
Acura,MDX w/Technology Package,2022,,Gasoline,3.5L 24V SOHC I-VTEC V6,2,Majestic Black Pearl,Espresso,None reported,,46598.0,4,,0,0,New
Chevrolet,Tahoe High Country,2021,,Gasoline,420.0HP 6.2L 8 Cylinder Engine Gasoline Fuel,10-Speed A/T,Black,Black,At least 1 accident or damage reported,Yes,67100.0,5,,0,0,New
Tesla,Model Y Long Range,2021,,,425.0HP Electric Motor Electric Fuel System,A/T,White,White,None reported,Yes,42000.0,5,,0,0,New
Mercedes-Benz,GLK-Class GLK 350,2013,,Gasoline,302.0HP 3.5L V6 Cylinder Engine Gasoline Fuel,A/T,Silver,Black,,,11495.0,13,,1,0,Old
Chevrolet,Traverse LS,2022,,Gasoline,3.6L V6 24V GDI DOHC,Automatic,Northsky Blue Metallic,Jet Black,None reported,,33299.0,4,,0,0,New
BMW,550 Gran Turismo i,2013,,Gasoline,445.0HP 4.4L 8 Cylinder Engine Gasoline Fuel,A/T,Gold,Brown,None reported,Yes,16800.0,13,,1,0,Old
Land,Rover Range Rover Sport HSE,2007,,Gasoline,300.0HP 4.4L 8 Cylinder Engine Gasoline Fuel,A/T,White,Beige,None reported,Yes,5750.0,19,,0,0,Old
BMW,430 i xDrive,2021,,Gasoline,255.0HP 2.0L 4 Cylinder Engine Gasoline Fuel,8-Speed A/T,Blue,White,None reported,Yes,43000.0,5,,1,0,New
Porsche,Cayman Base,2007,,Gasoline,245.0HP 2.7L Flat 6 Cylinder Engine Gasoline Fuel,M/T,Black,Gray,At least 1 accident or damage reported,Yes,24999.0,19,,0,0,Old
Ford,Expedition Max King Ranch,2021,,Gasoline,3.5L V6 24V PDI DOHC Twin Turbo,10-Speed Automatic,Black,Mesa,None reported,Yes,62595.0,5,,0,0,New
Rivian,R1S Adventure Package,2023,,,835.0HP Electric Motor Electric Fuel System,A/T,Red,Black,,,94000.0,3,,0,0,New
Mercedes-Benz,GLC 300 GLC 300,2021,,Gasoline,2.0 Liter Turbo,Automatic,Black,–,None reported,,42598.0,5,,1,0,New
Ford,Mustang Shelby GT500,2012,,Gasoline,550.0HP 5.4L 8 Cylinder Engine Gasoline Fuel,6-Speed M/T,Silver,Black,None reported,Yes,48000.0,14,,0,0,Old
Tesla,Model Y Long Range,2021,,,425.0HP Electric Motor Electric Fuel System,1-Speed A/T,Black,Black,At least 1 accident or damage reported,Yes,36300.0,5,,0,0,New
Nissan,370Z Base,2009,,Gasoline,332.0HP 3.7L V6 Cylinder Engine Gasoline Fuel,7-Speed A/T,Silver,Black,None reported,Yes,15900.0,17,,0,0,Old
Toyota,Sequoia Platinum,2014,,Gasoline,381.0HP 5.7L 8 Cylinder Engine Gasoline Fuel,A/T,Black,Gray,None reported,Yes,33000.0,12,,0,0,Old
Nissan,NV Passenger NV3500 HD SL V8,2020,,Gasoline,375.0HP 5.6L 8 Cylinder Engine Gasoline Fuel,A/T,Black,Gray,None reported,Yes,63900.0,6,,0,0,Moderate
Ford,Transit Connect XL w/Rear Symmetrical Doors,2022,,Gasoline,169.0HP 2.5L 4 Cylinder Engine Gasoline Fuel,A/T,White,Gray,None reported,Yes,33500.0,4,,0,0,New
INFINITI,QX80 Base,2014,,Gasoline,400.0HP 5.6L 8 Cylinder Engine Gasoline Fuel,7-Speed A/T,White,Beige,None reported,Yes,18900.0,12,,0,0,Old
Aston,Martin V8 Vantage Base,2008,,Gasoline,380.0HP 4.3L 8 Cylinder Engine Gasoline Fuel,6-Speed A/T,White,Black,At least 1 accident or damage reported,Yes,39000.0,18,,0,0,Old
Lotus,Evora 400 Base,2017,,Gasoline,400.0HP 3.5L V6 Cylinder Engine Gasoline Fuel,6-Speed M/T,Silver,Red,None reported,Yes,69250.0,9,,0,0,Moderate
Land,Rover Range Rover Velar P250 S R-Dynamic,2020,,Gasoline,247.0HP 2.0L 4 Cylinder Engine Gasoline Fuel,A/T,Red,White,None reported,Yes,45000.0,6,,0,0,Moderate
Nissan,Xterra S,2007,,Gasoline,261.0HP 4.0L V6 Cylinder Engine Gasoline Fuel,M/T,Gray,Gray,At least 1 accident or damage reported,Yes,6700.0,19,,0,0,Old
Dodge,Charger R/T,2012,,Gasoline,370.0HP 5.7L 8 Cylinder Engine Gasoline Fuel,5-Speed A/T,White,Black,At least 1 accident or damage reported,Yes,13500.0,14,,0,0,Old
Buick,Encore GX Essence,2022,,Gasoline,1.3L I3 12V GDI DOHC Turbo,Automatic CVT,Summit White,Whisper Beige,None reported,,31755.0,4,,0,0,New
Nissan,Leaf S,2018,,,147.0HP Electric Motor Electric Fuel System,A/T,Black,Black,At least 1 accident or damage reported,Yes,13999.0,8,,0,0,Moderate
Nissan,Leaf SL,2012,,,107.0HP Electric Motor Electric Fuel System,1-Speed A/T,Silver,Gray,None reported,Yes,4200.0,14,,0,0,Old
Jeep,Grand Wagoneer Series III,2022,,Gasoline,6.4 Liter,Automatic,Baltic Gray,Black,None reported,,83998.0,4,,0,0,New
Nissan,Z Proto Spec,2023,,Gasoline,400.0HP 3.0L V6 Cylinder Engine Gasoline Fuel,6-Speed M/T,Yellow,Black,None reported,Yes,65990.0,3,,0,0,New
Land,Rover Range Rover Sport HSE,2013,,Gasoline,"5L V-8 gasoline direct injection, DOHC, variable valve control,","Auto, 6-Spd w/CmdShft",Fuji White,–,None reported,,15900.0,13,,0,0,Old
Porsche,Boxster S,2003,,Gasoline,3.2L H6 24V MPFI DOHC,6-Speed Manual,Silver,Black,At least 1 accident or damage reported,Yes,22550.0,23,,0,0,Very Old
Bentley,Continental GT Base,2004,,Gasoline,550.0HP 6.0L 12 Cylinder Engine Gasoline Fuel,A/T,Silver,Black,None reported,Yes,37900.0,22,,0,0,Very Old
Jaguar,F-TYPE R,2018,,Gasoline,550.0HP 5.0L 8 Cylinder Engine Gasoline Fuel,8-Speed A/T,White,Black,None reported,Yes,53600.0,8,,0,0,Moderate
Cadillac,Escalade ESV Sport,2021,,Gasoline,420.0HP 6.2L 8 Cylinder Engine Gasoline Fuel,Transmission w/Dual Shift Mode,White,Black,None reported,Yes,85000.0,5,,0,0,New
Audi,TT 2.0T,2018,,Gasoline,220.0HP 2.0L 4 Cylinder Engine Gasoline Fuel,Transmission w/Dual Shift Mode,Gray,Black,None reported,Yes,31990.0,8,,1,0,Moderate
Jeep,Wrangler Unlimited Sahara,2020,,Gasoline,2.0L I4 16V GDI DOHC Turbo,8-Speed Automatic,Black Clearcoat,Black,None reported,Yes,35297.0,6,,0,0,Moderate
Audi,S6 4.0T,2016,,Gasoline,450.0HP 4.0L 8 Cylinder Engine Gasoline Fuel,7-Speed A/T,Black,Black,None reported,Yes,29995.0,10,,1,0,Moderate
GMC,Sierra 2500 SLE,2015,,E85 Flex Fuel,360.0HP 6.0L 8 Cylinder Engine Flex Fuel Capability,Transmission Overdrive Switch,Black,Beige,None reported,Yes,31900.0,11,,0,0,Old
Tesla,Model 3 Long Range,2022,,,Dual Motor - Standard,Automatic,Silver,Black,None reported,,44998.0,4,,0,0,New
Mazda,CX-90 Premium,2024,,Gasoline,2.5L,8-Speed Automatic,Machine Gray Metallic,Black,None reported,Yes,52991.0,2,,0,0,New
Ford,C-Max Energi SE,2017,,Plug-In Hybrid,188.0HP 2.0L 4 Cylinder Engine Plug-In Electric/Gas,CVT Transmission,Gray,Black,At least 1 accident or damage reported,Yes,11499.0,9,,0,0,Moderate
Cadillac,Escalade ESV Platinum,2018,,Gasoline,420.0HP 6.2L 8 Cylinder Engine Gasoline Fuel,10-Speed A/T,Black,Black,None reported,Yes,52000.0,8,,0,0,Moderate
Audi,TT 3.2 Cabriolet quattro,2008,,Gasoline,250.0HP 3.2L V6 Cylinder Engine Gasoline Fuel,6-Speed M/T,Black,Black,At least 1 accident or damage reported,Yes,10500.0,18,,1,0,Old
Hyundai,Santa Fe SE,2021,,Gasoline,2.5L I4 16V PDI DOHC,8-Speed Automatic,Twilight Black,Black,At least 1 accident or damage reported,Yes,25987.0,5,,0,0,New
Mercedes-Benz,AMG GLE AMG GLE 63 S-Model 4MATIC,2016,,Gasoline,577.0HP 5.5L 8 Cylinder Engine Gasoline Fuel,7-Speed A/T,Black,Black,None reported,Yes,46599.0,10,,1,0,Moderate
Mercedes-Benz,SL-Class SL 550,2015,,Gasoline,429.0HP 4.7L 8 Cylinder Engine Gasoline Fuel,7-Speed A/T,White,Beige,None reported,Yes,54500.0,11,,1,0,Old
Acura,MDX 3.5L Technology Package,2014,,Gasoline,290.0HP 3.5L V6 Cylinder Engine Gasoline Fuel,6-Speed A/T,Green,Beige,At least 1 accident or damage reported,Yes,17500.0,12,,0,0,Old
RAM,2500 Laramie,2019,,Diesel,6.7L I6 24V DDI OHV Turbo Diesel,6-Speed Automatic,Pearl White,Black,None reported,,67999.0,7,,0,0,Moderate
Audi,A7 Premium,2012,,Gasoline,310.0HP 3.0L V6 Cylinder Engine Gasoline Fuel,8-Speed A/T,Black,Brown,None reported,Yes,15500.0,14,,1,0,Old
BMW,M2 Base,2023,,Gasoline,453.0HP 3.0L Straight 6 Cylinder Engine Gasoline Fuel,6-Speed M/T,Gray,Black,None reported,Yes,73600.0,3,,1,0,New
RAM,1500 Laramie,2019,,Gasoline,5.7L V8 16V MPFI OHV,8-Speed Automatic,Diamond Black,Black,None reported,Yes,34918.0,7,,0,0,Moderate
Audi,Q5 2.0T Premium Plus,2013,,Gasoline,211.0HP 2.0L 4 Cylinder Engine Gasoline Fuel,8-Speed A/T,Brown,Beige,None reported,Yes,17000.0,13,,1,0,Old
Cadillac,XTS Luxury,2019,,Gasoline,304.0HP 3.6L V6 Cylinder Engine Gasoline Fuel,A/T,Black,Beige,At least 1 accident or damage reported,Yes,22500.0,7,,0,0,Moderate
Volkswagen,Jetta 1.4T SE,2016,,Gasoline,150.0HP 1.4L 4 Cylinder Engine Gasoline Fuel,Transmission w/Dual Shift Mode,Gray,Gray,At least 1 accident or damage reported,Yes,13000.0,10,,0,0,Moderate
Ford,Focus RS Base,2016,,Gasoline,350.0HP 2.3L 4 Cylinder Engine Gasoline Fuel,6-Speed M/T,Blue,Black,None reported,Yes,31700.0,10,,0,0,Moderate
Mercedes-Benz,AMG C 63 S,2017,,Gasoline,503.0HP 4.0L 8 Cylinder Engine Gasoline Fuel,7-Speed A/T,Gray,Black,None reported,Yes,64600.0,9,,1,0,Moderate
Ford,Bronco Sport Big Bend,2021,,Gasoline,1.5L I3 12V PDI DOHC Turbo,8-Speed Automatic,Maroon,Medium Dark Slate,At least 1 accident or damage reported,Yes,29614.0,5,,0,0,New
Jeep,Gladiator Overland,2021,,Gasoline,3.6L V6 24V MPFI DOHC,8-Speed Automatic,Firecracker Red Clearcoat,Black,None reported,Yes,43663.0,5,,0,0,New
BMW,330e iPerformance,2017,,Plug-In Hybrid,247.0HP 2.0L 4 Cylinder Engine Plug-In Electric/Gas,Transmission w/Dual Shift Mode,Silver,Black,None reported,Yes,20995.0,9,,1,0,Moderate
Mercedes-Benz,GLC 300 Base 4MATIC,2018,,Gasoline,2.0L I4 16V GDI DOHC Turbo,9-Speed Automatic,Gray,Black,None reported,,25625.0,8,,1,0,Moderate
Acura,MDX 3.7L Advance,2013,,Gasoline,300.0HP 3.7L V6 Cylinder Engine Gasoline Fuel,6-Speed A/T,Black,Black,None reported,Yes,33000.0,13,,0,0,Old
Genesis,G70 3.3T,2022,,Gasoline,365.0HP 3.3L V6 Cylinder Engine Gasoline Fuel,8-Speed A/T,Green,Beige,None reported,Yes,41000.0,4,,0,0,New
Lexus,LX 570 Three-Row,2021,,Gasoline,383.0HP 5.7L 8 Cylinder Engine Gasoline Fuel,A/T,Black,Black,None reported,Yes,98000.0,5,,1,0,New
Jeep,Grand Cherokee L Limited,2022,,Gasoline,293.0HP 3.6L V6 Cylinder Engine Gasoline Fuel,A/T,Gray,Black,None reported,Yes,43500.0,4,,0,0,New
Hyundai,IONIQ Plug-In Hybrid SEL,2022,,Plug-In Hybrid,139.0HP 1.6L 4 Cylinder Engine Plug-In Electric/Gas,A/T,Blue,Gray,At least 1 accident or damage reported,Yes,24999.0,4,,0,0,New
Kia,Sportage LX,2009,,Gasoline,173.0HP 2.7L V6 Cylinder Engine Gasoline Fuel,A/T,Gold,Gold,None reported,Yes,6975.0,17,,0,0,Old
BMW,X5 PHEV xDrive45e,2023,,Plug-In Hybrid,389.0HP 3.0L Straight 6 Cylinder Engine Plug-In Electric/Gas,8-Speed A/T,Blue,White,None reported,Yes,76500.0,3,,1,0,New
Ford,Expedition EL XLT,2014,,Gasoline,5.4 Liter,Automatic,Oxford White,Camel Leather,None reported,,23598.0,12,,0,0,Old
BMW,X6 M Base,2018,,Gasoline,567.0HP 4.4L 8 Cylinder Engine Gasoline Fuel,Transmission w/Dual Shift Mode,Gray,Brown,None reported,Yes,67250.0,8,,1,0,Moderate
Volkswagen,Eurovan MV,2001,,Gasoline,140.0HP 2.8L V6 Cylinder Engine Gasoline Fuel,A/T,Blue,Gray,None reported,Yes,14000.0,25,,0,0,Very Old
Rolls-Royce,Ghost Base,2010,,Gasoline,563.0HP 6.6L 12 Cylinder Engine Gasoline Fuel,8-Speed A/T,Silver,Black,None reported,Yes,69000.0,16,,0,0,Old
Lincoln,Navigator Reserve,2016,,Gasoline,380.0HP 3.5L V6 Cylinder Engine Gasoline Fuel,Transmission w/Dual Shift Mode,Gray,Beige,None reported,Yes,26500.0,10,,0,0,Moderate
Mercedes-Benz,GLA 250 Base 4MATIC,2022,,Gasoline,221.0HP 2.0L 4 Cylinder Engine Gasoline Fuel,8-Speed A/T,Black,Black,At least 1 accident or damage reported,Yes,39777.0,4,,1,0,New
RAM,1500 Big Horn,2022,,Gasoline,3.6L V6 24V MPFI DOHC,Automatic,Diamond Black,Black,None reported,Yes,41741.0,4,,0,0,New
Jeep,Grand Cherokee L Summit,2022,,Gasoline,3.6L V6 24V MPFI DOHC,Automatic,Diamond Black,Tupelo,None reported,,56740.0,4,,0,0,New
Volvo,S80 3.2,2010,,Gasoline,235.0HP 3.2L Straight 6 Cylinder Engine Gasoline Fuel,A/T,Brown,Beige,None reported,Yes,5800.0,16,,0,0,Old
Subaru,BRZ Premium,2014,,Gasoline,200.0HP 2.0L 4 Cylinder Engine Gasoline Fuel,6-Speed M/T,Blue,Black,At least 1 accident or damage reported,Yes,25000.0,12,,0,0,Old
Chevrolet,Corvette Base,1998,,Gasoline,340.0HP 5.7L 8 Cylinder Engine Gasoline Fuel,4-Speed A/T,Red,Black,None reported,Yes,39500.0,28,,0,0,Very Old
Hummer,H2 SUT,2006,,Gasoline,325.0HP 6.0L 8 Cylinder Engine Gasoline Fuel,4-Speed A/T,Red,Beige,None reported,Yes,29994.0,20,,0,0,Old
Ford,Edge Sport,2011,,Gasoline,305.0HP 3.7L V6 Cylinder Engine Gasoline Fuel,Transmission w/Dual Shift Mode,Black,Black,At least 1 accident or damage reported,Yes,10999.0,15,,0,0,Old
GMC,Terrain SLT,2010,,Gasoline,182.0HP 2.4L 4 Cylinder Engine Gasoline Fuel,6-Speed A/T,Red,Brown,None reported,Yes,6500.0,16,,0,0,Old
Land,Rover Range Rover 5.0L Supercharged Autobiography LWB,2018,,Gasoline,518.0HP 5.0L 8 Cylinder Engine Gasoline Fuel,8-Speed A/T,Blue,Blue,,,72567.0,8,,0,0,Moderate
Jeep,Grand Cherokee WK Laredo X,2022,,Gasoline,293.0HP 3.6L V6 Cylinder Engine Gasoline Fuel,8-Speed A/T,Black,Black,None reported,Yes,37500.0,4,,0,0,New
BMW,M4 Base,2020,,Gasoline,425.0HP 3.0L Straight 6 Cylinder Engine Gasoline Fuel,7-Speed A/T,Silver,Black,None reported,Yes,63999.0,6,,1,0,Moderate
Chevrolet,Camaro 1LT,2021,,Gasoline,335.0HP 3.6L V6 Cylinder Engine Gasoline Fuel,M/T,Black,Black,None reported,Yes,29900.0,5,,0,0,New
BMW,X6 M Base,2018,,Gasoline,567.0HP 4.4L 8 Cylinder Engine Gasoline Fuel,8-Speed A/T,Blue,Black,None reported,Yes,54000.0,8,,1,0,Moderate
Mercedes-Benz,CLK-Class 550,2007,,Gasoline,382.0HP 5.5L 8 Cylinder Engine Gasoline Fuel,7-Speed A/T,Silver,Black,At least 1 accident or damage reported,Yes,10000.0,19,,1,0,Old
RAM,1500 TRX,2022,,Gasoline,"HEMI 6.2L V-8 intercooled supercharger, premium unleaded, engine","Automatic, 8-Spd",Flame Red Clearcoat,BLACK,None reported,,81900.0,4,,0,0,New
Audi,RS 7 4.0T Prestige,2016,,Gasoline,560.0HP 4.0L 8 Cylinder Engine Gasoline Fuel,8-Speed A/T,Gray,Black,None reported,Yes,67000.0,10,,1,0,Moderate
Porsche,Macan S,2020,,Gasoline,3.0 Liter,Automatic,–,–,None reported,,55998.0,6,,0,0,Moderate
Genesis,GV70 3.5T Sport,2022,,Gasoline,375.0HP 3.5L V6 Cylinder Engine Gasoline Fuel,A/T,White,Black,None reported,Yes,50500.0,4,,0,0,New
Aston,Martin V8 Vantage Base,2008,,Gasoline,380.0HP 4.3L 8 Cylinder Engine Gasoline Fuel,M/T,Red,Beige,At least 1 accident or damage reported,Yes,33995.0,18,,0,0,Old
Nissan,350Z Touring,2006,,Gasoline,300.0HP 3.5L V6 Cylinder Engine Gasoline Fuel,6-Speed M/T,Silver,Gray,None reported,Yes,10200.0,20,,0,0,Old
Toyota,Sequoia SR5,2013,,E85 Flex Fuel,381.0HP 5.7L 8 Cylinder Engine Flex Fuel Capability,A/T,White,Gray,At least 1 accident or damage reported,Yes,18800.0,13,,0,0,Old
Chevrolet,Tahoe Premier,2021,,Gasoline,355.0HP 5.3L 8 Cylinder Engine Gasoline Fuel,10-Speed A/T,Gray,Gray,None reported,Yes,62900.0,5,,0,0,New
Jeep,Compass Limited,2020,,Gasoline,2.4L I4 16V MPFI SOHC,9-Speed Automatic,White Clearcoat,Black,None reported,,24590.0,6,,0,0,Moderate
BMW,430 430i,2022,,Gasoline,2.0 Liter Turbo,Automatic,Black,Black,None reported,,47998.0,4,,1,0,New
Ford,Bronco Sport Outer Banks,2021,,Gasoline,1.5L I3 12V PDI DOHC Turbo,8-Speed Automatic,Rapid Red Metallic Tinted Clearcoat,Navy Pier,None reported,,33410.0,5,,0,0,New
Mercedes-Benz,AMG C 63 Base,2017,,Gasoline,469.0HP 4.0L 8 Cylinder Engine Gasoline Fuel,A/T,White,Black,At least 1 accident or damage reported,Yes,42000.0,9,,1,0,Moderate
Volvo,S40 T5,2005,,Gasoline,218.0HP 2.5L 5 Cylinder Engine Gasoline Fuel,6-Speed M/T,Red,Beige,None reported,Yes,3550.0,21,,0,0,Very Old
Mercedes-Benz,GLE 350 Base 4MATIC,2017,,Gasoline,302.0HP 3.5L V6 Cylinder Engine Gasoline Fuel,7-Speed A/T,White,Black,At least 1 accident or damage reported,Yes,29500.0,9,,1,0,Moderate
Chevrolet,Silverado 1500 1LT,2017,,Gasoline,355.0HP 5.3L 8 Cylinder Engine Gasoline Fuel,6-Speed A/T,Gray,Gray,None reported,Yes,29999.0,9,,0,0,Moderate
Chevrolet,Tahoe LTZ,2015,,Gasoline,355.0HP 5.3L 8 Cylinder Engine Gasoline Fuel,A/T,Black,Black,None reported,Yes,28000.0,11,,0,0,Old
Acura,MDX Technology,2022,,Gasoline,3.5L V6 24V GDI SOHC,10-Speed Automatic,Majestic Black Pearl,Parchment,None reported,,47950.0,4,,0,0,New
Genesis,GV70 2.5T,2022,,Gasoline,300.0HP 2.5L 4 Cylinder Engine Gasoline Fuel,Transmission w/Dual Shift Mode,White,Black,None reported,Yes,44249.0,4,,0,0,New
Pontiac,Firebird Base,1999,,Gasoline,200.0HP 3.8L V6 Cylinder Engine Gasoline Fuel,4-Speed A/T,White,Black,At least 1 accident or damage reported,Yes,2500.0,27,,0,0,Very Old
Lexus,GX 460 Base,2021,,Gasoline,4.6 Liter,Automatic,Black,Black,None reported,,51998.0,5,,1,0,New
BMW,ALPINA B7 ALPINA B7 xDrive,2020,,Gasoline,4.4 Liter Twin Turbo,Automatic,Blue,Red,None reported,,85998.0,6,,1,0,Moderate
BMW,M4 Competition xDrive,2023,,Gasoline,503.0HP 3.0L Straight 6 Cylinder Engine Gasoline Fuel,8-Speed A/T,Gray,White,None reported,Yes,92900.0,3,,1,0,New
Jeep,Grand Cherokee L Limited,2021,,Gasoline,3.6L V6 24V MPFI DOHC,8-Speed Automatic,Silver Zynith,Global Black,None reported,,38383.0,5,,0,0,New
Kia,Forte GT-Line,2022,,Gasoline,147.0HP 2.0L 4 Cylinder Engine Gasoline Fuel,A/T,Silver,Gray,At least 1 accident or damage reported,Yes,24000.0,4,,0,0,New
Kia,Forte LX,2018,,Gasoline,"2L I-4 DOHC, D-CVVT variable valve control, engine with 147HP",Automatic,Silky Silver,Black,None reported,,14699.0,8,,0,0,Moderate
BMW,X6 M Base,2022,,Gasoline,4.4L V8 32V GDI DOHC Twin Turbo,8-Speed Automatic,Ametrin Metallic,Black,None reported,,98900.0,4,,1,0,New
RAM,ProMaster 3500 High Roof,2021,,Gasoline,280.0HP 3.6L V6 Cylinder Engine Gasoline Fuel,A/T,White,Black,None reported,Yes,41950.0,5,,0,0,New
Volkswagen,Atlas Cross Sport 3.6L V6 SEL Premium,2021,,Gasoline,3.6L V6 24V GDI DOHC,8-Speed Automatic,Deep Black Pearl Effect,Titan Black / Quarzit,None reported,,38322.0,5,,0,0,New
Hyundai,Santa Fe SEL,2021,,Gasoline,2.5L I4 16V PDI DOHC,8-Speed Automatic,Shimmering Silver,Black,None reported,,27599.0,5,,0,0,New
Jaguar,XF 3.0 Portfolio,2015,,Gasoline,340.0HP 3.0L V6 Cylinder Engine Gasoline Fuel,A/T,Brown,Black,At least 1 accident or damage reported,Yes,21000.0,11,,0,0,Old
Audi,A7 55 Premium Plus,2022,,Hybrid,335.0HP 3.0L V6 Cylinder Engine Gasoline/Mild Electric Hybrid,A/T,Gray,Black,None reported,Yes,63000.0,4,,1,0,New
INFINITI,QX30 Premium,2017,,Gasoline,208.0HP 2.0L 4 Cylinder Engine Gasoline Fuel,7-Speed A/T,Gray,Black,None reported,Yes,22000.0,9,,0,0,Moderate
Mercedes-Benz,AMG C 43 AMG C 43 4MATIC,2019,,Gasoline,385.0HP 3.0L V6 Cylinder Engine Gasoline Fuel,9-Speed A/T,Black,Black,None reported,Yes,43500.0,7,,1,0,Moderate
Mitsubishi,Lancer Evolution Base,2003,,Gasoline,271.0HP 2.0L 4 Cylinder Engine Gasoline Fuel,5-Speed M/T,Blue,Black,At least 1 accident or damage reported,Yes,28000.0,23,,0,0,Very Old
Jeep,Wrangler Unlimited Sport,2013,,Gasoline,3.6L V6 24V MPFI DOHC,5-Speed Automatic,Gecko Pearlcoat,Black,None reported,,24590.0,13,,0,0,Old
Audi,A3 2.0 TDI Premium Plus,2015,,Diesel,150.0HP 2.0L 4 Cylinder Engine Diesel Fuel,6-Speed A/T,Black,Black,At least 1 accident or damage reported,Yes,18999.0,11,,1,0,Old
Volkswagen,Jetta GLX VR6,2002,,Gasoline,174.0HP 2.8L V6 Cylinder Engine Gasoline Fuel,5-Speed M/T,Black,Black,None reported,Yes,4300.0,24,,0,0,Very Old
BMW,ALPINA B7 ALPINA B7 xDrive,2020,,Gasoline,4.4 Liter Twin Turbo,Automatic,Black,Mocha,None reported,,68998.0,6,,1,0,Moderate
Mercedes-Benz,CLA-Class CLA 250,2014,,Gasoline,208.0HP 2.0L 4 Cylinder Engine Gasoline Fuel,A/T,White,White,None reported,Yes,15000.0,12,,1,0,Old
BMW,i8 Base,2019,,Plug-In Hybrid,369.0HP 1.5L 3 Cylinder Engine Plug-In Electric/Gas,6-Speed A/T,Black,Black,,,85000.0,7,,1,0,Moderate
Lexus,CT 200h Premium,2015,,Hybrid,134.0HP 1.8L 4 Cylinder Engine Gas/Electric Hybrid,A/T,Black,Black,At least 1 accident or damage reported,Yes,16500.0,11,,1,0,Old
Toyota,Tundra SR5,2022,,Gasoline,3.4L V6 24V PDI DOHC Twin Turbo,10-Speed Automatic,Gray,Black,None reported,,44999.0,4,,0,0,New
Mercedes-Benz,SLC 300 Base,2019,,Gasoline,241.0HP 2.0L 4 Cylinder Engine Gasoline Fuel,9-Speed A/T,White,Black,None reported,Yes,35999.0,7,,1,0,Moderate
Mercedes-Benz,AMG C AMG C 63 S,2016,,Gasoline,4.0L V8 32V GDI DOHC Twin Turbo,7-Speed Automatic,Black,Black,At least 1 accident or damage reported,,47999.0,10,,1,0,Moderate
Ford,F-150 XLT,2020,,Gasoline,3.5L V6 24V PDI DOHC Twin Turbo,Automatic,Gray,Medium Light Camel,None reported,Yes,36994.0,6,,0,0,Moderate
Mazda,CX-9 Grand Touring,2010,,Gasoline,273.0HP 3.7L V6 Cylinder Engine Gasoline Fuel,6-Speed A/T,Silver,Black,None reported,Yes,8300.0,16,,0,0,Old
Honda,Ridgeline RTL-E,2019,,Gasoline,3.5L V6 24V GDI SOHC,6-Speed Automatic,Black,Black,None reported,,35557.0,7,,0,0,Moderate
MINI,Cooper S Clubman Base,2009,,Gasoline,172.0HP 1.6L 4 Cylinder Engine Gasoline Fuel,6-Speed M/T,Gold,Black,None reported,Yes,6880.0,17,,0,0,Old
Nissan,Murano SL,2005,,Gasoline,245.0HP 3.5L V6 Cylinder Engine Gasoline Fuel,CVT Transmission,Black,Beige,None reported,Yes,3950.0,21,,0,0,Very Old
Nissan,Juke SV,2011,,Gasoline,188.0HP 1.6L 4 Cylinder Engine Gasoline Fuel,CVT Transmission,White,Gray,None reported,Yes,3200.0,15,,0,0,Old
Ford,Expedition Max Limited,2019,,Gasoline,375.0HP 3.5L V6 Cylinder Engine Gasoline Fuel,10-Speed A/T,Gray,Black,None reported,Yes,40500.0,7,,0,0,Moderate
Ford,Expedition Max King Ranch,2020,,Gasoline,375.0HP 3.5L V6 Cylinder Engine Gasoline Fuel,10-Speed A/T,Gray,Brown,At least 1 accident or damage reported,Yes,53722.0,6,,0,0,Moderate
Chevrolet,Suburban LT,2017,,Gasoline,355.0HP 5.3L 8 Cylinder Engine Gasoline Fuel,Transmission Overdrive Switch,Black,Black,At least 1 accident or damage reported,Yes,26000.0,9,,0,0,Moderate
BMW,M760 i xDrive,2019,,Gasoline,601.0HP 6.6L 12 Cylinder Engine Gasoline Fuel,Transmission w/Dual Shift Mode,Black,Black,At least 1 accident or damage reported,Yes,81330.0,7,,1,0,Moderate
Genesis,GV70 2.5T,2022,,Gasoline,300.0HP 2.5L 4 Cylinder Engine Gasoline Fuel,A/T,White,–,At least 1 accident or damage reported,Yes,48950.0,4,,0,0,New
Chevrolet,Tahoe LT,2011,,E85 Flex Fuel,320.0HP 5.3L 8 Cylinder Engine Flex Fuel Capability,A/T,Red,Black,At least 1 accident or damage reported,Yes,18500.0,15,,0,0,Old
Dodge,Durango GT,2017,,Gasoline,295.0HP 3.6L V6 Cylinder Engine Gasoline Fuel,A/T,White,Black,At least 1 accident or damage reported,Yes,30000.0,9,,0,0,Moderate
Porsche,718 Cayman GTS,2018,,Gasoline,365.0HP 2.5L 4 Cylinder Engine Gasoline Fuel,Transmission w/Dual Shift Mode,Red,Black,None reported,Yes,85500.0,8,,0,0,Moderate
Porsche,Cayman Base,2011,,Gasoline,265.0HP 2.9L Flat 6 Cylinder Engine Gasoline Fuel,A/T,Red,Beige,None reported,Yes,32000.0,15,,0,0,Old
Porsche,Panamera Turbo,2010,,Gasoline,500.0HP 4.8L 8 Cylinder Engine Gasoline Fuel,7-Speed A/T,Black,Beige,At least 1 accident or damage reported,Yes,38500.0,16,,0,0,Old
Lexus,ES 350 Base,2016,,Gasoline,268.0HP 3.5L V6 Cylinder Engine Gasoline Fuel,6-Speed A/T,White,Beige,None reported,Yes,25500.0,10,,1,0,Moderate
Kia,Optima Hybrid LX,2013,,Hybrid,199.0HP 2.4L 4 Cylinder Engine Gas/Electric Hybrid,A/T,Silver,Beige,At least 1 accident or damage reported,Yes,9200.0,13,,0,0,Old
Land,Rover Range Rover Velar R-Dynamic SE,2019,,Gasoline,2.0 Liter,Automatic,Black,Black,None reported,,35998.0,7,,0,0,Moderate
Jaguar,XF S,2017,,Gasoline,380.0HP 3.0L V6 Cylinder Engine Gasoline Fuel,Transmission w/Dual Shift Mode,Gray,Red,None reported,Yes,34000.0,9,,0,0,Moderate
Lexus,GX 470 Base,2005,,Gasoline,270.0HP 4.7L 8 Cylinder Engine Gasoline Fuel,A/T,Silver,Gray,At least 1 accident or damage reported,Yes,13450.0,21,,1,0,Very Old
Mercedes-Benz,GL-Class GL 550,2011,,Gasoline,382.0HP 5.5L 8 Cylinder Engine Gasoline Fuel,7-Speed A/T,Black,Black,None reported,Yes,17500.0,15,,1,0,Old
RAM,1500 Longhorn,2023,,Gasoline,5.7L V8 16V MPFI OHV,Automatic,Delmonico Red Pearlcoat,Black / Saddle,None reported,Yes,65688.0,3,,0,0,New
Toyota,Highlander Hybrid Limited Platinum,2017,,Hybrid,3.5L V6 24V PDI DOHC Hybrid,Automatic CVT,Shoreline Blue Pearl,Ash,None reported,,37999.0,9,,0,0,Moderate
Audi,e-tron Prestige,2019,,,355.0HP Electric Motor Electric Fuel System,A/T,White,Beige,At least 1 accident or damage reported,Yes,39990.0,7,,1,0,Moderate
GMC,Suburban 2500,1996,,Gasoline,290.0HP 7.4L 8 Cylinder Engine Gasoline Fuel,4-Speed A/T,White,Gray,None reported,Yes,25000.0,30,,0,0,Very Old
Land,Rover Range Rover Velar SVAutobiography Dynamic Edition,2020,,Gasoline,V8,Automatic,Santorini Black,Ebony / Pimento,None reported,Yes,72995.0,6,,0,0,Moderate
Chevrolet,Bolt EUV Premier,2022,,,200.0HP Electric Motor Electric Fuel System,1-Speed A/T,Red,White,None reported,Yes,36000.0,4,,0,0,New
BMW,M240 i,2019,,Gasoline,335.0HP 3.0L Straight 6 Cylinder Engine Gasoline Fuel,8-Speed A/T,White,Red,None reported,Yes,36000.0,7,,1,0,Moderate
Cadillac,Escalade EXT Base,2009,,E85 Flex Fuel,403.0HP 6.2L 8 Cylinder Engine Flex Fuel Capability,6-Speed A/T,Red,Beige,At least 1 accident or damage reported,Yes,16900.0,17,,0,0,Old
Scion,tC Release Series 6.0,2010,,Gasoline,161.0HP 2.4L 4 Cylinder Engine Gasoline Fuel,4-Speed A/T,Gray,Black,At least 1 accident or damage reported,Yes,6500.0,16,,0,0,Old
Kia,Optima EX,2012,,Gasoline,200.0HP 2.4L 4 Cylinder Engine Gasoline Fuel,6-Speed A/T,White,Beige,None reported,Yes,10900.0,14,,0,0,Old
Honda,Civic EX,1993,,–,–,A/T,White,Beige,None reported,Yes,9599.0,33,,0,0,Very Old
Porsche,Panamera Turbo,2015,,Gasoline,520.0HP 4.8L 8 Cylinder Engine Gasoline Fuel,Transmission w/Dual Shift Mode,Black,Brown,None reported,Yes,50000.0,11,,0,0,Old
Genesis,G70 2.0T,2023,,Gasoline,252.0HP 2.0L 4 Cylinder Engine Gasoline Fuel,8-Speed A/T,Green,Gray,None reported,Yes,43499.0,3,,0,0,New
Chevrolet,Trailblazer LS,2021,,Gasoline,1.2L I3 12V GDI DOHC Turbo,Automatic CVT,Mosaic Black Metallic,Jet Black,At least 1 accident or damage reported,Yes,22995.0,5,,0,0,New
Toyota,Camry LE,2005,,Gasoline,160.0HP 2.4L 4 Cylinder Engine Gasoline Fuel,5-Speed A/T,Beige,Gray,None reported,Yes,7850.0,21,,0,0,Very Old
Toyota,Sienna LE,2015,,Gasoline,266.0HP 3.5L V6 Cylinder Engine Gasoline Fuel,A/T,Red,Gray,None reported,Yes,18300.0,11,,0,0,Old
Porsche,911 Carrera S,2014,,Gasoline,400.0HP 3.8L Flat 6 Cylinder Engine Gasoline Fuel,7-Speed A/T,Black,Brown,None reported,Yes,78500.0,12,,0,0,Old
Volvo,V60 T6 R-Design Platinum,2015,,Gasoline,325.0HP 3.0L Straight 6 Cylinder Engine Gasoline Fuel,6-Speed A/T,Blue,Black,None reported,Yes,29900.0,11,,0,0,Old
BMW,330e iPerformance,2017,,Plug-In Hybrid,247.0HP 2.0L 4 Cylinder Engine Plug-In Electric/Gas,Transmission w/Dual Shift Mode,Blue,Black,At least 1 accident or damage reported,Yes,24950.0,9,,1,0,Moderate
Tesla,Model Y Long Range,2020,,,425.0HP Electric Motor Electric Fuel System,A/T,Blue,White,None reported,Yes,36495.0,6,,0,0,Moderate
FIAT,124 Spider Abarth,2017,,Gasoline,164.0HP 1.4L 4 Cylinder Engine Gasoline Fuel,6-Speed M/T,Gray,Black,At least 1 accident or damage reported,Yes,22500.0,9,,0,0,Moderate
Dodge,Ram 1500 Quad Cab,2002,,Gasoline,245.0HP 5.9L 8 Cylinder Engine Gasoline Fuel,A/T,Black,Black,At least 1 accident or damage reported,Yes,6500.0,24,,0,0,Very Old
Toyota,Supra A91-MT Edition,2023,,Gasoline,382.0HP 3.0L Straight 6 Cylinder Engine Gasoline Fuel,6-Speed M/T,Gray,Orange,None reported,Yes,84900.0,3,,0,0,New
BMW,X7 xDrive40i,2022,,Hybrid,3.0 Liter Turbo,Automatic,Gray,Blk,None reported,,66998.0,4,,1,0,New
Jeep,Wrangler Unlimited X,2007,,Gasoline,205.0HP 3.8L V6 Cylinder Engine Gasoline Fuel,A/T,Black,Gray,None reported,Yes,15750.0,19,,0,0,Old
MINI,Countryman Cooper S ALL4,2014,,Gasoline,181.0HP 1.6L 4 Cylinder Engine Gasoline Fuel,Transmission w/Dual Shift Mode,White,Black,None reported,Yes,17000.0,12,,0,0,Old
Nissan,Maxima SV,2012,,Gasoline,290.0HP 3.5L V6 Cylinder Engine Gasoline Fuel,CVT Transmission,Black,Black,At least 1 accident or damage reported,Yes,17000.0,14,,0,0,Old
Toyota,Camry Solara SLE V6,2006,,Gasoline,225.0HP 3.3L V6 Cylinder Engine Gasoline Fuel,A/T,Blue,Gray,At least 1 accident or damage reported,Yes,6500.0,20,,0,0,Old
Maserati,Grecale Modena,2023,,Hybrid,325.0HP 2.0L 4 Cylinder Engine Gasoline/Mild Electric Hybrid,Transmission w/Dual Shift Mode,Black,Red,None reported,Yes,75000.0,3,,0,0,New
Lexus,RX 450h Base,2022,,Hybrid,308.0HP 3.5L V6 Cylinder Engine Gas/Electric Hybrid,CVT Transmission,White,Beige,None reported,Yes,52000.0,4,,1,0,New
BMW,328 i xDrive,2013,,Gasoline,240.0HP 2.0L 4 Cylinder Engine Gasoline Fuel,Transmission w/Dual Shift Mode,Black,Black,At least 1 accident or damage reported,Yes,13500.0,13,,1,0,Old
BMW,135 i,2009,,Gasoline,300.0HP 3.0L Straight 6 Cylinder Engine Gasoline Fuel,6-Speed A/T,Gray,Gray,None reported,Yes,15500.0,17,,1,0,Old
BMW,X7 M50i,2021,,Gasoline,4.4 Liter Twin Turbo,Automatic,Gray,Black,None reported,,94998.0,5,,1,0,New
Hyundai,Tucson Hybrid SEL Convenience,2023,,Hybrid,226.0HP 1.6L 4 Cylinder Engine Gas/Electric Hybrid,A/T,White,Black,None reported,Yes,44000.0,3,,0,0,New
Volvo,C30 T5 Premier Plus,2013,,Gasoline,227.0HP 2.5L 5 Cylinder Engine Gasoline Fuel,A/T,Silver,Black,None reported,Yes,13900.0,13,,0,0,Old
Karma,Revero Base,2018,,,403.0HP 2.0L Electric Motor Electric Fuel System,A/T,White,Black,None reported,Yes,51000.0,8,,0,0,Moderate
BMW,X7 xDrive40i,2021,,Hybrid,3.0 Liter Turbo,Automatic,Blue,Tan,None reported,,63598.0,5,,1,0,New
Ford,Mustang Mach-E California Route 1,2021,,,290.0HP Electric Motor Electric Fuel System,1-Speed A/T,White,Black,None reported,Yes,38000.0,5,,0,0,New
BMW,740 i,2016,,Gasoline,320.0HP 3.0L Straight 6 Cylinder Engine Gasoline Fuel,Transmission w/Dual Shift Mode,Black,Black,None reported,Yes,23999.0,10,,1,0,Moderate
Ford,Edge SEL,2019,,Gasoline,2.0L I4 16V GDI DOHC Turbo,8-Speed Automatic,White Platinum Tri-Coat Metallic,Ebony,None reported,,24998.0,7,,0,0,Moderate
Volkswagen,Arteon 2.0T SEL Premium R-Line,2020,,Gasoline,2.0L I4 16V GDI DOHC Turbo,8-Speed Automatic,Deep Black Pearl Effect,Mistral Gray / Raven,At least 1 accident or damage reported,Yes,34645.0,6,,0,0,Moderate
Honda,Pilot EX,2004,,Gasoline,240.0HP 3.5L V6 Cylinder Engine Gasoline Fuel,A/T,Blue,Gray,At least 1 accident or damage reported,Yes,10500.0,22,,0,0,Very Old
RAM,2500 Tradesman,2022,,Gasoline,410.0HP 6.4L 8 Cylinder Engine Gasoline Fuel,8-Speed A/T,Red,Black,None reported,Yes,48000.0,4,,0,0,New
Jeep,Grand Cherokee Limited,2018,,Gasoline,293.0HP 3.6L V6 Cylinder Engine Gasoline Fuel,8-Speed A/T,White,Black,None reported,Yes,26500.0,8,,0,0,Moderate
GMC,Yukon Denali,2019,,Gasoline,420.0HP 6.2L 8 Cylinder Engine Gasoline Fuel,10-Speed A/T,Red,Black,None reported,Yes,57850.0,7,,0,0,Moderate
BMW,M6 Base,2015,,Gasoline,560.0HP 4.4L 8 Cylinder Engine Gasoline Fuel,Transmission w/Dual Shift Mode,Silver,Silver,None reported,Yes,45950.0,11,,1,0,Old
Acura,MDX 3.5L w/Advance & Entertainment Pkgs,2017,,Gasoline,3.5L V6 24V GDI SOHC,9-Speed Automatic,Gray,Graystone,At least 1 accident or damage reported,,24840.0,9,,0,0,Moderate
Volkswagen,Beetle 1.8T,2016,,Gasoline,170.0HP 1.8L 4 Cylinder Engine Gasoline Fuel,Transmission w/Dual Shift Mode,Blue,Beige,At least 1 accident or damage reported,Yes,19000.0,10,,0,0,Moderate
Ford,Mustang GT Premium,2012,,Gasoline,412.0HP 5.0L 8 Cylinder Engine Gasoline Fuel,6-Speed M/T,Silver,Black,None reported,Yes,19000.0,14,,0,0,Old
BMW,X7 xDrive50i,2019,,Gasoline,4.4 Liter GDI DOHC Twin Turbo,Automatic,Black,Blk,None reported,,65998.0,7,,1,0,Moderate
Kia,Sorento LX V6,2019,,Gasoline,3.3L V6 24V GDI DOHC,8-Speed Automatic,Sparkling Silver,Satin Black,At least 1 accident or damage reported,,20708.0,7,,0,0,Moderate
BMW,435 i,2014,,Gasoline,300.0HP 3.0L Straight 6 Cylinder Engine Gasoline Fuel,A/T,Gray,Red,At least 1 accident or damage reported,Yes,17995.0,12,,1,0,Old
Aston,Martin V8 Vantage Base,2010,,Gasoline,420.0HP 4.7L 8 Cylinder Engine Gasoline Fuel,6-Speed A/T,Silver,Black,None reported,Yes,69995.0,16,,0,0,Old
Mercedes-Benz,CLK-Class CLK 350,2008,,Gasoline,268.0HP 3.5L V6 Cylinder Engine Gasoline Fuel,7-Speed A/T,Black,Black,None reported,Yes,8400.0,18,,1,0,Old
BMW,740 i,2018,,Gasoline,320.0HP 3.0L Straight 6 Cylinder Engine Gasoline Fuel,8-Speed A/T,Black,Gold,None reported,Yes,35000.0,8,,1,0,Moderate
Dodge,Caliber Express,2010,,Gasoline,158.0HP 2.0L 4 Cylinder Engine Gasoline Fuel,M/T,Red,Black,None reported,Yes,6000.0,16,,0,0,Old
Acura,ZDX Base,2010,,Gasoline,300.0HP 3.7L V6 Cylinder Engine Gasoline Fuel,Transmission w/Dual Shift Mode,Black,Black,At least 1 accident or damage reported,Yes,13888.0,16,,0,0,Old
Jeep,Wrangler X,2005,,Gasoline,190.0HP 4.0L Straight 6 Cylinder Engine Gasoline Fuel,4-Speed A/T,Black,–,At least 1 accident or damage reported,Yes,7200.0,21,,0,0,Very Old
BMW,M3 Base,2011,,Gasoline,414.0HP 4.0L 8 Cylinder Engine Gasoline Fuel,6-Speed M/T,Silver,Black,At least 1 accident or damage reported,Yes,21900.0,15,,1,0,Old
Kia,Sportage Plug-In Hybrid X-Line,2023,,Plug-In Hybrid,177.0HP 1.6L 4 Cylinder Engine Plug-In Electric/Gas,A/T,Black,Black,None reported,Yes,41000.0,3,,0,0,New
Ford,Mustang Mach-E Premium,2021,,,266.0HP Electric Motor Electric Fuel System,A/T,Red,Black,None reported,Yes,41999.0,5,,0,0,New
BMW,M3 Base,2011,,Gasoline,414.0HP 4.0L 8 Cylinder Engine Gasoline Fuel,Transmission w/Dual Shift Mode,Gray,Red,None reported,Yes,34950.0,15,,1,0,Old
Jeep,Wrangler Rubicon,2023,,Hybrid,285.0HP 3.6L V6 Cylinder Engine Gasoline/Mild Electric Hybrid,8-Speed A/T,Gray,Black,None reported,Yes,46000.0,3,,0,0,New
Porsche,Panamera 4 Platinum Edition,2022,,Gasoline,"2.9L V-6 gasoline direct injection, DOHC, variable valve control","Automatic, 8-Spd PDK Dual-Clutch",Chalk,BLACK,None reported,,99000.0,4,,0,0,New
Ford,Explorer XLT,2020,,Gasoline,2.3L I4 16V GDI DOHC Turbo,10-Speed Automatic,Oxford White,Sandstone,None reported,,28590.0,6,,0,0,Moderate
BMW,M4 Base,2018,,Gasoline,425.0HP 3.0L Straight 6 Cylinder Engine Gasoline Fuel,7-Speed A/T,Black,Black,At least 1 accident or damage reported,Yes,62000.0,8,,1,0,Moderate
Ford,Mustang Mach-E Premium,2022,,,346.0HP Electric Motor Electric Fuel System,1-Speed A/T,White,White,None reported,Yes,42500.0,4,,0,0,New
FIAT,500e Battery Electric,2017,,,111.0HP Electric Motor Electric Fuel System,1-Speed A/T,Silver,Black,None reported,Yes,14999.0,9,,0,0,Moderate
Cadillac,Escalade Luxury,2015,,Gasoline,420.0HP 6.2L 8 Cylinder Engine Gasoline Fuel,8-Speed A/T,Black,Black,None reported,Yes,26950.0,11,,0,0,Old
Mercedes-Benz,SL-Class SL 550,2014,,Gasoline,429.0HP 4.7L 8 Cylinder Engine Gasoline Fuel,Transmission w/Dual Shift Mode,White,White,None reported,Yes,29000.0,12,,1,0,Old
Ford,Expedition Limited,2021,,Gasoline,3.5L V6 24V PDI DOHC Twin Turbo,10-Speed Automatic,Gray,Medium Stone,None reported,Yes,59203.0,5,,0,0,New
Rivian,R1S Adventure Package,2023,,,835.0HP Electric Motor Electric Fuel System,1-Speed A/T,Silver,White,None reported,Yes,91000.0,3,,0,0,New
BMW,M6 Base,2014,,Gasoline,560.0HP 4.4L 8 Cylinder Engine Gasoline Fuel,Transmission w/Dual Shift Mode,Black,Black,None reported,Yes,39985.0,12,,1,0,Old
Ford,Bronco Wildtrak Advanced,2022,,Gasoline,315.0HP 2.7L V6 Cylinder Engine Gasoline Fuel,Transmission w/Dual Shift Mode,Gray,–,At least 1 accident or damage reported,Yes,68995.0,4,,0,0,New
Lexus,LC 500 Base,2021,,Gasoline,471.0HP 5.0L 8 Cylinder Engine Gasoline Fuel,A/T,White,Red,None reported,Yes,81900.0,5,,1,0,New
Lexus,LS 460 Crafted Line,2015,,Gasoline,360.0HP 4.6L 8 Cylinder Engine Gasoline Fuel,A/T,White,Black,None reported,Yes,31900.0,11,,1,0,Old
BMW,M4 Base,2023,,Gasoline,"3L I-6 gasoline direct injection, DOHC, Double VANOS variable va","Automatic, 8-Spd M STEPTRONIC w/Drivelogic, Sport & Manual Modes",BLUE,ORANGE,None reported,,81000.0,3,,1,0,New
Audi,A3 2.0T Tech Premium,2018,,Gasoline,220.0HP 2.0L 4 Cylinder Engine Gasoline Fuel,6-Speed A/T,Blue,Gray,None reported,Yes,25000.0,8,,1,0,Moderate
Audi,S8 4.2 quattro,2003,,Gasoline,360.0HP 4.2L 8 Cylinder Engine Gasoline Fuel,Transmission w/Dual Shift Mode,Gray,Black,,,13850.0,23,,1,0,Very Old
Volkswagen,Golf GTI 2.0T Autobahn 4-Door,2015,,Gasoline,210.0HP 2.0L 4 Cylinder Engine Gasoline Fuel,6-Speed M/T,Gray,Black,None reported,Yes,15550.0,11,,0,0,Old
Hyundai,Tucson SE,2018,,Gasoline,2.0L I4 16V GDI DOHC,6-Speed Automatic,Dazzling White,Gray,None reported,,19190.0,8,,0,0,Moderate
Toyota,GR86 Premium,2023,,Gasoline,228.0HP 2.4L 4 Cylinder Engine Gasoline Fuel,6-Speed M/T,White,Black,None reported,Yes,35000.0,3,,0,0,New
Ford,Bronco Raptor,2023,,Gasoline,3.0L V6 24V GDI DOHC Twin Turbo,10-Speed Automatic,Oxford White,Black Onyx,None reported,,98900.0,3,,0,0,New
Hyundai,Santa Fe SEL,2021,,Gasoline,191.0HP 2.5L 4 Cylinder Engine Gasoline Fuel,8-Speed A/T,Black,Gray,None reported,Yes,28500.0,5,,0,0,New
Nissan,Armada Platinum,2017,,Gasoline,390.0HP 5.6L 8 Cylinder Engine Gasoline Fuel,7-Speed A/T,Black,Black,None reported,Yes,20900.0,9,,0,0,Moderate
Lexus,GX 470 Base,2008,,Gasoline,263.0HP 4.7L 8 Cylinder Engine Gasoline Fuel,A/T,White,Gray,At least 1 accident or damage reported,Yes,14500.0,18,,1,0,Old
Cadillac,CTS Premium,2013,,Gasoline,318.0HP 3.6L V6 Cylinder Engine Gasoline Fuel,6-Speed A/T,Black,Black,At least 1 accident or damage reported,Yes,12000.0,13,,0,0,Old
Audi,R8 Base,2008,,Gasoline,420.0HP 4.2L 8 Cylinder Engine Gasoline Fuel,6-Speed M/T,Black,Black,None reported,Yes,63000.0,18,,1,0,Old
Jaguar,F-PACE S,2020,,Gasoline,3.0 Liter,Automatic,Santorini Black Metallic,Pimento Red w/Ebony,None reported,,47598.0,6,,0,0,Moderate
Chevrolet,Silverado 1500 1LT,2018,,E85 Flex Fuel,285.0HP 4.3L V6 Cylinder Engine Flex Fuel Capability,A/T,Red,Gray,None reported,Yes,32000.0,8,,0,0,Moderate
Ford,Expedition Limited,2021,,Gasoline,375.0HP 3.5L V6 Cylinder Engine Gasoline Fuel,Transmission w/Dual Shift Mode,Gray,Black,None reported,Yes,52000.0,5,,0,0,New
Toyota,Sequoia Platinum,2011,,E85 Flex Fuel,381.0HP 5.7L 8 Cylinder Engine Flex Fuel Capability,6-Speed A/T,Black,Gray,At least 1 accident or damage reported,Yes,16000.0,15,,0,0,Old
BMW,M440 i,2021,,Hybrid,382.0HP 3.0L Straight 6 Cylinder Engine Gasoline/Mild Electric Hybrid,8-Speed A/T,Black,Beige,,,60000.0,5,,1,0,New
Audi,A8 L 55,2019,,Hybrid,335.0HP 3.0L V6 Cylinder Engine Gasoline/Mild Electric Hybrid,A/T,Silver,Brown,None reported,Yes,42500.0,7,,1,0,Moderate
Toyota,Avalon XLE,2015,,Gasoline,268.0HP 3.5L V6 Cylinder Engine Gasoline Fuel,6-Speed A/T,White,Beige,None reported,Yes,18200.0,11,,0,0,Old
Porsche,Macan Base,2017,,Gasoline,252.0HP 2.0L 4 Cylinder Engine Gasoline Fuel,7-Speed A/T,Gray,Black,None reported,Yes,32000.0,9,,0,0,Moderate
Lexus,IS 350 F Sport,2023,,Gasoline,311.0HP 3.5L V6 Cylinder Engine Gasoline Fuel,8-Speed A/T,Gray,Red,None reported,Yes,47124.0,3,,1,0,New
Lexus,RX 350 Base,2011,,Gasoline,275.0HP 3.5L V6 Cylinder Engine Gasoline Fuel,A/T,Silver,Beige,At least 1 accident or damage reported,Yes,10400.0,15,,1,0,Old
Toyota,Supra A91 Edition,2021,,Gasoline,382.0HP 3.0L Straight 6 Cylinder Engine Gasoline Fuel,Transmission w/Dual Shift Mode,Gray,Black,None reported,Yes,68000.0,5,,0,0,New
Mercedes-Benz,AMG C 43 Base 4MATIC,2017,,Gasoline,362.0HP 3.0L V6 Cylinder Engine Gasoline Fuel,9-Speed A/T,White,Black,None reported,Yes,37995.0,9,,1,0,Moderate
BMW,X6 xDrive50i,2017,,Gasoline,445.0HP 4.4L 8 Cylinder Engine Gasoline Fuel,8-Speed A/T,Red,Brown,At least 1 accident or damage reported,Yes,42000.0,9,,1,0,Moderate
Chevrolet,Tahoe LT,2018,,Gasoline,355.0HP 5.3L 8 Cylinder Engine Gasoline Fuel,6-Speed A/T,Silver,Black,None reported,Yes,36000.0,8,,0,0,Moderate
Ford,F-150 SVT Raptor,2014,,Gasoline,411.0HP 6.2L 8 Cylinder Engine Gasoline Fuel,A/T,Red,Red,At least 1 accident or damage reported,Yes,42500.0,12,,0,0,Old
Subaru,Outback 3.0 R VDC Limited,2005,,Gasoline,250.0HP 3.0L Flat 6 Cylinder Engine Gasoline Fuel,A/T,Gold,Beige,None reported,Yes,7100.0,21,,0,0,Very Old
Alfa,Romeo Giulia Ti,2019,,Gasoline,280.0HP 2.0L 4 Cylinder Engine Gasoline Fuel,8-Speed A/T,White,Black,None reported,Yes,28500.0,7,,0,0,Moderate
Mazda,CX-7 Grand Touring,2007,,Gasoline,244.0HP 2.3L 4 Cylinder Engine Gasoline Fuel,6-Speed A/T,White,Beige,None reported,Yes,6950.0,19,,0,0,Old
Ford,F-150 Platinum,2018,,Diesel,250.0HP 3.0L V6 Cylinder Engine Diesel Fuel,10-Speed A/T,Black,Black,At least 1 accident or damage reported,Yes,36500.0,8,,0,0,Moderate
Mercedes-Benz,GLE 350 Base 4MATIC,2021,,Gasoline,2.0L I4 16V GDI DOHC Turbo,9-Speed Automatic,Selenite Gray Metallic,Macchiato,None reported,,54599.0,5,,1,0,New
Audi,A7 3.0T Premium Plus,2017,,Gasoline,333.0HP 3.0L V6 Cylinder Engine Gasoline Fuel,Transmission w/Dual Shift Mode,Black,Black,At least 1 accident or damage reported,Yes,35000.0,9,,1,0,Moderate
RAM,2500 Laramie,2017,,Gasoline,410.0HP 6.4L 8 Cylinder Engine Gasoline Fuel,6-Speed A/T,Brown,Beige,At least 1 accident or damage reported,Yes,46500.0,9,,0,0,Moderate
Tesla,Model S 70D,2015,,,329.0HP Electric Motor Electric Fuel System,A/T,Black,Beige,None reported,Yes,29975.0,11,,0,0,Old
Audi,S8 4.0T Plus,2017,,Gasoline,605.0HP 4.0L 8 Cylinder Engine Gasoline Fuel,8-Speed A/T,Black,Black,None reported,Yes,53500.0,9,,1,0,Moderate
Hyundai,Sonata Hybrid Limited,2022,,Hybrid,192.0HP 2.0L 4 Cylinder Engine Gas/Electric Hybrid,A/T,Gray,Black,None reported,Yes,29000.0,4,,0,0,New
Audi,A8 L 4.0T,2016,,Gasoline,450.0HP 4.0L 8 Cylinder Engine Gasoline Fuel,8-Speed A/T,Black,Black,At least 1 accident or damage reported,Yes,22000.0,10,,1,0,Moderate
Ford,Ranger Sport SuperCab,2009,,Gasoline,207.0HP 4.0L V6 Cylinder Engine Gasoline Fuel,A/T,Blue,Gray,At least 1 accident or damage reported,Yes,6999.0,17,,0,0,Old
INFINITI,Q50 Hybrid Premium,2015,,Hybrid,354.0HP 3.5L V6 Cylinder Engine Gas/Electric Hybrid,7-Speed A/T,Gray,Black,At least 1 accident or damage reported,Yes,19977.0,11,,0,0,Old
BMW,M3 Base,2011,,Gasoline,414.0HP 4.0L 8 Cylinder Engine Gasoline Fuel,Transmission w/Dual Shift Mode,White,Beige,None reported,Yes,20990.0,15,,1,0,Old
Mercedes-Benz,E-Class E 350 4MATIC,2009,,Gasoline,268.0HP 3.5L V6 Cylinder Engine Gasoline Fuel,5-Speed A/T,Black,Black,At least 1 accident or damage reported,Yes,4750.0,17,,1,0,Old
Ford,Explorer sport,2019,,Gasoline,3.5L V6 24V GDI DOHC Twin Turbo,6-Speed Automatic,Black,Ebony Black,None reported,,28590.0,7,,0,0,Moderate
Chevrolet,Camaro 1LT,2014,,Gasoline,323.0HP 3.6L V6 Cylinder Engine Gasoline Fuel,Transmission w/Dual Shift Mode,Black,Black,At least 1 accident or damage reported,Yes,15000.0,12,,0,0,Old
Mazda,MX-5 Miata RF Grand Touring,2017,,Gasoline,155.0HP 2.0L 4 Cylinder Engine Gasoline Fuel,6-Speed M/T,Black,Black,At least 1 accident or damage reported,Yes,20500.0,9,,0,0,Moderate
Jeep,Grand Cherokee L Limited,2021,,Gasoline,3.6L V6 24V MPFI DOHC,8-Speed Automatic,Metallic,Global Black,None reported,,38405.0,5,,0,0,New
MINI,Hardtop Cooper S,2016,,Gasoline,189.0HP 2.0L 4 Cylinder Engine Gasoline Fuel,6-Speed A/T,Silver,Black,None reported,Yes,17495.0,10,,0,0,Moderate
Saab,9-3 SE,2002,,Gasoline,205.0HP 2.0L 4 Cylinder Engine Gasoline Fuel,5-Speed M/T,Black,Beige,None reported,Yes,7500.0,24,,0,0,Very Old
BMW,X5 xDrive40i,2019,,Gasoline,335.0HP 3.0L Straight 6 Cylinder Engine Gasoline Fuel,8-Speed A/T,Blue,Gold,None reported,Yes,43000.0,7,,1,0,Moderate
Porsche,Macan,2021,,Gasoline,2.0 Liter,Automatic,White,–,None reported,,58998.0,5,,0,0,New
Audi,Q3 S line Premium Plus,2022,,Gasoline,2.0 Liter TFSI,Automatic,Glacier White,Pearl Beige,None reported,,39998.0,4,,1,0,New
GMC,Acadia SLE,2020,,Gasoline,2.5L I4 16V GDI DOHC,9-Speed Automatic,Ebony Twilight Metallic,Jet Black,,,29645.0,6,,0,0,Moderate
Audi,allroad 2.7T,2005,,Gasoline,250.0HP 2.7L V6 Cylinder Engine Gasoline Fuel,M/T,Blue,Blue,At least 1 accident or damage reported,Yes,6500.0,21,,1,0,Very Old
Mercury,Marauder Base,2004,,Gasoline,302.0HP 4.6L 8 Cylinder Engine Gasoline Fuel,Transmission Overdrive Switch,Silver,Black,None reported,Yes,23000.0,22,,0,0,Very Old
Hyundai,Genesis 3.8,2015,,Gasoline,311.0HP 3.8L V6 Cylinder Engine Gasoline Fuel,8-Speed A/T,White,White,At least 1 accident or damage reported,Yes,12700.0,11,,0,0,Old
Audi,SQ5 3.0T Premium Plus,2018,,Gasoline,354.0HP 3.0L V6 Cylinder Engine Gasoline Fuel,A/T,Blue,Black,At least 1 accident or damage reported,Yes,30000.0,8,,1,0,Moderate
Audi,A8 L 55,2019,,Hybrid,335.0HP 3.0L V6 Cylinder Engine Gasoline/Mild Electric Hybrid,8-Speed A/T,Black,Brown,None reported,Yes,50000.0,7,,1,0,Moderate
Lincoln,Navigator Base,2008,,Gasoline,300.0HP 5.4L 8 Cylinder Engine Gasoline Fuel,A/T,Gold,Beige,None reported,Yes,10099.0,18,,0,0,Old
BMW,M4 Base,2018,,Gasoline,425.0HP 3.0L Straight 6 Cylinder Engine Gasoline Fuel,6-Speed M/T,White,Silver,None reported,Yes,64000.0,8,,1,0,Moderate
Mazda,CX-9 Carbon Edition,2021,,Gasoline,2.5L I4 16V GDI DOHC Turbo,6-Speed Automatic,Polymetal Gray Metallic,Red,None reported,Yes,36969.0,5,,0,0,New
Chevrolet,Corvette Stingray w/1LT,2023,,Gasoline,490.0HP 6.2L 8 Cylinder Engine Gasoline Fuel,Transmission w/Dual Shift Mode,Black,Red,None reported,Yes,78999.0,3,,0,0,New
Ford,F-150 Lariat,2017,,Gasoline,375.0HP 3.5L V6 Cylinder Engine Gasoline Fuel,10-Speed A/T,White,–,None reported,Yes,36000.0,9,,0,0,Moderate
Ford,F-250 Lariat,2019,,Diesel,450.0HP 6.7L 8 Cylinder Engine Diesel Fuel,6-Speed A/T,White,Black,At least 1 accident or damage reported,Yes,55000.0,7,,0,0,Moderate
Mercedes-Benz,GLS 450 Base 4MATIC,2017,,Gasoline,362.0HP 3.0L V6 Cylinder Engine Gasoline Fuel,9-Speed A/T,Black,Beige,At least 1 accident or damage reported,Yes,33000.0,9,,1,0,Moderate
Hyundai,Santa Fe SEL Plus 2.4,2019,,Gasoline,185.0HP 2.4L 4 Cylinder Engine Gasoline Fuel,8-Speed A/T,Silver,Gray,None reported,Yes,28000.0,7,,0,0,Moderate
Mercedes-Benz,E-Class E 350,2012,,Gasoline,302.0HP 3.5L V6 Cylinder Engine Gasoline Fuel,7-Speed A/T,Black,Black,None reported,Yes,23500.0,14,,1,0,Old
Ford,F-250 XLT SuperCab Super Duty,2008,,Diesel,350.0HP 6.4L 8 Cylinder Engine Diesel Fuel,A/T,Blue,Gray,At least 1 accident or damage reported,Yes,12240.0,18,,0,0,Old
Mercury,Marauder Base,2003,,Gasoline,302.0HP 4.6L 8 Cylinder Engine Gasoline Fuel,4-Speed A/T,Blue,Beige,At least 1 accident or damage reported,Yes,15500.0,23,,0,0,Very Old
Ford,Transit-350 XLT,2021,,E85 Flex Fuel,275.0HP 3.5L V6 Cylinder Engine Flex Fuel Capability,A/T,White,Gray,None reported,Yes,57000.0,5,,0,0,New
Mercedes-Benz,C-Class C 300 4MATIC Sport,2013,,Gasoline,248.0HP 3.5L V6 Cylinder Engine Gasoline Fuel,A/T,White,Beige,At least 1 accident or damage reported,Yes,15500.0,13,,1,0,Old
Volkswagen,Arteon SEL R-Line,2022,,Gasoline,2.0 Liter TSI,Automatic,Oryx White Prl,Titan Black,None reported,,38698.0,4,,0,0,New
Chevrolet,Suburban 2500 LS,2006,,Gasoline,325.0HP 8.1L 8 Cylinder Engine Gasoline Fuel,A/T,Brown,Brown,At least 1 accident or damage reported,Yes,24950.0,20,,0,0,Old
Chevrolet,Suburban 1500 LT,2014,,E85 Flex Fuel,320.0HP 5.3L 8 Cylinder Engine Flex Fuel Capability,A/T,Purple,Brown,None reported,Yes,15000.0,12,,0,0,Old
Mitsubishi,Eclipse GS,2008,,Gasoline,162.0HP 2.4L 4 Cylinder Engine Gasoline Fuel,5-Speed M/T,Red,Black,None reported,Yes,6000.0,18,,0,0,Old
Toyota,Land Cruiser Base,2016,,Gasoline,381.0HP 5.7L 8 Cylinder Engine Gasoline Fuel,A/T,Black,Brown,None reported,Yes,68500.0,10,,0,0,Moderate
Genesis,G80 2.5T,2022,,Gasoline,2.5L I4 16V PDI DOHC Turbo,8-Speed Automatic,Black Forest Green,Black,None reported,,41299.0,4,,0,0,New
Toyota,Tundra SR5 Access Cab,2004,,Gasoline,240.0HP 4.7L 8 Cylinder Engine Gasoline Fuel,A/T,Gray,Gray,None reported,Yes,8250.0,22,,0,0,Very Old
Audi,RS 5 4.2,2014,,Gasoline,450.0HP 4.2L 8 Cylinder Engine Gasoline Fuel,Transmission w/Dual Shift Mode,White,Black,At least 1 accident or damage reported,Yes,44900.0,12,,1,0,Old
Nissan,Rogue S,2022,,Gasoline,1.5L I3 12V GDI DOHC Turbo,Automatic CVT,Gun Metallic,Charcoal,None reported,,28906.0,4,,0,0,New
Porsche,Panamera 4S,2010,,Gasoline,400.0HP 4.8L 8 Cylinder Engine Gasoline Fuel,Transmission w/Dual Shift Mode,Silver,Gray,None reported,Yes,28600.0,16,,0,0,Old
BMW,M440 i xDrive,2021,,Hybrid,382.0HP 3.0L Straight 6 Cylinder Engine Gasoline/Mild Electric Hybrid,8-Speed A/T,Gray,Beige,None reported,Yes,49999.0,5,,1,0,New
Cadillac,Escalade Premium,2010,,E85 Flex Fuel,403.0HP 6.2L 8 Cylinder Engine Flex Fuel Capability,A/T,Gray,–,None reported,Yes,19500.0,16,,0,0,Old
Volvo,S60 T6 Momentum,2020,,Gasoline,2.0L I4 16V GDI DOHC,8-Speed Automatic,White,Charcoal,At least 1 accident or damage reported,Yes,27800.0,6,,0,0,Moderate
Mazda,CX-9 Touring Plus,2023,,Gasoline,2.5L I4 16V GDI DOHC Turbo,6-Speed Automatic,Jet Black Mica,Black,At least 1 accident or damage reported,Yes,40655.0,3,,0,0,New
Chrysler,Pacifica Hybrid Touring L,2022,,Hybrid,3.6L V6 24V MPFI DOHC Hybrid,Automatic CVT,Bright White Clearcoat,Black,None reported,,35850.0,4,,0,0,New
Jeep,Wrangler Unlimited Sport,2020,,Gasoline,2.0L I4 16V GDI DOHC Turbo,8-Speed Automatic,Black Clearcoat,Black,None reported,Yes,35273.0,6,,0,0,Moderate
Toyota,Highlander Base,2001,,Gasoline,220.0HP 3.0L V6 Cylinder Engine Gasoline Fuel,A/T,Beige,Beige,None reported,Yes,4300.0,25,,0,0,Very Old
Ford,F-150 Lariat,2019,,Gasoline,375.0HP 3.5L V6 Cylinder Engine Gasoline Fuel,10-Speed A/T,Gray,Black,None reported,Yes,38500.0,7,,0,0,Moderate
Land,Rover Discovery Sport S R-Dynamic,2022,,Gasoline,2.0 Liter,Automatic,Firenze Red,Ebony,None reported,,44998.0,4,,0,0,New
Mazda,Mazda6 Touring,2020,,Gasoline,187.0HP 2.5L 4 Cylinder Engine Gasoline Fuel,A/T,White,Black,None reported,Yes,18000.0,6,,0,0,Moderate
Kia,Optima EX,2015,,Gasoline,192.0HP 2.4L 4 Cylinder Engine Gasoline Fuel,6-Speed A/T,Red,Black,At least 1 accident or damage reported,Yes,11900.0,11,,0,0,Old
Lexus,RX 350 Base,2009,,Gasoline,270.0HP 3.5L V6 Cylinder Engine Gasoline Fuel,A/T,Gray,Gray,At least 1 accident or damage reported,Yes,4500.0,17,,1,0,Old
Mitsubishi,Outlander Sport 2.4 SE,2016,,Gasoline,2.4L I4 16V MPFI DOHC,Automatic CVT,Black,Black,None reported,Yes,11970.0,10,,0,0,Moderate
Mercedes-Benz,GLS 450 Base 4MATIC,2017,,Gasoline,362.0HP 3.0L V6 Cylinder Engine Gasoline Fuel,9-Speed A/T,White,Black,None reported,Yes,25900.0,9,,1,0,Moderate
Audi,A3 2.0T Premium,2019,,Gasoline,184.0HP 2.0L 4 Cylinder Engine Gasoline Fuel,Transmission w/Dual Shift Mode,Gray,Black,At least 1 accident or damage reported,Yes,27500.0,7,,1,0,Moderate
Audi,A4 2.0T Premium,2015,,E85 Flex Fuel,2.0L I4 16V GDI DOHC Turbo Flexible Fuel,8-Speed Automatic,Silver,Gray,None reported,,14998.0,11,,1,0,Old
Mercedes-Benz,CLA-Class CLA 250,2016,,Gasoline,208.0HP 2.0L 4 Cylinder Engine Gasoline Fuel,A/T,Black,Black,At least 1 accident or damage reported,Yes,16800.0,10,,1,0,Moderate
INFINITI,FX50 Base,2011,,Gasoline,390.0HP 5.0L 8 Cylinder Engine Gasoline Fuel,7-Speed A/T,Silver,Black,,,22450.0,15,,0,0,Old
Kia,K5 EX,2021,,Gasoline,1.6L I4 16V GDI DOHC Turbo,8-Speed Automatic,Glacial White Pearl,Black,None reported,,28998.0,5,,0,0,New
BMW,X5 eDrive xDrive40e,2018,,Plug-In Hybrid,313.0HP 2.0L 4 Cylinder Engine Plug-In Electric/Gas,8-Speed A/T,Gray,Black,At least 1 accident or damage reported,Yes,30750.0,8,,1,0,Moderate
Mercedes-Benz,SLK-Class SLK230 Kompressor,2003,,Gasoline,192.0HP 2.3L 4 Cylinder Engine Gasoline Fuel,A/T,Red,Gray,At least 1 accident or damage reported,Yes,11900.0,23,,1,0,Very Old
Jeep,Wrangler SE,2003,,Gasoline,150.0HP 2.4L 4 Cylinder Engine Gasoline Fuel,5-Speed M/T,Red,Gray,None reported,Yes,12499.0,23,,0,0,Very Old
Kia,Telluride SX,2020,,Gasoline,291.0HP 3.8L V6 Cylinder Engine Gasoline Fuel,8-Speed A/T,Green,White,,,36500.0,6,,0,0,Moderate
Land,Rover LR4 Lux,2012,,Gasoline,375.0HP 5.0L 8 Cylinder Engine Gasoline Fuel,A/T,Black,Black,None reported,Yes,14490.0,14,,0,0,Old
Jaguar,XKR Base,2007,,Gasoline,420.0HP 4.2L 8 Cylinder Engine Gasoline Fuel,Transmission w/Dual Shift Mode,Black,Beige,At least 1 accident or damage reported,Yes,21900.0,19,,0,0,Old
BMW,M4 Base,2020,,Gasoline,425.0HP 3.0L Straight 6 Cylinder Engine Gasoline Fuel,M/T,Orange,Orange,None reported,Yes,71995.0,6,,1,0,Moderate
BMW,M340 i xDrive,2022,,Hybrid,382.0HP 3.0L Straight 6 Cylinder Engine Gasoline/Mild Electric Hybrid,8-Speed A/T,White,Red,None reported,Yes,56900.0,4,,1,0,New
Mercedes-Benz,AMG GLE 53 AMG GLE 53,2021,,Hybrid,3.0 Liter Turbo,Automatic,designo Diamond White Metallic,Black,None reported,,83598.0,5,,1,0,New
RAM,1500 Laramie,2022,,Gasoline,5.7L V8 16V MPFI OHV,Automatic,Granite Crystal Clearcoat Metallic,Black,None reported,,48190.0,4,,0,0,New
BMW,ALPINA B7 Base,2013,,Gasoline,445.0HP 4.4L 8 Cylinder Engine Gasoline Fuel,A/T,Black,Black,None reported,Yes,35999.0,13,,1,0,Old
Mercedes-Benz,C-Class C280 4MATIC,2007,,Gasoline,228.0HP 3.0L V6 Cylinder Engine Gasoline Fuel,A/T,White,–,None reported,Yes,12000.0,19,,1,0,Old
Jeep,Compass High Altitude,2017,,Gasoline,172.0HP 2.4L 4 Cylinder Engine Gasoline Fuel,A/T,White,Beige,At least 1 accident or damage reported,Yes,16500.0,9,,0,0,Moderate
Toyota,Highlander Hybrid XLE,2019,,Hybrid,306.0HP 3.5L V6 Cylinder Engine Gas/Electric Hybrid,A/T,Black,Gray,None reported,Yes,36000.0,7,,0,0,Moderate
BMW,X5 M Base,2022,,Gasoline,4.4L V8 32V GDI DOHC Twin Turbo,8-Speed Automatic,Blue Metallic,Sakhir Orange,None reported,,98900.0,4,,1,0,New
BMW,M3 Base,2023,,Gasoline,3.0L I6 24V GDI DOHC Twin Turbo,6-Speed Manual,Isle of Man Green Metallic,Kyalami Orange,None reported,Yes,84645.0,3,,1,0,New
BMW,M3 Base,1999,,Gasoline,240.0HP 3.2L Straight 6 Cylinder Engine Gasoline Fuel,5-Speed M/T,Blue,Gray,None reported,Yes,36950.0,27,,1,0,Very Old
Maserati,Quattroporte S Q4 GranLusso,2018,,Gasoline,424.0HP 3.0L V6 Cylinder Engine Gasoline Fuel,8-Speed A/T,White,Brown,None reported,Yes,41900.0,8,,0,0,Moderate
Acura,RDX Advance Package,2021,,Gasoline,272.0HP 2.0L 4 Cylinder Engine Gasoline Fuel,10-Speed A/T,Black,Black,None reported,Yes,39650.0,5,,0,0,New
Mercedes-Benz,GLA-Class GLA 250 4MATIC,2015,,Gasoline,208.0HP 2.0L 4 Cylinder Engine Gasoline Fuel,Transmission w/Dual Shift Mode,Gray,Black,At least 1 accident or damage reported,Yes,19000.0,11,,1,0,Old
Mercedes-Benz,Sprinter 3500XD High Roof,2021,,Diesel,188.0HP 3.0L V6 Cylinder Engine Diesel Fuel,7-Speed A/T,White,Black,None reported,Yes,45000.0,5,,1,0,New
Cadillac,XTS Luxury,2014,,Gasoline,304.0HP 3.6L V6 Cylinder Engine Gasoline Fuel,6-Speed A/T,Silver,Gray,At least 1 accident or damage reported,Yes,17498.0,12,,0,0,Old
Chevrolet,Camaro 2LT,2015,,Gasoline,323.0HP 3.6L V6 Cylinder Engine Gasoline Fuel,Transmission w/Dual Shift Mode,Silver,Black,None reported,Yes,19750.0,11,,0,0,Old
Porsche,Cayenne S,2013,,Gasoline,400.0HP 4.8L 8 Cylinder Engine Gasoline Fuel,8-Speed A/T,Green,Gray,None reported,Yes,23000.0,13,,0,0,Old
Dodge,Magnum R/T,2005,,Gasoline,340.0HP 5.7L 8 Cylinder Engine Gasoline Fuel,5-Speed A/T,Gray,Gold,At least 1 accident or damage reported,Yes,12000.0,21,,0,0,Very Old
INFINITI,Q70 3.7X,2014,,Gasoline,330.0HP 3.7L V6 Cylinder Engine Gasoline Fuel,7-Speed A/T,Black,Black,None reported,Yes,23000.0,12,,0,0,Old
Toyota,Camry Hybrid Base,2007,,Hybrid,147.0HP 2.4L 4 Cylinder Engine Gas/Electric Hybrid,A/T,Silver,Gray,At least 1 accident or damage reported,Yes,9250.0,19,,0,0,Old
GMC,Acadia SLT-1,2016,,Gasoline,281.0HP 3.6L V6 Cylinder Engine Gasoline Fuel,A/T,Gold,Brown,None reported,Yes,12500.0,10,,0,0,Moderate
Lincoln,Corsair Reserve,2021,,Gasoline,2.0L I4 16V GDI DOHC Turbo,8-Speed Automatic,Black,Sandstone,None reported,,36999.0,5,,0,0,New
RAM,2500 SLT,2017,,Diesel,350.0HP 6.7L Straight 6 Cylinder Engine Diesel Fuel,6-Speed A/T,Gray,Gray,At least 1 accident or damage reported,Yes,41000.0,9,,0,0,Moderate
RAM,3500 Laramie,2014,,Diesel,385.0HP 6.7L Straight 6 Cylinder Engine Diesel Fuel,6-Speed A/T,Black,–,At least 1 accident or damage reported,Yes,40500.0,12,,0,0,Old
Mercedes-Benz,GL-Class GL 450 4MATIC,2013,,Gasoline,362.0HP 4.6L 8 Cylinder Engine Gasoline Fuel,A/T,Black,Black,At least 1 accident or damage reported,Yes,15900.0,13,,1,0,Old
BMW,M5 Base,2018,,Gasoline,600.0HP 4.4L 8 Cylinder Engine Gasoline Fuel,8-Speed A/T,Red,White,At least 1 accident or damage reported,Yes,54999.0,8,,1,0,Moderate
Ford,Mustang SVT Cobra,2003,,Gasoline,390.0HP 4.6L 8 Cylinder Engine Gasoline Fuel,6-Speed M/T,Gray,Gray,,,24500.0,23,,0,0,Very Old
Acura,ILX Premium Package,2022,,Gasoline,2.4L I4 16V GDI DOHC,8-Speed Automatic with Auto-Shift,Gray,Ebony,None reported,,26599.0,4,,0,0,New
Buick,Rainier CXL,2005,,Gasoline,275.0HP 4.2L Straight 6 Cylinder Engine Gasoline Fuel,A/T,White,Beige,At least 1 accident or damage reported,Yes,2800.0,21,,0,0,Very Old
Cadillac,Escalade Luxury,2013,,E85 Flex Fuel,403.0HP 6.2L 8 Cylinder Engine Flex Fuel Capability,A/T,Black,Black,At least 1 accident or damage reported,Yes,22000.0,13,,0,0,Old
Mercedes-Benz,S-Class S 560,2018,,Gasoline,463.0HP 4.0L 8 Cylinder Engine Gasoline Fuel,9-Speed A/T,Gray,Gray,None reported,Yes,52000.0,8,,1,0,Moderate
INFINITI,QX80 Base,2016,,Gasoline,400.0HP 5.6L 8 Cylinder Engine Gasoline Fuel,7-Speed A/T,Silver,Beige,At least 1 accident or damage reported,Yes,25950.0,10,,0,0,Moderate
Buick,Encore Preferred,2019,,Gasoline,138.0HP 1.4L 4 Cylinder Engine Gasoline Fuel,6-Speed A/T,White,Black,None reported,Yes,18795.0,7,,0,0,Moderate
Mercedes-Benz,GLS 450 Base 4MATIC,2019,,Gasoline,3.0L V6 24V GDI DOHC Twin Turbo,9-Speed Automatic,Black,Almond Beige,None reported,,43999.0,7,,1,0,Moderate
Jeep,Liberty Limited,2010,,Gasoline,210.0HP 3.7L V6 Cylinder Engine Gasoline Fuel,A/T,Gray,Gray,None reported,Yes,5900.0,16,,0,0,Old
Mercedes-Benz,S-Class S 63 AMG,2011,,Gasoline,536.0HP 5.5L 8 Cylinder Engine Gasoline Fuel,Transmission w/Dual Shift Mode,White,Black,At least 1 accident or damage reported,Yes,37000.0,15,,1,0,Old
Audi,A8 L 3.0T,2016,,Gasoline,333.0HP 3.0L V6 Cylinder Engine Gasoline Fuel,A/T,White,Brown,None reported,Yes,28000.0,10,,1,0,Moderate
Mazda,CX-30 2.5 S Select Package,2022,,Gasoline,186.0HP 2.5L 4 Cylinder Engine Gasoline Fuel,6-Speed A/T,Black,Black,None reported,Yes,25500.0,4,,0,0,New
Bentley,Continental GT Speed,2009,,Gasoline,600.0HP 6.0L 12 Cylinder Engine Gasoline Fuel,6-Speed A/T,Blue,Beige,,,59400.0,17,,0,0,Old
Volkswagen,Golf R 4-Door,2016,,Gasoline,292.0HP 2.0L 4 Cylinder Engine Gasoline Fuel,6-Speed M/T,Blue,Black,None reported,Yes,29950.0,10,,0,0,Moderate
Hyundai,Genesis Coupe 3.8 Grand Touring,2011,,Gasoline,306.0HP 3.8L V6 Cylinder Engine Gasoline Fuel,6-Speed A/T,Gray,Black,At least 1 accident or damage reported,Yes,4000.0,15,,0,0,Old
Ford,F-150 XLT,2018,,Gasoline,375.0HP 3.5L V6 Cylinder Engine Gasoline Fuel,10-Speed A/T,White,–,At least 1 accident or damage reported,Yes,25500.0,8,,0,0,Moderate
Hyundai,Tucson Limited,2020,,Gasoline,2.4L I4 16V GDI DOHC,6-Speed Automatic,Black Noir Pearl,Beige,None reported,,22749.0,6,,0,0,Moderate
Ford,Mustang V6,2013,,Gasoline,305.0HP 3.7L V6 Cylinder Engine Gasoline Fuel,6-Speed A/T,Blue,Black,At least 1 accident or damage reported,Yes,12990.0,13,,0,0,Old
BMW,435 i,2014,,Gasoline,300.0HP 3.0L Straight 6 Cylinder Engine Gasoline Fuel,8-Speed A/T,Silver,Black,None reported,Yes,25980.0,12,,1,0,Old
Dodge,Challenger R/T,2010,,–,–,Transmission w/Dual Shift Mode,Purple,Black,None reported,Yes,17000.0,16,,0,0,Old
Porsche,Boxster Base,2013,,Gasoline,265.0HP 2.7L Flat 6 Cylinder Engine Gasoline Fuel,7-Speed A/T,Brown,Beige,None reported,Yes,35500.0,13,,0,0,Old
Porsche,Macan Base,2018,,Gasoline,2.0L I4 16V GDI DOHC Turbo,7-Speed Automatic with Auto-Shift,Volcano Grey Metallic,Black,At least 1 accident or damage reported,Yes,49500.0,8,,0,0,Moderate
Ford,F-250 XL,2021,,Diesel,6.7L V8 32V DDI OHV Turbo Diesel,Automatic,White,Medium Earth Gray,,,49883.0,5,,0,0,New
Ford,Mustang GT,2010,,Gasoline,315.0HP 4.6L 8 Cylinder Engine Gasoline Fuel,A/T,Red,Black,At least 1 accident or damage reported,Yes,14900.0,16,,0,0,Old
Chevrolet,Suburban LT,2020,,Gasoline,355.0HP 5.3L 8 Cylinder Engine Gasoline Fuel,A/T,Black,Black,None reported,Yes,38500.0,6,,0,0,Moderate
Mercedes-Benz,C-Class C 300 4MATIC,2018,,Gasoline,2.0L I4 16V GDI DOHC Turbo,9-Speed Automatic,Black,Black,None reported,Yes,28251.0,8,,1,0,Moderate
RAM,1500 Classic Warlock,2019,,E85 Flex Fuel,3.6L V6 24V MPFI DOHC Flexible Fuel,8-Speed Automatic,Diamond Black,Diesel Gray / Black,At least 1 accident or damage reported,,33242.0,7,,0,0,Moderate
Toyota,Sequoia SR5,2023,,Hybrid,3.4L V6 24V PDI DOHC Twin Turbo Hybrid,Automatic,Green,Boulder,At least 1 accident or damage reported,Yes,76373.0,3,,0,0,New
BMW,M5 Base,2018,,Gasoline,600.0HP 4.4L 8 Cylinder Engine Gasoline Fuel,8-Speed A/T,Green,Black,At least 1 accident or damage reported,Yes,68000.0,8,,1,0,Moderate
Mazda,Mazda3 FWD w/Premium Package,2022,,Gasoline,2.5L I4 16V,6-Speed Automatic,Soul Red Crystal Metallic,Black,None reported,,25099.0,4,,0,0,New
Nissan,Rogue SL,2016,,Gasoline,"2.5L I-4 DOHC, variable valve control, regular unleaded, engine",Variable,Gun Metallic,Charcoal,At least 1 accident or damage reported,,15998.0,10,,0,0,Moderate
Audi,A7 3.0T Prestige,2015,,Diesel,240.0HP 3.0L V6 Cylinder Engine Diesel Fuel,8-Speed A/T,White,Gray,None reported,Yes,34000.0,11,,1,0,Old
Genesis,G80 3.8,2020,,Gasoline,311.0HP 3.8L V6 Cylinder Engine Gasoline Fuel,A/T,Blue,Gray,None reported,Yes,31900.0,6,,0,0,Moderate
BMW,M6 Gran Coupe Base,2019,,Gasoline,560.0HP 4.4L 8 Cylinder Engine Gasoline Fuel,Transmission w/Dual Shift Mode,Blue,Black,None reported,Yes,67900.0,7,,1,0,Moderate
Ford,Mustang V6,2013,,Gasoline,305.0HP 3.7L V6 Cylinder Engine Gasoline Fuel,6-Speed M/T,Black,Black,At least 1 accident or damage reported,Yes,18750.0,13,,0,0,Old
BMW,650 i,2009,,Gasoline,360.0HP 4.8L 8 Cylinder Engine Gasoline Fuel,A/T,Black,Black,None reported,Yes,18500.0,17,,1,0,Old
Nissan,Leaf SV PLUS,2023,,,214.0HP Electric Motor Electric Fuel System,1-Speed A/T,Black,Black,At least 1 accident or damage reported,Yes,29895.0,3,,0,0,New
Lincoln,MKC Reserve,2019,,Gasoline,2.3L I4 16V GDI DOHC Turbo,6-Speed Automatic,Black,–,,,30890.0,7,,0,0,Moderate
Kia,Telluride EX,2022,,Gasoline,3.8L V6 24V GDI DOHC,8-Speed Automatic,Dark Moss,Gray,None reported,,46787.0,4,,0,0,New
Lincoln,Navigator Reserve,2022,,Gasoline,440.0HP 3.5L V6 Cylinder Engine Gasoline Fuel,10-Speed A/T,White,Beige,None reported,Yes,79999.0,4,,0,0,New
Mercedes-Benz,S-Class S 550 4MATIC,2015,,Gasoline,449.0HP 4.7L 8 Cylinder Engine Gasoline Fuel,A/T,Black,Black,None reported,Yes,62500.0,11,,1,0,Old
Chevrolet,Suburban LT,2017,,Gasoline,6.0L 8 Cylinder Engine Gasoline Fuel,6-Speed A/T,Blue,Beige,None reported,Yes,27000.0,9,,0,0,Moderate
Audi,A7 55 Premium,2020,,Hybrid,335.0HP 3.0L V6 Cylinder Engine Gasoline/Mild Electric Hybrid,A/T,White,Black,None reported,Yes,50000.0,6,,1,0,Moderate
Ford,Mustang EcoBoost Premium,2017,,Gasoline,310.0HP 2.3L 4 Cylinder Engine Gasoline Fuel,6-Speed A/T,White,Black,At least 1 accident or damage reported,Yes,20989.0,9,,0,0,Moderate
Chevrolet,Cruze LS,2018,,Gasoline,153.0HP 1.4L 4 Cylinder Engine Gasoline Fuel,A/T,White,Black,At least 1 accident or damage reported,Yes,8500.0,8,,0,0,Moderate
Land,Rover Range Rover HSE SWB,2020,,Hybrid,395.0HP 3.0L Straight 6 Cylinder Engine Gasoline/Mild Electric Hybrid,A/T,Silver,Black,None reported,Yes,75500.0,6,,0,0,Moderate
Land,Rover Defender S,2023,,Gasoline,296.0HP 2.0L 4 Cylinder Engine Gasoline Fuel,A/T,White,Black,None reported,Yes,62999.0,3,,0,0,New
BMW,650 i,2012,,Gasoline,400.0HP 4.4L 8 Cylinder Engine Gasoline Fuel,6-Speed M/T,White,Brown,None reported,Yes,38995.0,14,,1,0,Old
Ford,Mustang Base,2008,,Gasoline,210.0HP 4.0L V6 Cylinder Engine Gasoline Fuel,A/T,White,Black,At least 1 accident or damage reported,Yes,13500.0,18,,0,0,Old
Kia,K5 GT-Line,2022,,Gasoline,1.6L I4 16V GDI DOHC Turbo,8-Speed Automatic,Passion Red,Black,None reported,,29998.0,4,,0,0,New
Mazda,Mazda3 i Touring,2014,,Gasoline,155.0HP 2.0L 4 Cylinder Engine Gasoline Fuel,M/T,Silver,Black,At least 1 accident or damage reported,Yes,11500.0,12,,0,0,Old
Kia,Stinger GT1,2021,,Gasoline,365.0HP 3.3L V6 Cylinder Engine Gasoline Fuel,8-Speed A/T,Black,Black,None reported,Yes,45899.0,5,,0,0,New
Chevrolet,Camaro ZL1,2023,,Gasoline,650.0HP 6.2L 8 Cylinder Engine Gasoline Fuel,10-Speed A/T,Red,Gray,None reported,Yes,74500.0,3,,0,0,New
Mercedes-Benz,AMG G 63 Base,2017,,Gasoline,563.0HP 5.5L 8 Cylinder Engine Gasoline Fuel,7-Speed A/T,White,Black,At least 1 accident or damage reported,Yes,78000.0,9,,1,0,Moderate
Ford,Thunderbird Premium,2005,,Gasoline,280.0HP 3.9L 8 Cylinder Engine Gasoline Fuel,Transmission w/Dual Shift Mode,Gold,White,None reported,Yes,14900.0,21,,0,0,Very Old
Audi,e-tron Prestige,2019,,,Electric,1-Speed Automatic,Typhoon Gray Metallic,Pearl Beige,None reported,,38999.0,7,,1,0,Moderate
GMC,Sierra 1500 SLT,2017,,Gasoline,420.0HP 6.2L 8 Cylinder Engine Gasoline Fuel,8-Speed A/T,White,Black,None reported,Yes,39750.0,9,,0,0,Moderate
Kia,Telluride LX,2023,,Gasoline,291.0HP 3.8L V6 Cylinder Engine Gasoline Fuel,8-Speed A/T,Silver,Black,None reported,Yes,40000.0,3,,0,0,New
Chevrolet,Corvette Base,2005,,Gasoline,400.0HP 6.0L 8 Cylinder Engine Gasoline Fuel,6-Speed M/T,Blue,Black,None reported,Yes,26000.0,21,,0,0,Very Old
BMW,650 i,2014,,Gasoline,445.0HP 4.4L 8 Cylinder Engine Gasoline Fuel,Transmission w/Dual Shift Mode,White,Beige,None reported,Yes,34000.0,12,,1,0,Old
Nissan,Rogue SL,2017,,Gasoline,170.0HP 2.5L 4 Cylinder Engine Gasoline Fuel,A/T,Silver,Black,,,17500.0,9,,0,0,Moderate
GMC,Acadia Denali,2015,,Gasoline,288.0HP 3.6L V6 Cylinder Engine Gasoline Fuel,A/T,Gray,Beige,None reported,Yes,19780.0,11,,0,0,Old
Cadillac,Escalade Premium Luxury Platinum,2021,,Gasoline,420.0HP 6.2L 8 Cylinder Engine Gasoline Fuel,10-Speed A/T,Black,Black,None reported,Yes,93500.0,5,,0,0,New
Nissan,GT-R Premium,2010,,Gasoline,485.0HP 3.8L V6 Cylinder Engine Gasoline Fuel,6-Speed A/T,Blue,Black,None reported,Yes,72999.0,16,,0,0,Old
Toyota,Highlander XLE,2018,,Gasoline,295.0HP 3.5L V6 Cylinder Engine Gasoline Fuel,A/T,Silver,Gray,None reported,Yes,31000.0,8,,0,0,Moderate
BMW,X7 xDrive40i,2020,,Gasoline,335.0HP 3.0L Straight 6 Cylinder Engine Gasoline Fuel,A/T,Blue,Brown,None reported,Yes,54500.0,6,,1,0,Moderate
INFINITI,QX60 Base,2018,,Gasoline,295.0HP 3.5L V6 Cylinder Engine Gasoline Fuel,CVT Transmission,Black,Black,None reported,Yes,27000.0,8,,0,0,Moderate
Lexus,IS 250C Base,2010,,Gasoline,204.0HP 2.5L V6 Cylinder Engine Gasoline Fuel,6-Speed M/T,Black,Beige,None reported,Yes,18500.0,16,,1,0,Old
GMC,Sierra 1500 Denali,2019,,Gasoline,5.3L V8 16V GDI OHV,Automatic,Onyx Black,Walnut,None reported,,51899.0,7,,0,0,Moderate
Chevrolet,SSR Base,2005,,Gasoline,6.0L V8 16V MPFI OHV,4-Speed Automatic,Redline Red,Ebony,None reported,Yes,20995.0,21,,0,0,Very Old
Dodge,Challenger R/T,2014,,Gasoline,375.0HP 5.7L 8 Cylinder Engine Gasoline Fuel,5-Speed A/T,Gray,Red,None reported,Yes,19750.0,12,,0,0,Old
Hyundai,Equus Signature,2016,,Gasoline,429.0HP 5.0L 8 Cylinder Engine Gasoline Fuel,8-Speed A/T,White,Beige,None reported,Yes,21400.0,10,,0,0,Moderate
Ford,Mustang GT,2003,,Gasoline,260.0HP 4.6L 8 Cylinder Engine Gasoline Fuel,A/T,Gray,Black,None reported,Yes,10500.0,23,,0,0,Very Old
Audi,e-tron Premium,2021,,,Electric,1-Speed Automatic,Navarra Blue Metallic,Black,None reported,,39599.0,5,,1,0,New
Toyota,Sequoia Limited,2023,,Hybrid,437.0HP 3.4L V6 Cylinder Engine Gas/Electric Hybrid,10-Speed A/T,Brown,Black,None reported,Yes,78900.0,3,,0,0,New
Land,Rover Range Rover Sport HST MHEV,2020,,Hybrid,395.0HP 3.0L Straight 6 Cylinder Engine Gasoline/Mild Electric Hybrid,Transmission w/Dual Shift Mode,Silver,Black,,,74900.0,6,,0,0,Moderate
Jeep,Grand Cherokee L Limited,2022,,Gasoline,3.6L V6 24V MPFI DOHC,8-Speed Automatic,Diamond Black,Global Black,None reported,,42599.0,4,,0,0,New
Maserati,GranTurismo Sport,2015,,Gasoline,454.0HP 4.7L 8 Cylinder Engine Gasoline Fuel,A/T,Beige,Brown,None reported,Yes,36000.0,11,,0,0,Old
BMW,M5 Base,2013,,Gasoline,560.0HP 4.4L 8 Cylinder Engine Gasoline Fuel,7-Speed A/T,White,Beige,At least 1 accident or damage reported,Yes,37500.0,13,,1,0,Old
Mercedes-Benz,C-Class 4MATIC Sedan,2022,,Gasoline,"2L I-4 gasoline direct injection, DOHC, variable valve control,","Automatic, 9-Spd 9G-Tronic",–,–,None reported,,43900.0,4,,1,0,New
Ford,F-150 Lariat,2011,,Gasoline,365.0HP 3.5L V6 Cylinder Engine Gasoline Fuel,6-Speed A/T,Brown,Beige,None reported,Yes,14000.0,15,,0,0,Old
Audi,A4 2.0T Premium,2012,,Gasoline,211.0HP 2.0L 4 Cylinder Engine Gasoline Fuel,A/T,White,Black,None reported,Yes,7000.0,14,,1,0,Old
BMW,540 i xDrive,2019,,Gasoline,335.0HP 3.0L Straight 6 Cylinder Engine Gasoline Fuel,8-Speed A/T,Gray,Black,At least 1 accident or damage reported,Yes,41995.0,7,,1,0,Moderate
BMW,X6 xDrive35i,2009,,Gasoline,300.0HP 3.0L Straight 6 Cylinder Engine Gasoline Fuel,6-Speed A/T,White,Black,None reported,Yes,12500.0,17,,1,0,Old
Ford,Mustang Base,1998,,Gasoline,150.0HP 3.8L V6 Cylinder Engine Gasoline Fuel,A/T,White,Gray,None reported,Yes,10300.0,28,,0,0,Very Old
Toyota,Sequoia Limited,2012,,Gasoline,381.0HP 5.7L 8 Cylinder Engine Gasoline Fuel,A/T,Black,Gray,None reported,Yes,17500.0,14,,0,0,Old
Dodge,Challenger R/T Scat Pack,2019,,–,–,6-Speed M/T,Green,Black,None reported,Yes,50000.0,7,,0,0,Moderate
Land,Rover Range Rover 3.0L Supercharged,2018,,Gasoline,5.0 Liter,Automatic,White,Espresso,None reported,,63998.0,8,,0,0,Moderate
Audi,Q8 55 Premium Plus,2021,,Hybrid,335.0HP 3.0L V6 Cylinder Engine Gasoline/Mild Electric Hybrid,Transmission w/Dual Shift Mode,Silver,Black,None reported,Yes,61059.0,5,,1,0,New
Subaru,WRX Base,2015,,Gasoline,268.0HP 2.0L 4 Cylinder Engine Gasoline Fuel,6-Speed M/T,Gray,Black,None reported,Yes,23000.0,11,,0,0,Old
Chevrolet,Suburban LT,2017,,Gasoline,355.0HP 5.3L 8 Cylinder Engine Gasoline Fuel,6-Speed A/T,Black,Black,At least 1 accident or damage reported,Yes,21000.0,9,,0,0,Moderate
INFINITI,QX60 Pure,2020,,Gasoline,295.0HP 3.5L V6 Cylinder Engine Gasoline Fuel,A/T,Gray,Gray,None reported,Yes,29900.0,6,,0,0,Moderate
Porsche,Cayman Base,2011,,Gasoline,265.0HP 2.9L Flat 6 Cylinder Engine Gasoline Fuel,A/T,Black,Brown,,,28000.0,15,,0,0,Old
INFINITI,QX60 Base,2017,,Gasoline,295.0HP 3.5L V6 Cylinder Engine Gasoline Fuel,A/T,Black,Black,None reported,Yes,16000.0,9,,0,0,Moderate
BMW,M4 Base,2018,,Gasoline,425.0HP 3.0L Straight 6 Cylinder Engine Gasoline Fuel,7-Speed A/T,Black,Black,None reported,Yes,64000.0,8,,1,0,Moderate
Land,Rover Defender SE,2023,,Hybrid,395.0HP 3.0L Straight 6 Cylinder Engine Gasoline/Mild Electric Hybrid,A/T,Black,White,None reported,Yes,90000.0,3,,0,0,New
BMW,M8 Base,2020,,Gasoline,4.4L V8 32V GDI DOHC Twin Turbo,8-Speed Automatic,Brands Hatch Gray Metallic,Black,None reported,,84900.0,6,,1,0,Moderate
Tesla,Model Y Performance,2020,,,Electric,1-Speed Automatic,Blue,Black,None reported,,41999.0,6,,0,0,Moderate
Volvo,C40 Recharge Pure Electric Twin Ultimate,2023,,,402.0HP Electric Motor Electric Fuel System,A/T,Gray,Blue,None reported,Yes,54900.0,3,,0,0,New
Mercedes-Benz,SL-Class SL 550,2011,,Gasoline,382.0HP 5.5L 8 Cylinder Engine Gasoline Fuel,Transmission w/Dual Shift Mode,Red,White,At least 1 accident or damage reported,Yes,30999.0,15,,1,0,Old
Land,Rover Range Rover P525 HSE SWB,2020,,Gasoline,518.0HP 5.0L 8 Cylinder Engine Gasoline Fuel,Transmission w/Dual Shift Mode,White,Black,At least 1 accident or damage reported,Yes,64500.0,6,,0,0,Moderate
Ford,Escape XLT,2012,,E85 Flex Fuel,240.0HP 3.0L V6 Cylinder Engine Flex Fuel Capability,6-Speed A/T,Blue,Black,None reported,Yes,4500.0,14,,0,0,Old
Lexus,ES 350 Base,2016,,Gasoline,268.0HP 3.5L V6 Cylinder Engine Gasoline Fuel,6-Speed A/T,Silver,Black,At least 1 accident or damage reported,Yes,25995.0,10,,1,0,Moderate
RAM,1500 Big Horn,2022,,Gasoline,5.7L V8 16V MPFI OHV,Automatic,Bright White Clearcoat,Black,None reported,Yes,45861.0,4,,0,0,New
Mitsubishi,Lancer Evolution IX,2006,,Gasoline,286.0HP 2.0L 4 Cylinder Engine Gasoline Fuel,5-Speed M/T,Silver,Black,None reported,Yes,57000.0,20,,0,0,Old
Acura,TL Technology,2013,,Gasoline,280.0HP 3.5L V6 Cylinder Engine Gasoline Fuel,6-Speed A/T,Blue,Gray,None reported,Yes,24000.0,13,,0,0,Old
Cadillac,CTS Luxury,2012,,Gasoline,270.0HP 3.0L V6 Cylinder Engine Gasoline Fuel,6-Speed A/T,White,Beige,None reported,Yes,10000.0,14,,0,0,Old
Chevrolet,Camaro 1SS,2022,,Gasoline,455.0HP 6.2L 8 Cylinder Engine Gasoline Fuel,6-Speed M/T,Gray,Black,At least 1 accident or damage reported,Yes,46000.0,4,,0,0,New
Toyota,Camry Hybrid LE,2022,,Hybrid,208.0HP 2.5L 4 Cylinder Engine Gas/Electric Hybrid,CVT Transmission,White,Gray,None reported,Yes,29900.0,4,,0,0,New
Ford,Transit-350 XLT,2019,,Gasoline,310.0HP 3.5L V6 Cylinder Engine Gasoline Fuel,A/T,White,Gray,None reported,Yes,39000.0,7,,0,0,Moderate
Lexus,RX 450h Base,2012,,Hybrid,295.0HP 3.5L V6 Cylinder Engine Gas/Electric Hybrid,A/T,Black,Black,None reported,Yes,7000.0,14,,1,0,Old
Jaguar,F-TYPE V6 S,2014,,Gasoline,3.0 Liter SC ULEV,Automatic,Black,Black,None reported,,32998.0,12,,0,0,Old
Jeep,Wrangler Sahara,2020,,Gasoline,3.6 Liter,Automatic,Black,Black,None reported,,38598.0,6,,0,0,Moderate
Porsche,718 Boxster S,2017,,Gasoline,350.0HP 2.5L 4 Cylinder Engine Gasoline Fuel,Transmission w/Dual Shift Mode,Blue,Black,None reported,Yes,62500.0,9,,0,0,Moderate
Lincoln,MKZ Base,2016,,Gasoline,300.0HP 3.7L V6 Cylinder Engine Gasoline Fuel,6-Speed A/T,Silver,Black,At least 1 accident or damage reported,Yes,16750.0,10,,0,0,Moderate
Chevrolet,S-10 LS Crew Cab,2001,,Gasoline,190.0HP 4.3L V6 Cylinder Engine Gasoline Fuel,A/T,Red,Gray,None reported,Yes,7000.0,25,,0,0,Very Old
Lexus,RX 350 RX 350 F SPORT Handling,2022,,Gasoline,3.5 Liter DOHC,Automatic,Black,Red,None reported,,54998.0,4,,1,0,New
BMW,750 i xDrive,2019,,Gasoline,445.0HP 4.4L 8 Cylinder Engine Gasoline Fuel,8-Speed A/T,Blue,White,At least 1 accident or damage reported,Yes,45999.0,7,,1,0,Moderate
Chevrolet,Camaro 2SS,2016,,Gasoline,455.0HP 6.2L 8 Cylinder Engine Gasoline Fuel,8-Speed A/T,Black,Red,None reported,Yes,21500.0,10,,0,0,Moderate
Ford,Fusion Hybrid SE,2013,,Hybrid,2.0L I4 16V MPFI DOHC Hybrid,Automatic CVT,Blue,Charcoal Black,None reported,Yes,7945.0,13,,0,0,Old
Hyundai,Santa Cruz 2.5T Limited,2022,,Gasoline,2.5L I4 16V PDI DOHC Turbo,Automatic,Hampton Gray,Black,None reported,,34580.0,4,,0,0,New
Lexus,RX 350 F Sport,2023,,Gasoline,2.4L I4 16V PDI DOHC Turbo,8-Speed Automatic,Ultra White,Black,None reported,,59950.0,3,,1,0,New
Land,Rover Range Rover Evoque S,2020,,Gasoline,246.0HP 2.0L 4 Cylinder Engine Gasoline Fuel,9-Speed A/T,Gray,Black,At least 1 accident or damage reported,Yes,31000.0,6,,0,0,Moderate
Chevrolet,Suburban LT,2019,,Gasoline,355.0HP 5.3L 8 Cylinder Engine Gasoline Fuel,A/T,Blue,Beige,At least 1 accident or damage reported,Yes,39000.0,7,,0,0,Moderate
Chevrolet,Camaro 1LT,2021,,Gasoline,335.0HP 3.6L V6 Cylinder Engine Gasoline Fuel,10-Speed A/T,White,Black,At least 1 accident or damage reported,Yes,30000.0,5,,0,0,New
Jeep,Gladiator Freedom,2021,,Gasoline,3.6 Liter,Automatic,Hydro Blue Pearlcoat,Black,None reported,,39998.0,5,,0,0,New
Toyota,Tacoma Double Cab,2007,,Gasoline,236.0HP 4.0L V6 Cylinder Engine Gasoline Fuel,5-Speed A/T,Silver,Silver,,,33580.0,19,,0,0,Old
GMC,Yukon Denali Ultimate,2023,,Gasoline,420.0HP 6.2L 8 Cylinder Engine Gasoline Fuel,10-Speed A/T,White,Gold,None reported,Yes,93999.0,3,,0,0,New
Ford,Shelby GT350R Base,2018,,Gasoline,526.0HP 5.2L 8 Cylinder Engine Gasoline Fuel,M/T,Blue,Black,At least 1 accident or damage reported,Yes,77999.0,8,,0,0,Moderate
Cadillac,Escalade Premium Luxury Platinum,2021,,Gasoline,6.2L V8 16V GDI OHV,10-Speed Automatic,Sandstone Metallic,Dark Auburn,None reported,Yes,79990.0,5,,0,0,New
Buick,LaCrosse Base,2017,,Gasoline,310.0HP 3.6L V6 Cylinder Engine Gasoline Fuel,8-Speed A/T,Black,Beige,None reported,Yes,20000.0,9,,0,0,Moderate
Tesla,Model X Long Range Plus,2020,,,534.0HP Electric Motor Electric Fuel System,1-Speed A/T,Black,Black,None reported,Yes,65990.0,6,,0,0,Moderate
Mercedes-Benz,E-Class E 300 4MATIC,2017,,Gasoline,241.0HP 2.0L 4 Cylinder Engine Gasoline Fuel,9-Speed A/T,Gray,Beige,None reported,Yes,28500.0,9,,1,0,Moderate
Chevrolet,Tahoe LT,2017,,E85 Flex Fuel,5.3 Liter,Automatic,Silver,Jet Black,At least 1 accident or damage reported,,39998.0,9,,0,0,Moderate
Kia,Telluride EX,2022,,Gasoline,3.8L V6 24V GDI DOHC,8-Speed Automatic,Glacial White Pearl,Black,None reported,,43329.0,4,,0,0,New
Toyota,Tundra Hybrid Limited,2023,,Hybrid,3.4L V6 24V PDI DOHC Twin Turbo Hybrid,Automatic,Midnight Black Metallic,Black,None reported,,63100.0,3,,0,0,New
Nissan,Armada Platinum,2018,,Gasoline,5.6 Liter,Automatic,White,Charcoal,At least 1 accident or damage reported,,26498.0,8,,0,0,Moderate
Land,Rover Discovery HSE,2020,,Diesel,3.0 Liter,Automatic,Portofino Blue Metallic,Tan/Ebony/Ebony,None reported,,46598.0,6,,0,0,Moderate
Kia,Telluride S,2020,,Gasoline,3.8L V6 24V GDI DOHC,8-Speed Automatic,Sangria Red,Black,None reported,,32913.0,6,,0,0,Moderate
Lexus,GS 350 F Sport,2020,,Gasoline,3.5L V6 24V PDI DOHC,6-Speed Automatic,Ultra White,Black,None reported,,45950.0,6,,1,0,Moderate
BMW,X6 xDrive40i,2022,,Hybrid,335.0HP 3.0L Straight 6 Cylinder Engine Gasoline/Mild Electric Hybrid,Transmission w/Dual Shift Mode,Gray,Orange,None reported,Yes,69000.0,4,,1,0,New
Chevrolet,Silverado 3500 High Country,2015,,Diesel,397.0HP 6.6L 8 Cylinder Engine Diesel Fuel,6-Speed A/T,Black,Brown,None reported,Yes,54000.0,11,,0,0,Old
Maserati,Quattroporte Sport GT,2007,,Gasoline,394.0HP 4.2L 8 Cylinder Engine Gasoline Fuel,Transmission w/Dual Shift Mode,Black,Black,At least 1 accident or damage reported,Yes,7999.0,19,,0,0,Old
Ford,Expedition Limited,2021,,Gasoline,3.5L V6 24V PDI DOHC Twin Turbo,10-Speed Automatic,Magnetic Metallic,Ebony,None reported,,55329.0,5,,0,0,New
Mazda,Mazda6 i Grand Touring,2016,,–,–,A/T,White,White,None reported,Yes,17800.0,10,,0,0,Moderate
Kia,Optima LX,2019,,Gasoline,185.0HP 2.4L 4 Cylinder Engine Gasoline Fuel,A/T,White,Black,None reported,Yes,16500.0,7,,0,0,Moderate
Land,Rover Range Rover Sport SVR,2018,,Gasoline,575.0HP 5.0L 8 Cylinder Engine Gasoline Fuel,Transmission w/Dual Shift Mode,Silver,White,None reported,Yes,59000.0,8,,0,0,Moderate
Lexus,RX 450h F SPORT Handling,2021,,Hybrid,3.5 Liter DOHC,Variable,Beige,Red,None reported,,52998.0,5,,1,0,New
Lincoln,Town Car Base,2004,,Gasoline,239.0HP 4.6L 8 Cylinder Engine Gasoline Fuel,4-Speed A/T,Black,White,None reported,Yes,14900.0,22,,0,0,Very Old
Honda,Civic Si,2012,,Gasoline,201.0HP 2.4L 4 Cylinder Engine Gasoline Fuel,6-Speed M/T,White,Black,None reported,Yes,19600.0,14,,0,0,Old
Lexus,RX 450h Base,2017,,Hybrid,308.0HP 3.5L V6 Cylinder Engine Gas/Electric Hybrid,A/T,White,Beige,None reported,Yes,31990.0,9,,1,0,Moderate
RAM,1500 Classic Warlock,2019,,E85 Flex Fuel,3.6L V6 24V MPFI DOHC Flexible Fuel,8-Speed Automatic,Diamond Black,Diesel Gray / Black,None reported,Yes,31953.0,7,,0,0,Moderate
Tesla,Model Y Long Range,2023,,,425.0HP Electric Motor Electric Fuel System,A/T,White,White,None reported,Yes,48000.0,3,,0,0,New
Audi,RS 3 2.5T,2023,,Gasoline,401.0HP 2.5L 5 Cylinder Engine Gasoline Fuel,Transmission w/Dual Shift Mode,Gray,Black,None reported,Yes,78900.0,3,,1,0,New
Hyundai,Genesis Coupe 3.8 R-Spec,2014,,Gasoline,348.0HP 3.8L V6 Cylinder Engine Gasoline Fuel,6-Speed M/T,Black,Black,At least 1 accident or damage reported,Yes,15000.0,12,,0,0,Old
Porsche,Boxster RS 60 Spyder,2008,,Gasoline,303.0HP 3.4L Flat 6 Cylinder Engine Gasoline Fuel,6-Speed M/T,Silver,Black,None reported,Yes,41500.0,18,,0,0,Old
Ford,F-250 XLT,2010,,Diesel,6.4L V8 32V DDI OHV Twin Turbo Diesel,6-Speed Manual,Tan,Medium Stone,None reported,Yes,26095.0,16,,0,0,Old
Kia,Sorento EX,2016,,Gasoline,2.0L I4 16V GDI DOHC Turbo,6-Speed Automatic,Snow White Pearl,Satin Black,None reported,,16999.0,10,,0,0,Moderate
Nissan,370Z Touring,2009,,Gasoline,332.0HP 3.7L V6 Cylinder Engine Gasoline Fuel,6-Speed M/T,Silver,Orange,None reported,Yes,21500.0,17,,0,0,Old
Genesis,G70 2.0T,2023,,Gasoline,252.0HP 2.0L 4 Cylinder Engine Gasoline Fuel,8-Speed A/T,White,Red,None reported,Yes,40750.0,3,,0,0,New
Land,Rover Range Rover Sport Supercharged,2013,,Gasoline,510.0HP 5.0L 8 Cylinder Engine Gasoline Fuel,Transmission w/Dual Shift Mode,White,Beige,None reported,Yes,26000.0,13,,0,0,Old
Mercedes-Benz,S-Class S 560 4MATIC,2020,,Gasoline,463.0HP 4.0L 8 Cylinder Engine Gasoline Fuel,A/T,White,Beige,None reported,Yes,69500.0,6,,1,0,Moderate
Ford,Bronco Wildtrak Advanced,2023,,Gasoline,315.0HP 2.7L V6 Cylinder Engine Gasoline Fuel,A/T,Black,Black,None reported,Yes,66500.0,3,,0,0,New
RAM,1500 SLT,2018,,E85 Flex Fuel,305.0HP 3.6L V6 Cylinder Engine Flex Fuel Capability,8-Speed A/T,Black,Gray,None reported,Yes,32000.0,8,,0,0,Moderate
Dodge,Challenger R/T,2010,,–,–,A/T,Black,Black,None reported,Yes,17500.0,16,,0,0,Old
Chevrolet,Sonic LT,2013,,–,–,A/T,Gray,Black,None reported,Yes,7500.0,13,,0,0,Old
Jeep,Grand Cherokee Laredo,2013,,E85 Flex Fuel,290.0HP 3.6L V6 Cylinder Engine Flex Fuel Capability,6-Speed A/T,Black,Black,None reported,Yes,13500.0,13,,0,0,Old
Audi,RS 5 4.2,2013,,Gasoline,450.0HP 4.2L 8 Cylinder Engine Gasoline Fuel,7-Speed A/T,White,Black,At least 1 accident or damage reported,Yes,35999.0,13,,1,0,Old
Jeep,Grand Cherokee L Overland,2022,,Gasoline,3.6L V6 24V MPFI DOHC,Automatic,Silver Zynith,Global Black,At least 1 accident or damage reported,Yes,48995.0,4,,0,0,New
Mazda,MX-5 Miata Base,1992,,–,–,5-Speed M/T,Red,Black,None reported,Yes,11500.0,34,,0,0,Very Old
Chrysler,Crossfire Limited,2005,,Gasoline,215.0HP 3.2L V6 Cylinder Engine Gasoline Fuel,5-Speed A/T,Gray,Red,At least 1 accident or damage reported,Yes,6000.0,21,,0,0,Very Old
Audi,S5 4.2 Premium Plus,2011,,Gasoline,354.0HP 4.2L 8 Cylinder Engine Gasoline Fuel,6-Speed M/T,Black,Red,At least 1 accident or damage reported,Yes,9900.0,15,,1,0,Old
Tesla,Model X Base,2023,,,670.0HP Electric Motor Electric Fuel System,A/T,Blue,Black,None reported,Yes,85000.0,3,,0,0,New
Cadillac,CT4 Luxury,2020,,Gasoline,237.0HP 2.0L 4 Cylinder Engine Gasoline Fuel,8-Speed A/T,Blue,Black,None reported,Yes,28500.0,6,,0,0,Moderate
Maserati,Ghibli S Q4,2014,,Gasoline,404.0HP 3.0L V6 Cylinder Engine Gasoline Fuel,A/T,Black,Black,None reported,Yes,19000.0,12,,0,0,Old
Jaguar,F-PACE 25t Premium,2019,,Gasoline,247.0HP 2.0L 4 Cylinder Engine Gasoline Fuel,A/T,White,Black,None reported,Yes,34500.0,7,,0,0,Moderate
BMW,750 i xDrive,2019,,Gasoline,445.0HP 4.4L 8 Cylinder Engine Gasoline Fuel,A/T,Gray,Black,At least 1 accident or damage reported,Yes,44495.0,7,,1,0,Moderate
Acura,TLX V6 Advance,2019,,Gasoline,3.5L V6 24V GDI SOHC,9-Speed Automatic,Platinum White Pearl,Ebony,At least 1 accident or damage reported,,30999.0,7,,0,0,Moderate
GMC,Terrain SLT-1,2015,,Gasoline,182.0HP 2.4L 4 Cylinder Engine Gasoline Fuel,6-Speed A/T,Gray,Black,At least 1 accident or damage reported,Yes,9500.0,11,,0,0,Old
BMW,i3 Base w/Range Extender,2014,,,170.0HP 0.65L Electric Motor Electric Fuel System,1-Speed A/T,Black,Gray,None reported,Yes,12800.0,12,,1,0,Old
Nissan,Versa 1.8 S,2011,,Gasoline,122.0HP 1.8L 4 Cylinder Engine Gasoline Fuel,A/T,Blue,Gray,None reported,Yes,4500.0,15,,0,0,Old
Mercedes-Benz,C-Class C 300 4MATIC,2019,,Gasoline,255.0HP 2.0L 4 Cylinder Engine Gasoline Fuel,9-Speed A/T,White,Beige,None reported,Yes,33500.0,7,,1,0,Moderate
Toyota,Matrix XRS,2003,,Gasoline,180.0HP 1.8L 4 Cylinder Engine Gasoline Fuel,6-Speed M/T,Black,Black,None reported,Yes,4199.0,23,,0,0,Very Old
RAM,1500 Limited,2021,,Gasoline,395.0HP 5.7L 8 Cylinder Engine Gasoline Fuel,8-Speed A/T,Black,Black,None reported,Yes,54800.0,5,,0,0,New
Mercedes-Benz,AMG E 53 Base 4MATIC,2022,,Hybrid,429.0HP 3.0L Straight 6 Cylinder Engine Gasoline/Mild Electric Hybrid,9-Speed A/T,Silver,Black,None reported,Yes,81500.0,4,,1,0,New
Audi,A5 2.0T Premium,2018,,Gasoline,252.0HP 2.0L 4 Cylinder Engine Gasoline Fuel,A/T,White,Brown,At least 1 accident or damage reported,Yes,28000.0,8,,1,0,Moderate
Lincoln,Navigator Reserve,2019,,Gasoline,450.0HP 3.5L V6 Cylinder Engine Gasoline Fuel,10-Speed A/T,Beige,Beige,None reported,Yes,52999.0,7,,0,0,Moderate
Audi,A6 3.2 quattro,2008,,Gasoline,255.0HP 3.2L V6 Cylinder Engine Gasoline Fuel,A/T,Blue,Gray,At least 1 accident or damage reported,Yes,5700.0,18,,1,0,Old
Chevrolet,Silverado 1500 LT Crew Cab,2006,,Gasoline,345.0HP 6.0L 8 Cylinder Engine Gasoline Fuel,A/T,Black,Black,At least 1 accident or damage reported,Yes,6995.0,20,,0,0,Old
Mercedes-Benz,S-Class S 560,2019,,Gasoline,4.0 Liter,Automatic,designo Diamond White,Black,None reported,,49998.0,7,,1,0,Moderate
Volvo,XC90 T6 Momentum,2018,,Gasoline,2.0L I4 16V GDI DOHC,8-Speed Automatic,White,Amber,None reported,,25999.0,8,,0,0,Moderate
Toyota,Camry SE,2011,,Gasoline,179.0HP 2.5L 4 Cylinder Engine Gasoline Fuel,A/T,Gray,Gray,At least 1 accident or damage reported,Yes,7700.0,15,,0,0,Old
Mercedes-Benz,Metris Base,2018,,Gasoline,208.0HP 2.0L 4 Cylinder Engine Gasoline Fuel,7-Speed A/T,Black,Black,None reported,Yes,29497.0,8,,1,0,Moderate
Chevrolet,Camaro 2LT,2010,,Gasoline,304.0HP 3.6L V6 Cylinder Engine Gasoline Fuel,6-Speed A/T,Black,Black,At least 1 accident or damage reported,Yes,17000.0,16,,0,0,Old
Mazda,MX-5 Miata Grand Touring,2012,,Gasoline,167.0HP 2.0L 4 Cylinder Engine Gasoline Fuel,6-Speed M/T,Blue,Beige,At least 1 accident or damage reported,Yes,20199.0,14,,0,0,Old
Ford,Escape SE,2015,,Gasoline,173.0HP 1.6L 4 Cylinder Engine Gasoline Fuel,6-Speed A/T,White,Gray,None reported,Yes,16250.0,11,,0,0,Old
Mercedes-Benz,S-Class S 63 AMG,2015,,Gasoline,5.5 Liter,Automatic,Black,Black,At least 1 accident or damage reported,,59598.0,11,,1,0,Old
Kia,Niro EX,2023,,Hybrid,1.6L I4 16V GDI DOHC Hybrid,Automatic,Snow White Pearl,Charcoal,None reported,,31113.0,3,,0,0,New
Porsche,Boxster Base,2010,,Gasoline,255.0HP 2.9L Flat 6 Cylinder Engine Gasoline Fuel,6-Speed M/T,Gray,Gray,At least 1 accident or damage reported,Yes,20900.0,16,,0,0,Old
Toyota,4Runner Trail,2016,,Gasoline,270.0HP 4.0L V6 Cylinder Engine Gasoline Fuel,5-Speed A/T,Gray,Black,None reported,Yes,27750.0,10,,0,0,Moderate
Hyundai,Kona EV SEL,2019,,,201.0HP Electric Motor Electric Fuel System,1-Speed A/T,Black,Black,None reported,Yes,18200.0,7,,0,0,Moderate
Land,Rover Range Rover Evoque SE,2016,,Gasoline,240.0HP 2.0L 4 Cylinder Engine Gasoline Fuel,9-Speed A/T,Black,Black,None reported,Yes,18750.0,10,,0,0,Moderate
Ford,E350 Super Duty XLT,2012,,E85 Flex Fuel,255.0HP 5.4L 8 Cylinder Engine Flex Fuel Capability,A/T,White,Gray,None reported,Yes,19550.0,14,,0,0,Old
Mercedes-Benz,SL-Class SL500 Roadster,2004,,Gasoline,302.0HP 5.0L 8 Cylinder Engine Gasoline Fuel,7-Speed A/T,Black,Gray,None reported,Yes,24900.0,22,,1,0,Very Old
Jeep,Compass Trailhawk,2018,,Gasoline,180.0HP 2.4L 4 Cylinder Engine Gasoline Fuel,9-Speed A/T,Gray,Black,None reported,Yes,22000.0,8,,0,0,Moderate
Mercedes-Benz,S-Class S 560 4MATIC,2018,,Gasoline,4.0 Liter,Automatic,Anthracite Blue Metallic,Silk Beige/Espresso Brown,None reported,,40998.0,8,,1,0,Moderate
Tesla,Model X P90D,2016,,,691.0HP Electric Motor Electric Fuel System,A/T,Silver,White,None reported,Yes,39500.0,10,,0,0,Moderate
Lexus,IS-F Base,2010,,Gasoline,416.0HP 5.0L 8 Cylinder Engine Gasoline Fuel,8-Speed A/T,Blue,Black,At least 1 accident or damage reported,Yes,44800.0,16,,1,0,Old
BMW,335 i,2010,,Gasoline,300.0HP 3.0L Straight 6 Cylinder Engine Gasoline Fuel,6-Speed A/T,Black,Black,None reported,Yes,13000.0,16,,1,0,Old
Buick,Lucerne CXL,2006,,Gasoline,275.0HP 4.6L 8 Cylinder Engine Gasoline Fuel,A/T,Gold,Beige,None reported,Yes,5000.0,20,,0,0,Old
Lincoln,MKX Reserve,2016,,Gasoline,335.0HP 2.7L V6 Cylinder Engine Gasoline Fuel,Transmission w/Dual Shift Mode,Black,Black,None reported,Yes,18500.0,10,,0,0,Moderate
Nissan,Armada Platinum,2018,,Gasoline,390.0HP 5.6L 8 Cylinder Engine Gasoline Fuel,Transmission w/Dual Shift Mode,Blue,Gray,None reported,Yes,37000.0,8,,0,0,Moderate
Mercedes-Benz,E-Class 400E,1993,,–,–,4-Speed A/T,White,Gray,None reported,Yes,15300.0,33,,1,0,Very Old
BMW,435 Gran Coupe i,2015,,Gasoline,300.0HP 3.0L Straight 6 Cylinder Engine Gasoline Fuel,8-Speed A/T,Blue,Beige,None reported,Yes,24995.0,11,,1,0,Old
Jeep,Wagoneer Series III,2022,,Gasoline,5.7L V8 16V MPFI OHV,8-Speed Automatic,Velvet Red Pearlcoat,Global Black,None reported,Yes,69685.0,4,,0,0,New
Cadillac,ATS 2.5L,2013,,Gasoline,202.0HP 2.5L 4 Cylinder Engine Gasoline Fuel,A/T,Black,Black,At least 1 accident or damage reported,Yes,12995.0,13,,0,0,Old
Ford,Transit Connect XLT,2010,,Gasoline,136.0HP 2.0L 4 Cylinder Engine Gasoline Fuel,A/T,White,Gray,At least 1 accident or damage reported,Yes,10900.0,16,,0,0,Old
Kia,EV6 GT-Line,2022,,,320.0HP Electric Motor Electric Fuel System,1-Speed A/T,Red,Black,None reported,Yes,47500.0,4,,0,0,New
Audi,S5 3.0T Premium Plus,2014,,Gasoline,333.0HP 3.0L V6 Cylinder Engine Gasoline Fuel,6-Speed M/T,Silver,Black,,,25990.0,12,,1,0,Old
Toyota,Tundra SR,2018,,Gasoline,381.0HP 5.7L 8 Cylinder Engine Gasoline Fuel,A/T,Black,Gray,None reported,Yes,38000.0,8,,0,0,Moderate
Jeep,Wrangler Unlimited Freedom Edition,2013,,Gasoline,285.0HP 3.6L V6 Cylinder Engine Gasoline Fuel,A/T,Green,Black,None reported,Yes,35000.0,13,,0,0,Old
Maserati,Quattroporte Base,2006,,Gasoline,394.0HP 4.2L 8 Cylinder Engine Gasoline Fuel,Transmission w/Dual Shift Mode,Gray,Beige,None reported,Yes,16500.0,20,,0,0,Old
Mercedes-Benz,CLS-Class CLS500,2006,,Gasoline,302.0HP 5.0L 8 Cylinder Engine Gasoline Fuel,7-Speed A/T,Blue,Beige,,,16750.0,20,,1,0,Old
GMC,Sierra 3500 SLE,2002,,Diesel,300.0HP 6.6L 8 Cylinder Engine Diesel Fuel,5-Speed A/T,Black,Gray,At least 1 accident or damage reported,Yes,5000.0,24,,0,0,Very Old
Nissan,Frontier SL,2011,,Gasoline,261.0HP 4.0L V6 Cylinder Engine Gasoline Fuel,5-Speed A/T,Gray,Gray,At least 1 accident or damage reported,Yes,17000.0,15,,0,0,Old
Land,Rover Defender X-Dynamic SE,2023,,Hybrid,3.0 Liter,Automatic,Fuji White,Black,None reported,,81998.0,3,,0,0,New
Ford,F-150 XL,2016,,E85 Flex Fuel,385.0HP 5.0L 8 Cylinder Engine Flex Fuel Capability,6-Speed A/T,White,Gray,At least 1 accident or damage reported,Yes,22000.0,10,,0,0,Moderate
Porsche,911 Carrera S,2010,,Gasoline,385.0HP 3.8L Flat 6 Cylinder Engine Gasoline Fuel,6-Speed M/T,Black,Black,None reported,Yes,71400.0,16,,0,0,Old
Volvo,XC70 3.2,2008,,Gasoline,235.0HP 3.2L Straight 6 Cylinder Engine Gasoline Fuel,6-Speed A/T,White,Beige,,,11400.0,18,,0,0,Old
Chrysler,300 Touring,2021,,Gasoline,3.6 Liter,Automatic,Silver Mist,Black,None reported,,27798.0,5,,0,0,New
Honda,Insight EX,2020,,Hybrid,151.0HP 1.5L 4 Cylinder Engine Gas/Electric Hybrid,CVT Transmission,White,Black,At least 1 accident or damage reported,Yes,20499.0,6,,0,0,Moderate
Porsche,Cayman S,2006,,Gasoline,3.4L H6 24V MPFI DOHC,5-Speed Automatic,Black,Black / Stone Grey,None reported,Yes,36250.0,20,,0,0,Old
Tesla,Model Y Performance,2022,,,455.0HP Electric Motor Electric Fuel System,1-Speed A/T,White,White,None reported,Yes,47800.0,4,,0,0,New
BMW,M5 Competition,2020,,Gasoline,617.0HP 4.4L 8 Cylinder Engine Gasoline Fuel,8-Speed A/T,Orange,Black,None reported,Yes,71950.0,6,,1,0,Moderate
Audi,S4 4.2 quattro,2004,,Gasoline,340.0HP 4.2L 8 Cylinder Engine Gasoline Fuel,6-Speed M/T,Silver,Gray,None reported,Yes,16000.0,22,,1,0,Very Old
Ford,F-250 Platinum,2021,,Diesel,6.7L V8 32V DDI OHV Turbo Diesel,Automatic,Antimatter Blue Metallic,Black,None reported,,69998.0,5,,0,0,New
Kia,Seltos S,2023,,Gasoline,146.0HP 2.0L 4 Cylinder Engine Gasoline Fuel,A/T,White,Black,None reported,Yes,32500.0,3,,0,0,New
RAM,ProMaster 2500 High Roof,2019,,Gasoline,280.0HP 3.6L V6 Cylinder Engine Gasoline Fuel,A/T,White,Black,At least 1 accident or damage reported,Yes,33500.0,7,,0,0,Moderate
BMW,M760 M760i xDrive,2020,,Gasoline,6.6 Liter Twin Turbo,Automatic,White,Black,None reported,,80998.0,6,,1,0,Moderate
Mercedes-Benz,E-Class E 400,2015,,Gasoline,329.0HP 3.0L V6 Cylinder Engine Gasoline Fuel,A/T,White,Black,At least 1 accident or damage reported,Yes,29000.0,11,,1,0,Old
Cadillac,XTS Luxury,2016,,Gasoline,304.0HP 3.6L V6 Cylinder Engine Gasoline Fuel,A/T,Blue,Beige,At least 1 accident or damage reported,Yes,14599.0,10,,0,0,Moderate
INFINITI,Q50 Premium,2014,,Gasoline,328.0HP 3.7L V6 Cylinder Engine Gasoline Fuel,7-Speed A/T,Black,Black,At least 1 accident or damage reported,Yes,19990.0,12,,0,0,Old
Volkswagen,Touareg V6 Executive,2017,,Gasoline,280.0HP 3.6L V6 Cylinder Engine Gasoline Fuel,8-Speed A/T,Red,Brown,At least 1 accident or damage reported,Yes,28890.0,9,,0,0,Moderate
Chevrolet,Suburban 1500 LTZ,2011,,E85 Flex Fuel,320.0HP 5.3L 8 Cylinder Engine Flex Fuel Capability,6-Speed A/T,Black,Black,None reported,Yes,9950.0,15,,0,0,Old
Toyota,Tundra SR5,2021,,Gasoline,381.0HP 5.7L 8 Cylinder Engine Gasoline Fuel,6-Speed A/T,Green,Black,None reported,Yes,44750.0,5,,0,0,New
BMW,X1 sDrive28i,2022,,Gasoline,228.0HP 2.0L 4 Cylinder Engine Gasoline Fuel,8-Speed A/T,Gray,Black,None reported,Yes,35750.0,4,,1,0,New
Mercedes-Benz,GL-Class GL 550 4MATIC,2016,,Gasoline,429.0HP 4.7L 8 Cylinder Engine Gasoline Fuel,7-Speed A/T,Black,Beige,None reported,Yes,35300.0,10,,1,0,Moderate
Cadillac,XTS Luxury,2019,,Gasoline,304.0HP 3.6L V6 Cylinder Engine Gasoline Fuel,6-Speed A/T,Black,Black,None reported,Yes,21000.0,7,,0,0,Moderate
Jaguar,XJ8 Base,2004,,Gasoline,294.0HP 4.2L 8 Cylinder Engine Gasoline Fuel,6-Speed A/T,Black,Beige,At least 1 accident or damage reported,Yes,9500.0,22,,0,0,Very Old
Mercedes-Benz,Sprinter 2500,2012,,Diesel,188.0HP 3.0L V6 Cylinder Engine Diesel Fuel,A/T,White,–,At least 1 accident or damage reported,Yes,24000.0,14,,1,0,Old
Mercedes-Benz,C-Class C 300 4MATIC,2022,,Gasoline,2.0L I4 16V GDI DOHC Turbo,9-Speed Automatic,Cirrus Silver Metallic,AMG Black,None reported,,42999.0,4,,1,0,New
Dodge,Dakota SLT,2003,,Gasoline,230.0HP 4.7L 8 Cylinder Engine Gasoline Fuel,A/T,Red,Gray,At least 1 accident or damage reported,Yes,5700.0,23,,0,0,Very Old
Audi,A5 2.0T Premium Plus,2012,,Gasoline,211.0HP 2.0L 4 Cylinder Engine Gasoline Fuel,8-Speed A/T,White,Black,None reported,Yes,13800.0,14,,1,0,Old
Audi,A5 2.0T Premium,2018,,Gasoline,252.0HP 2.0L 4 Cylinder Engine Gasoline Fuel,Transmission w/Dual Shift Mode,Pink,Brown,At least 1 accident or damage reported,Yes,31500.0,8,,1,0,Moderate
Audi,S5 3.0 Premium Plus,2012,,Gasoline,333.0HP 3.0L V6 Cylinder Engine Gasoline Fuel,7-Speed A/T,White,Gray,None reported,Yes,19500.0,14,,1,0,Old
Porsche,Panamera GTS,2015,,Gasoline,440.0HP 4.8L 8 Cylinder Engine Gasoline Fuel,Transmission w/Dual Shift Mode,Black,Black,None reported,Yes,52590.0,11,,0,0,Old
Chevrolet,Camaro 2SS,2023,,Gasoline,455.0HP 6.2L 8 Cylinder Engine Gasoline Fuel,6-Speed M/T,Red,Black,None reported,Yes,51500.0,3,,0,0,New
Audi,Q7 Premium Plus,2023,,Hybrid,3.0 Liter TFSI,Automatic,Mythos Black,Black,None reported,,61998.0,3,,1,0,New
Maserati,GranTurismo MC,2018,,Gasoline,454.0HP 4.7L 8 Cylinder Engine Gasoline Fuel,Transmission w/Dual Shift Mode,Red,Black,None reported,Yes,67000.0,8,,0,0,Moderate
GMC,Sierra 2500 AT4,2022,,Gasoline,6.6L V8 16V GDI OHV,Automatic,Cayenne Red Tintcoat,Jet Black,At least 1 accident or damage reported,,67963.0,4,,0,0,New
Cadillac,XT6 Sport AWD,2020,,Gasoline,3.6L V6 24V GDI DOHC,9-Speed Automatic,Garnet Red Metallic,Jet Black,At least 1 accident or damage reported,,49427.0,6,,0,0,Moderate
Jeep,Grand Cherokee L Laredo,2022,,Gasoline,3.6L V6 24V MPFI DOHC,Automatic,Bright White Clearcoat,Global Black,,,43389.0,4,,0,0,New
Chevrolet,Avalanche 1500 LT,2012,,E85 Flex Fuel,320.0HP 5.3L 8 Cylinder Engine Flex Fuel Capability,A/T,Black,Black,None reported,Yes,18000.0,14,,0,0,Old
BMW,M5 Base,2018,,Gasoline,600.0HP 4.4L 8 Cylinder Engine Gasoline Fuel,Transmission w/Dual Shift Mode,White,White,None reported,Yes,60200.0,8,,1,0,Moderate
Nissan,Titan SE,2009,,E85 Flex Fuel,317.0HP 5.6L 8 Cylinder Engine Flex Fuel Capability,A/T,Brown,Gray,None reported,Yes,19500.0,17,,0,0,Old
Dodge,Ram 1500 SRT-10 Quad Cab,2005,,Gasoline,500.0HP 8.3L 10 Cylinder Engine Gasoline Fuel,4-Speed A/T,Red,Black,At least 1 accident or damage reported,Yes,19000.0,21,,0,0,Very Old
GMC,Sierra 1500 SLT,2013,,E85 Flex Fuel,315.0HP 5.3L 8 Cylinder Engine Flex Fuel Capability,A/T,White,Black,None reported,Yes,15500.0,13,,0,0,Old
Lexus,RX 350 F Sport,2017,,Gasoline,295.0HP 3.5L V6 Cylinder Engine Gasoline Fuel,A/T,Black,Red,None reported,Yes,33000.0,9,,1,0,Moderate
Mercedes-Benz,GL-Class GL 450 4MATIC,2012,,Gasoline,335.0HP 4.6L 8 Cylinder Engine Gasoline Fuel,7-Speed A/T,Black,Black,At least 1 accident or damage reported,Yes,11999.0,14,,1,0,Old
INFINITI,QX80 Luxe,2022,,Gasoline,5.6L V8 32V GDI DOHC,Automatic,Black Obsidian,Graphite,At least 1 accident or damage reported,Yes,47645.0,4,,0,0,New
Mercedes-Benz,AMG C 63 S,2021,,Gasoline,503.0HP 4.0L 8 Cylinder Engine Gasoline Fuel,9-Speed A/T,Blue,Black,None reported,Yes,75000.0,5,,1,0,New
BMW,528 i xDrive,2016,,Gasoline,240.0HP 2.0L 4 Cylinder Engine Gasoline Fuel,A/T,Brown,Brown,At least 1 accident or damage reported,Yes,13500.0,10,,1,0,Moderate
Porsche,911 Carrera,2014,,Gasoline,350.0HP 3.4L Flat 6 Cylinder Engine Gasoline Fuel,Transmission w/Dual Shift Mode,Brown,Brown,None reported,Yes,68000.0,12,,0,0,Old
Porsche,Boxster S,2005,,Gasoline,280.0HP 3.2L Flat 6 Cylinder Engine Gasoline Fuel,A/T,Blue,Gray,None reported,Yes,21750.0,21,,0,0,Very Old
BMW,X6 M Base,2021,,Gasoline,600.0HP 4.4L 8 Cylinder Engine Gasoline Fuel,8-Speed A/T,Black,Black,None reported,Yes,94000.0,5,,1,0,New
Ford,Mustang Premium,2007,,Gasoline,210.0HP 4.0L V6 Cylinder Engine Gasoline Fuel,A/T,White,Black,None reported,Yes,9450.0,19,,0,0,Old
Rivian,R1S Launch Edition,2023,,,835.0HP Electric Motor Electric Fuel System,1-Speed A/T,Silver,Gray,None reported,Yes,89999.0,3,,0,0,New
Volvo,XC90 Recharge Plug-In Hybrid T8 Inscription 7 Passenger,2022,,Hybrid,2.0L I4 16V GDI DOHC Hybrid,8-Speed Automatic,Black,Gray,None reported,,61999.0,4,,0,0,New
BMW,528 i xDrive,2016,,Gasoline,240.0HP 2.0L 4 Cylinder Engine Gasoline Fuel,A/T,White,White,None reported,Yes,16000.0,10,,1,0,Moderate
Cadillac,Escalade ESV Platinum,2016,,Gasoline,420.0HP 6.2L 8 Cylinder Engine Gasoline Fuel,8-Speed A/T,White,Beige,None reported,Yes,29500.0,10,,0,0,Moderate
Chevrolet,Corvette Base,2004,,Gasoline,350.0HP 5.7L 8 Cylinder Engine Gasoline Fuel,6-Speed M/T,Gray,Black,None reported,Yes,25900.0,22,,0,0,Very Old
Audi,A5 2.0T Premium,2013,,Gasoline,211.0HP 2.0L 4 Cylinder Engine Gasoline Fuel,Transmission w/Dual Shift Mode,Blue,Beige,None reported,Yes,11500.0,13,,1,0,Old
Audi,TT 2.0T Premium,2012,,Gasoline,211.0HP 2.0L 4 Cylinder Engine Gasoline Fuel,Transmission w/Dual Shift Mode,Silver,Black,None reported,Yes,17000.0,14,,1,0,Old
Buick,LaCrosse CX,2007,,Gasoline,200.0HP 3.8L V6 Cylinder Engine Gasoline Fuel,4-Speed A/T,Red,Gray,None reported,Yes,6500.0,19,,0,0,Old
Chevrolet,Camaro 2SS,2017,,Gasoline,455.0HP 6.2L 8 Cylinder Engine Gasoline Fuel,8-Speed A/T,White,Black,None reported,Yes,44900.0,9,,0,0,Moderate
Tesla,Model Y Long Range,2023,,,425.0HP Electric Motor Electric Fuel System,A/T,White,Black,None reported,Yes,52000.0,3,,0,0,New
BMW,M3 Base,2015,,Gasoline,425.0HP 3.0L Straight 6 Cylinder Engine Gasoline Fuel,M/T,Gray,Black,None reported,Yes,40000.0,11,,1,0,Old
Kia,Optima LX,2011,,Gasoline,200.0HP 2.4L 4 Cylinder Engine Gasoline Fuel,A/T,Red,–,At least 1 accident or damage reported,Yes,6900.0,15,,0,0,Old
Toyota,Supra 3.0 Premium,2022,,Gasoline,382.0HP 3.0L Straight 6 Cylinder Engine Gasoline Fuel,A/T,Black,Black,None reported,Yes,53568.0,4,,0,0,New
Lincoln,Nautilus Reserve,2021,,Gasoline,2.0L I4 16V GDI DOHC Turbo,8-Speed Automatic,Pristine White,Slate,None reported,,43860.0,5,,0,0,New
Nissan,Pathfinder SL,2015,,Gasoline,260.0HP 3.5L V6 Cylinder Engine Gasoline Fuel,A/T,Gray,Black,None reported,Yes,11995.0,11,,0,0,Old
BMW,X5 xDrive50i,2015,,Gasoline,445.0HP 4.4L 8 Cylinder Engine Gasoline Fuel,Transmission w/Dual Shift Mode,Black,Brown,At least 1 accident or damage reported,Yes,26500.0,11,,1,0,Old
Mazda,MazdaSpeed3 Grand Touring,2008,,Gasoline,263.0HP 2.3L 4 Cylinder Engine Gasoline Fuel,6-Speed M/T,Black,Black,At least 1 accident or damage reported,Yes,6500.0,18,,0,0,Old
GMC,Yukon XL SLT,2017,,Gasoline,355.0HP 5.3L 8 Cylinder Engine Gasoline Fuel,A/T,Black,Black,None reported,Yes,45500.0,9,,0,0,Moderate
Toyota,bZ4X Limited,2023,,,Electric,Automatic,Wind Chill Pearl,Black,None reported,,41999.0,3,,0,0,New
RAM,ProMaster 2500 High Roof,2018,,Gasoline,280.0HP 3.6L V6 Cylinder Engine Gasoline Fuel,6-Speed A/T,White,Gray,None reported,Yes,36990.0,8,,0,0,Moderate
RAM,1500 Classic SLT,2021,,Gasoline,3.6L V6 24V MPFI DOHC,8-Speed Automatic,Patriot Blue Pearlcoat,Black,None reported,Yes,35113.0,5,,0,0,New
Lexus,GS 350 Base,2014,,Gasoline,3.5 Liter,Automatic,Nebula Gray Pearl,Black,At least 1 accident or damage reported,,23998.0,12,,1,0,Old
Hyundai,Tucson Limited,2016,,Gasoline,175.0HP 1.6L 4 Cylinder Engine Gasoline Fuel,7-Speed A/T,Brown,Beige,None reported,Yes,10990.0,10,,0,0,Moderate
Chevrolet,SSR Base,2003,,Gasoline,300.0HP 5.3L 8 Cylinder Engine Gasoline Fuel,A/T,Red,Black,None reported,Yes,16999.0,23,,0,0,Very Old
Maserati,GranTurismo Base,2013,,Gasoline,440.0HP 4.7L 8 Cylinder Engine Gasoline Fuel,6-Speed A/T,Gray,Brown,None reported,Yes,38900.0,13,,0,0,Old
Tesla,Model X Performance,2020,,,Electric,1-Speed Automatic,Black,Black,None reported,,65999.0,6,,0,0,Moderate
BMW,M2 Base,2018,,Gasoline,365.0HP 3.0L Straight 6 Cylinder Engine Gasoline Fuel,7-Speed A/T,Black,Black,None reported,Yes,52000.0,8,,1,0,Moderate
Tesla,Model Y Long Range,2021,,,425.0HP Electric Motor Electric Fuel System,A/T,Red,Black,None reported,Yes,48500.0,5,,0,0,New
Subaru,Outback 2.5i Limited,2015,,Gasoline,175.0HP 2.5L 4 Cylinder Engine Gasoline Fuel,CVT Transmission,Gray,Black,None reported,Yes,13999.0,11,,0,0,Old
Buick,Roadmaster Estate,1996,,Gasoline,260.0HP 5.7L 8 Cylinder Engine Gasoline Fuel,4-Speed A/T,White,Beige,At least 1 accident or damage reported,Yes,16999.0,30,,0,0,Very Old
Land,Rover Range Rover 5.0L Supercharged,2017,,Gasoline,510.0HP 5.0L 8 Cylinder Engine Gasoline Fuel,A/T,Silver,Black,None reported,Yes,36500.0,9,,0,0,Moderate
Ford,Expedition Max XLT,2021,,Gasoline,3.5L V6 24V PDI DOHC Twin Turbo,10-Speed Automatic,Blue,Ebony,None reported,Yes,42691.0,5,,0,0,New
Nissan,Leaf SL,2012,,,107.0HP Electric Motor Electric Fuel System,1-Speed A/T,White,Beige,None reported,Yes,6700.0,14,,0,0,Old
Toyota,Tacoma TRD Pro,2019,,Gasoline,3.5L V6 24V PDI DOHC,6-Speed,Super White,Black,None reported,,42886.0,7,,0,0,Moderate
BMW,230 i,2019,,Gasoline,248.0HP 2.0L 4 Cylinder Engine Gasoline Fuel,8-Speed A/T,Blue,Beige,At least 1 accident or damage reported,Yes,29000.0,7,,1,0,Moderate
Lexus,ES 350 Base,2007,,Gasoline,272.0HP 3.5L V6 Cylinder Engine Gasoline Fuel,6-Speed A/T,Silver,Beige,At least 1 accident or damage reported,Yes,10600.0,19,,1,0,Old
Porsche,911 Carrera S Cabriolet,2007,,Gasoline,3.8L H6 24V MPFI DOHC,6-Speed Manual,White,Beige,,,69995.0,19,,0,0,Old
Porsche,Taycan Turbo,2020,,,Dual AC Electric Motors,Single-Speed Fixed Gear,BLACK,BEIGE,None reported,,96900.0,6,,0,0,Moderate
Maserati,Levante Modena,2023,,Gasoline,3.0L V6 24V GDI DOHC Twin Turbo,8-Speed Automatic,Blu,Black,None reported,Yes,88950.0,3,,0,0,New
Dodge,Challenger SRT Hellcat,2020,,Gasoline,717.0HP 6.2L 8 Cylinder Engine Gasoline Fuel,8-Speed A/T,Black,Black,At least 1 accident or damage reported,Yes,69900.0,6,,0,0,Moderate
Mazda,Mazda6 Touring,2021,,Gasoline,187.0HP 2.5L 4 Cylinder Engine Gasoline Fuel,A/T,Blue,Black,,,25900.0,5,,0,0,New
Audi,S4 3.0T Premium,2019,,Gasoline,349.0HP 3.0L V6 Cylinder Engine Gasoline Fuel,A/T,Black,Black,None reported,Yes,48000.0,7,,1,0,Moderate
Ford,Mustang GT Premium,2016,,Gasoline,435.0HP 5.0L 8 Cylinder Engine Gasoline Fuel,6-Speed M/T,Black,Black,None reported,Yes,33900.0,10,,0,0,Moderate
Tesla,Model Y Long Range,2022,,,425.0HP Electric Motor Electric Fuel System,A/T,Blue,Black,None reported,Yes,44400.0,4,,0,0,New
Audi,TTS 2.0T Premium Plus,2011,,Gasoline,265.0HP 2.0L 4 Cylinder Engine Gasoline Fuel,6-Speed A/T,Orange,–,At least 1 accident or damage reported,Yes,23000.0,15,,1,0,Old
BMW,M2 Competition,2020,,Gasoline,405.0HP 3.0L Straight 6 Cylinder Engine Gasoline Fuel,7-Speed A/T,Black,Black,None reported,Yes,55000.0,6,,1,0,Moderate
Audi,Q4 e-tron Sportback Premium,2023,,,295.0HP Electric Motor Electric Fuel System,A/T,Blue,Black,None reported,Yes,54900.0,3,,1,0,New
BMW,740 i,2016,,Gasoline,320.0HP 3.0L Straight 6 Cylinder Engine Gasoline Fuel,8-Speed A/T,Gray,Black,None reported,Yes,27500.0,10,,1,0,Moderate
Mercedes-Benz,AMG GLE 43 Coupe 4MATIC,2018,,Gasoline,385.0HP 3.0L V6 Cylinder Engine Gasoline Fuel,Transmission w/Dual Shift Mode,Gray,Black,None reported,Yes,49999.0,8,,1,0,Moderate
Mercedes-Benz,S-Class S 550 4MATIC,2015,,Gasoline,449.0HP 4.7L 8 Cylinder Engine Gasoline Fuel,7-Speed A/T,White,Beige,None reported,Yes,37000.0,11,,1,0,Old
Honda,S2000 Base,2002,,Gasoline,240.0HP 2.0L 4 Cylinder Engine Gasoline Fuel,6-Speed M/T,Yellow,Red,None reported,Yes,27000.0,24,,0,0,Very Old
Chevrolet,Corvette Base,2000,,Gasoline,345.0HP 5.7L 8 Cylinder Engine Gasoline Fuel,6-Speed M/T,Yellow,Black,None reported,Yes,10000.0,26,,0,0,Very Old
Chevrolet,Colorado Z71,2020,,Gasoline,3.6L V6 24V GDI DOHC,Automatic,Red,Jet Black,None reported,Yes,35387.0,6,,0,0,Moderate
Mercedes-Benz,S-Class S 63 AMG,2013,,Gasoline,536.0HP 5.5L 8 Cylinder Engine Gasoline Fuel,7-Speed A/T,Silver,Black,None reported,Yes,40000.0,13,,1,0,Old
Bentley,Continental GTC Base,2013,,Gasoline,616.0HP 6.0L 12 Cylinder Engine Gasoline Fuel,8-Speed A/T,Black,Black,None reported,Yes,64000.0,13,,0,0,Old
GMC,Sierra 2500 SLE H/D Extended Cab,2002,,Gasoline,340.0HP 8.1L 8 Cylinder Engine Gasoline Fuel,A/T,Silver,Gray,At least 1 accident or damage reported,Yes,16900.0,24,,0,0,Very Old
Audi,SQ5 3.0T Premium,2020,,Gasoline,349.0HP 3.0L V6 Cylinder Engine Gasoline Fuel,8-Speed A/T,Blue,Black,None reported,Yes,42000.0,6,,1,0,Moderate
Toyota,Corolla iM Base,2017,,Gasoline,137.0HP 1.8L 4 Cylinder Engine Gasoline Fuel,6-Speed M/T,Black,Black,None reported,Yes,18700.0,9,,0,0,Moderate
GMC,Yukon XL SLT,2017,,Gasoline,355.0HP 5.3L 8 Cylinder Engine Gasoline Fuel,A/T,Blue,Black,At least 1 accident or damage reported,Yes,34999.0,9,,0,0,Moderate
Toyota,Tundra 1794,2020,,Gasoline,381.0HP 5.7L 8 Cylinder Engine Gasoline Fuel,A/T,Black,Brown,None reported,Yes,47500.0,6,,0,0,Moderate
Subaru,WRX Premium,2017,,Gasoline,268.0HP 2.0L 4 Cylinder Engine Gasoline Fuel,M/T,Red,Black,At least 1 accident or damage reported,Yes,24000.0,9,,0,0,Moderate
Subaru,WRX Base,2015,,Gasoline,268.0HP 2.0L 4 Cylinder Engine Gasoline Fuel,M/T,White,Black,At least 1 accident or damage reported,Yes,18000.0,11,,0,0,Old
INFINITI,Q50 Premium,2014,,Gasoline,328.0HP 3.7L V6 Cylinder Engine Gasoline Fuel,7-Speed A/T,Red,White,At least 1 accident or damage reported,Yes,16488.0,12,,0,0,Old
Chevrolet,Suburban Premier,2017,,Gasoline,355.0HP 5.3L 8 Cylinder Engine Gasoline Fuel,6-Speed A/T,White,Beige,At least 1 accident or damage reported,Yes,24950.0,9,,0,0,Moderate
Toyota,Sequoia Limited,2006,,Gasoline,273.0HP 4.7L 8 Cylinder Engine Gasoline Fuel,A/T,Black,Gray,At least 1 accident or damage reported,Yes,8900.0,20,,0,0,Old
Dodge,Challenger R/T Scat Pack,2016,,–,–,6-Speed M/T,Red,Red,None reported,Yes,37500.0,10,,0,0,Moderate
Porsche,Cayenne GTS,2009,,Gasoline,405.0HP 4.8L 8 Cylinder Engine Gasoline Fuel,Transmission w/Dual Shift Mode,Black,Black,None reported,Yes,15000.0,17,,0,0,Old
Kia,Telluride S,2023,,Gasoline,291.0HP 3.8L V6 Cylinder Engine Gasoline Fuel,8-Speed A/T,Blue,Black,None reported,Yes,39900.0,3,,0,0,New
Mercedes-Benz,AMG E 63 S 4MATIC,2019,,Gasoline,603.0HP 4.0L 8 Cylinder Engine Gasoline Fuel,9-Speed A/T,Gray,Black,At least 1 accident or damage reported,Yes,96000.0,7,,1,0,Moderate
BMW,Z4 sDrive35is,2014,,Gasoline,335.0HP 3.0L Straight 6 Cylinder Engine Gasoline Fuel,Transmission w/Dual Shift Mode,White,Red,None reported,Yes,64995.0,12,,1,0,Old
Subaru,Impreza 2.0i Sport,2017,,Gasoline,152.0HP 2.0L 4 Cylinder Engine Gasoline Fuel,5-Speed M/T,Red,Black,None reported,Yes,23500.0,9,,0,0,Moderate
Dodge,Dart SE,2015,,Gasoline,160.0HP 2.0L 4 Cylinder Engine Gasoline Fuel,6-Speed M/T,Black,Black,None reported,Yes,12000.0,11,,0,0,Old
Land,Rover Range Rover P525 Westminster,2021,,Gasoline,5.0L V8 32V GDI DOHC Supercharged,8-Speed Automatic,Santorini Black Metallic,Ebony,None reported,,89900.0,5,,0,0,New
Nissan,370Z Base,2013,,Gasoline,332.0HP 3.7L V6 Cylinder Engine Gasoline Fuel,6-Speed M/T,Red,Black,None reported,Yes,17500.0,13,,0,0,Old
Cadillac,Escalade ESV Luxury,2020,,Gasoline,420.0HP 6.2L 8 Cylinder Engine Gasoline Fuel,10-Speed A/T,Black,Black,None reported,Yes,55000.0,6,,0,0,Moderate
Mercedes-Benz,E-Class E 350,2012,,Gasoline,302.0HP 3.5L V6 Cylinder Engine Gasoline Fuel,Transmission w/Dual Shift Mode,White,Beige,None reported,Yes,19900.0,14,,1,0,Old
Kia,Optima Hybrid EX,2012,,Hybrid,206.0HP 2.4L 4 Cylinder Engine Gas/Electric Hybrid,A/T,Black,Black,None reported,Yes,8900.0,14,,0,0,Old
Chevrolet,Silverado 3500 LTZ,2022,,Diesel,445.0HP 6.6L 8 Cylinder Engine Diesel Fuel,10-Speed A/T,Silver,Gray,None reported,Yes,67500.0,4,,0,0,New
Volkswagen,Golf GTI 2.0T SE 4-Door,2018,,Gasoline,220.0HP 2.0L 4 Cylinder Engine Gasoline Fuel,6-Speed M/T,White,Black,None reported,Yes,24325.0,8,,0,0,Moderate
Dodge,Ram 1500 SRT-10,2004,,Gasoline,500.0HP 8.3L 10 Cylinder Engine Gasoline Fuel,6-Speed M/T,Black,Gray,None reported,Yes,22500.0,22,,0,0,Very Old
Scion,tC Anniversary Edition,2014,,Gasoline,179.0HP 2.5L 4 Cylinder Engine Gasoline Fuel,6-Speed M/T,Silver,Silver,None reported,Yes,11495.0,12,,0,0,Old
Land,Rover Range Rover 5.0L Supercharged Autobiography,2016,,Gasoline,510.0HP 5.0L 8 Cylinder Engine Gasoline Fuel,8-Speed A/T,Black,Brown,None reported,Yes,49900.0,10,,0,0,Moderate
Lexus,LS 500 Base,2018,,Gasoline,"3.5L V-6 port/direct injection, DOHC, VVT-iE/VVT-i variable valv","Automatic, 10-Spd",–,–,None reported,,40900.0,8,,1,0,Moderate
Chevrolet,Suburban 1500 LT,2015,,Gasoline,355.0HP 5.3L 8 Cylinder Engine Gasoline Fuel,6-Speed A/T,Black,–,At least 1 accident or damage reported,Yes,16000.0,11,,0,0,Old
Maserati,GranTurismo Base,2015,,Gasoline,444.0HP 4.7L 8 Cylinder Engine Gasoline Fuel,6-Speed A/T,White,Red,None reported,Yes,44999.0,11,,0,0,Old
Porsche,911 Carrera Turbo,2003,,Gasoline,415.0HP 3.6L Flat 6 Cylinder Engine Gasoline Fuel,6-Speed M/T,Black,Black,None reported,Yes,55000.0,23,,0,0,Very Old
Hyundai,Sonata Hybrid Base,2012,,Hybrid,206.0HP 2.4L 4 Cylinder Engine Gas/Electric Hybrid,A/T,Green,Gray,At least 1 accident or damage reported,Yes,8500.0,14,,0,0,Old
Cadillac,CTS Luxury,2012,,Gasoline,270.0HP 3.0L V6 Cylinder Engine Gasoline Fuel,6-Speed A/T,Red,Beige,At least 1 accident or damage reported,Yes,18955.0,14,,0,0,Old
BMW,323 Ci,2000,,Gasoline,170.0HP 2.5L Straight 6 Cylinder Engine Gasoline Fuel,5-Speed A/T,Silver,Black,None reported,Yes,2500.0,26,,1,0,Very Old
Tesla,Model 3 Standard Range Plus,2019,,,Electric Motor Electric Fuel System,A/T,Black,Black,At least 1 accident or damage reported,Yes,26000.0,7,,0,0,Moderate
Chevrolet,1500 Cheyenne Extended Cab,1995,,–,–,4-Speed A/T,White,Brown,At least 1 accident or damage reported,Yes,6500.0,31,,0,0,Very Old
Nissan,370Z Touring,2012,,Gasoline,332.0HP 3.7L V6 Cylinder Engine Gasoline Fuel,6-Speed M/T,Gray,Black,None reported,Yes,21500.0,14,,0,0,Old
Mercedes-Benz,GLS 450 Base 4MATIC,2018,,Gasoline,3.0 Liter DOHC Twin Turbo,Automatic,Black,–,At least 1 accident or damage reported,,38598.0,8,,1,0,Moderate
Ford,Mustang GT Premium,2021,,Gasoline,460.0HP 5.0L 8 Cylinder Engine Gasoline Fuel,6-Speed M/T,Red,Black,None reported,Yes,49500.0,5,,0,0,New
Audi,Q5 2.0T Premium,2012,,Gasoline,211.0HP 2.0L 4 Cylinder Engine Gasoline Fuel,A/T,Gray,–,None reported,Yes,12000.0,14,,1,0,Old
RAM,2500 Big Horn,2013,,Diesel,350.0HP 6.7L Straight 6 Cylinder Engine Diesel Fuel,6-Speed A/T,Brown,Beige,None reported,Yes,25000.0,13,,0,0,Old
Dodge,Ram 1500 ST,2011,,Gasoline,210.0HP 3.7L V6 Cylinder Engine Gasoline Fuel,A/T,Silver,Black,At least 1 accident or damage reported,Yes,8500.0,15,,0,0,Old
Mercedes-Benz,C-Class C 300 4MATIC Sport,2013,,Gasoline,248.0HP 3.5L V6 Cylinder Engine Gasoline Fuel,A/T,Black,Black,None reported,Yes,10750.0,13,,1,0,Old
Dodge,Challenger SRT Hellcat,2016,,Gasoline,707.0HP 6.2L 8 Cylinder Engine Gasoline Fuel,8-Speed A/T,Blue,Black,None reported,Yes,62500.0,10,,0,0,Moderate
Land,Rover Range Rover 3.0L Supercharged HSE,2018,,Gasoline,380.0HP 3.0L V6 Cylinder Engine Gasoline Fuel,A/T,Blue,Beige,None reported,Yes,42950.0,8,,0,0,Moderate
BMW,M4 Base,2018,,Gasoline,425.0HP 3.0L Straight 6 Cylinder Engine Gasoline Fuel,6-Speed M/T,White,White,None reported,Yes,60995.0,8,,1,0,Moderate
Mercedes-Benz,S-Class S 560 4MATIC,2018,,Gasoline,463.0HP 4.0L 8 Cylinder Engine Gasoline Fuel,A/T,Black,–,At least 1 accident or damage reported,Yes,47000.0,8,,1,0,Moderate
Land,Rover Range Rover 5.0L V8 Supercharged,2019,,Gasoline,"5L V-8 gasoline direct injection, DOHC, variable valve control,","Automatic, 8-Spd",–,–,None reported,,68900.0,7,,0,0,Moderate
Chevrolet,Express 3500 Base,2009,,Gasoline,319.0HP 6.0L 8 Cylinder Engine Gasoline Fuel,A/T,White,Gray,None reported,Yes,18900.0,17,,0,0,Old
Toyota,4Runner TRD Pro,2016,,Gasoline,270.0HP 4.0L V6 Cylinder Engine Gasoline Fuel,A/T,Black,Black,At least 1 accident or damage reported,Yes,36000.0,10,,0,0,Moderate
Mazda,MX-5 Miata Grand Touring,2012,,Gasoline,167.0HP 2.0L 4 Cylinder Engine Gasoline Fuel,6-Speed M/T,Red,Beige,None reported,Yes,18900.0,14,,0,0,Old
Volkswagen,Touareg VR6 Lux,2012,,Gasoline,280.0HP 3.6L V6 Cylinder Engine Gasoline Fuel,A/T,Gray,Beige,At least 1 accident or damage reported,Yes,12449.0,14,,0,0,Old
Jaguar,XJ Base,2013,,Gasoline,340.0HP 3.0L V6 Cylinder Engine Gasoline Fuel,A/T,Blue,White,None reported,Yes,8800.0,13,,0,0,Old
Chevrolet,Camaro 2SS,2010,,Gasoline,426.0HP 6.2L 8 Cylinder Engine Gasoline Fuel,6-Speed A/T,Gray,Gray,At least 1 accident or damage reported,Yes,19500.0,16,,0,0,Old
INFINITI,G37 x,2012,,Gasoline,328.0HP 3.7L V6 Cylinder Engine Gasoline Fuel,Transmission w/Dual Shift Mode,Red,Black,At least 1 accident or damage reported,Yes,14500.0,14,,0,0,Old
BMW,X6 xDrive50i,2019,,Gasoline,445.0HP 4.4L 8 Cylinder Engine Gasoline Fuel,8-Speed A/T,Silver,Black,At least 1 accident or damage reported,Yes,46999.0,7,,1,0,Moderate
Chevrolet,Camaro LT1,2022,,Gasoline,455.0HP 6.2L 8 Cylinder Engine Gasoline Fuel,10-Speed A/T,Gray,Black,None reported,Yes,39500.0,4,,0,0,New
Mercedes-Benz,S-Class S 63 AMG,2015,,Gasoline,577.0HP 5.5L 8 Cylinder Engine Gasoline Fuel,7-Speed A/T,White,–,None reported,Yes,59750.0,11,,1,0,Old
Cadillac,Escalade ESV Premium Luxury,2018,,Gasoline,420.0HP 6.2L 8 Cylinder Engine Gasoline Fuel,10-Speed A/T,Gold,Brown,None reported,Yes,45000.0,8,,0,0,Moderate
Toyota,Camry Hybrid XLE,2014,,Hybrid,200.0HP 2.5L 4 Cylinder Engine Gas/Electric Hybrid,A/T,Silver,Gray,None reported,Yes,15999.0,12,,0,0,Old
Audi,A6 3.0T Prestige,2015,,Gasoline,310.0HP 3.0L V6 Cylinder Engine Gasoline Fuel,Transmission w/Dual Shift Mode,Black,Brown,None reported,Yes,19998.0,11,,1,0,Old
BMW,X5 M Base,2012,,Gasoline,555.0HP 4.4L 8 Cylinder Engine Gasoline Fuel,Transmission w/Dual Shift Mode,White,Orange,At least 1 accident or damage reported,Yes,17000.0,14,,1,0,Old
Jaguar,F-PACE SVR,2020,,Gasoline,550.0HP 5.0L 8 Cylinder Engine Gasoline Fuel,Transmission w/Dual Shift Mode,Black,Black,None reported,Yes,57500.0,6,,0,0,Moderate
BMW,740 i,2017,,Gasoline,320.0HP 3.0L Straight 6 Cylinder Engine Gasoline Fuel,Transmission w/Dual Shift Mode,White,Black,None reported,Yes,40000.0,9,,1,0,Moderate
BMW,M340 i xDrive,2021,,Hybrid,382.0HP 3.0L Straight 6 Cylinder Engine Gasoline/Mild Electric Hybrid,8-Speed A/T,Blue,Beige,At least 1 accident or damage reported,Yes,49999.0,5,,1,0,New
Jeep,Wrangler Unlimited Sport,2016,,Gasoline,285.0HP 3.6L V6 Cylinder Engine Gasoline Fuel,5-Speed A/T,Black,Black,None reported,Yes,30000.0,10,,0,0,Moderate
RAM,2500 Tradesman,2018,,Gasoline,410.0HP 6.4L 8 Cylinder Engine Gasoline Fuel,6-Speed A/T,Gray,Gray,None reported,Yes,36000.0,8,,0,0,Moderate
Ford,Mustang V6,2016,,Gasoline,300.0HP 3.7L V6 Cylinder Engine Gasoline Fuel,6-Speed A/T,Black,Black,None reported,Yes,19999.0,10,,0,0,Moderate
BMW,328 i,1997,,Gasoline,190.0HP 2.8L Straight 6 Cylinder Engine Gasoline Fuel,5-Speed M/T,Red,Black,At least 1 accident or damage reported,Yes,15900.0,29,,1,0,Very Old
Mercedes-Benz,GL-Class GL 450,2011,,Gasoline,335.0HP 4.7L 8 Cylinder Engine Gasoline Fuel,7-Speed A/T,White,Black,None reported,Yes,11999.0,15,,1,0,Old
Rivian,R1S Adventure Package,2023,,,835.0HP Electric Motor Electric Fuel System,A/T,Green,Black,None reported,Yes,96850.0,3,,0,0,New
Tesla,Model Y Long Range,2023,,,425.0HP Electric Motor Electric Fuel System,A/T,Blue,Black,None reported,Yes,48000.0,3,,0,0,New
Mercedes-Benz,E-Class E 350,2022,,Gasoline,255.0HP 2.0L 4 Cylinder Engine Gasoline Fuel,9-Speed A/T,Gray,Black,None reported,Yes,53000.0,4,,1,0,New
BMW,X7 xDrive40i,2023,,Hybrid,375.0HP 3.0L Straight 6 Cylinder Engine Gasoline/Mild Electric Hybrid,8-Speed A/T,Black,Black,None reported,Yes,85495.0,3,,1,0,New
Chevrolet,Trailblazer RS,2023,,Gasoline,155.0HP 1.3L 3 Cylinder Engine Gasoline Fuel,9-Speed A/T,Blue,Black,None reported,Yes,32000.0,3,,0,0,New
Chevrolet,Suburban 1500 LTZ,2015,,Gasoline,355.0HP 5.3L 8 Cylinder Engine Gasoline Fuel,A/T,Black,Black,None reported,Yes,20000.0,11,,0,0,Old
Chevrolet,Suburban Premier,2021,,Gasoline,5.3L V8 16V GDI OHV,10-Speed Automatic,Midnight Blue Metallic,Jet Black,None reported,Yes,60995.0,5,,0,0,New
Jeep,Gladiator Overland,2020,,Gasoline,285.0HP 3.6L V6 Cylinder Engine Gasoline Fuel,Transmission w/Dual Shift Mode,Gray,Black,None reported,Yes,45000.0,6,,0,0,Moderate
GMC,Yukon XL AT4,2023,,Gasoline,355.0HP 5.3L 8 Cylinder Engine Gasoline Fuel,10-Speed A/T,Black,Black,None reported,Yes,82000.0,3,,0,0,New
Mazda,Mazda6 Grand Touring Reserve,2019,,Gasoline,227.0HP 2.5L 4 Cylinder Engine Gasoline Fuel,6-Speed A/T,Black,Black,None reported,Yes,24995.0,7,,0,0,Moderate
Alfa,Romeo Giulia Ti,2021,,Gasoline,280.0HP 2.0L 4 Cylinder Engine Gasoline Fuel,8-Speed A/T,Blue,Brown,None reported,Yes,39000.0,5,,0,0,New
Mercedes-Benz,CLA-Class CLA 250,2016,,Gasoline,208.0HP 2.0L 4 Cylinder Engine Gasoline Fuel,Transmission w/Dual Shift Mode,Black,Black,At least 1 accident or damage reported,Yes,22999.0,10,,1,0,Moderate
BMW,330 330i xDrive,2019,,Gasoline,Intercooled Turbo Premium Unleaded I-4 2.0 L/122,Automatic,Alpine White,Canberra Beige,None reported,,31698.0,7,,1,0,Moderate
Volkswagen,Beetle 2.0T S,2019,,Gasoline,174.0HP 2.0L 4 Cylinder Engine Gasoline Fuel,A/T,Black,Gray,None reported,Yes,23000.0,7,,0,0,Moderate
Mercedes-Benz,CLK-Class CLK 350,2008,,Gasoline,268.0HP 3.5L V6 Cylinder Engine Gasoline Fuel,7-Speed A/T,White,Beige,At least 1 accident or damage reported,Yes,12000.0,18,,1,0,Old
Audi,RS 7 4.0T Prestige,2014,,Gasoline,560.0HP 4.0L 8 Cylinder Engine Gasoline Fuel,8-Speed A/T,White,Black,At least 1 accident or damage reported,Yes,47995.0,12,,1,0,Old
Volvo,XC60 Recharge Plug-In Hybrid T8 Inscription,2022,,Plug-In Hybrid,455.0HP 2.0L 4 Cylinder Engine Plug-In Electric/Gas,8-Speed A/T,Blue,Beige,None reported,Yes,54599.0,4,,0,0,New
Land,Rover Range Rover Supercharged LWB,2020,,Gasoline,518.0HP 5.0L 8 Cylinder Engine Gasoline Fuel,A/T,Black,Black,None reported,Yes,64800.0,6,,0,0,Moderate
Toyota,Sequoia Limited,2011,,Gasoline,381.0HP 5.7L 8 Cylinder Engine Gasoline Fuel,6-Speed A/T,Gold,Beige,None reported,Yes,16000.0,15,,0,0,Old
Jeep,Wrangler X,2004,,Gasoline,190.0HP 4.0L Straight 6 Cylinder Engine Gasoline Fuel,M/T,Green,Green,At least 1 accident or damage reported,Yes,24999.0,22,,0,0,Very Old
Audi,S5 3.0T Premium,2021,,Gasoline,349.0HP 3.0L V6 Cylinder Engine Gasoline Fuel,8-Speed A/T,Gray,Gray,None reported,Yes,51800.0,5,,1,0,New
Land,Rover Range Rover Sport Supercharged,2011,,Gasoline,510.0HP 5.0L 8 Cylinder Engine Gasoline Fuel,Transmission w/Dual Shift Mode,Blue,Brown,At least 1 accident or damage reported,Yes,20000.0,15,,0,0,Old
Mercedes-Benz,Sprinter 2500,2011,,Diesel,188.0HP 3.0L V6 Cylinder Engine Diesel Fuel,5-Speed A/T,Black,Gray,None reported,Yes,31999.0,15,,1,0,Old
Toyota,Sequoia Platinum,2023,,Hybrid,437.0HP 3.4L V6 Cylinder Engine Gas/Electric Hybrid,10-Speed A/T,Blue,Gray,None reported,Yes,84997.0,3,,0,0,New
Maserati,Quattroporte S GranLusso,2017,,Gasoline,405.0HP 3.0L V6 Cylinder Engine Gasoline Fuel,A/T,Blue,Black,None reported,Yes,39100.0,9,,0,0,Moderate
Toyota,Land Cruiser Base,1996,,–,–,A/T,Blue,Gray,None reported,Yes,7500.0,30,,0,0,Very Old
Ford,Mustang Bullitt,2019,,Gasoline,480.0HP 5.0L 8 Cylinder Engine Gasoline Fuel,6-Speed M/T,Black,Black,At least 1 accident or damage reported,Yes,44999.0,7,,0,0,Moderate
RAM,2500 Tradesman,2018,,Diesel,350.0HP 6.7L Straight 6 Cylinder Engine Diesel Fuel,6-Speed A/T,Gray,Black,None reported,Yes,50000.0,8,,0,0,Moderate
Toyota,FJ Cruiser Base,2007,,Gasoline,239.0HP 4.0L V6 Cylinder Engine Gasoline Fuel,A/T,Silver,Black,At least 1 accident or damage reported,Yes,17900.0,19,,0,0,Old
Dodge,Charger Scat Pack,2019,,Gasoline,485.0HP 6.4L 8 Cylinder Engine Gasoline Fuel,8-Speed A/T,Silver,Red,None reported,Yes,42000.0,7,,0,0,Moderate
Lexus,GX 460 Base,2018,,Gasoline,301.0HP 4.6L 8 Cylinder Engine Gasoline Fuel,Transmission w/Dual Shift Mode,Gray,Black,At least 1 accident or damage reported,Yes,34700.0,8,,1,0,Moderate
Genesis,GV80 2.5T,2022,,Gasoline,2.5L I4 16V PDI DOHC Turbo,8-Speed Automatic,Black,Black,None reported,,54543.0,4,,0,0,New
Jaguar,F-PACE 30t R-Sport,2019,,Gasoline,2.0 Liter,Automatic,Yulong,Ebony,None reported,,59598.0,7,,0,0,Moderate
Kia,Sportage S,2021,,Gasoline,2.4L I4 16V GDI DOHC,6-Speed Automatic,Hyper Red,Black,None reported,Yes,24995.0,5,,0,0,New
Porsche,Panamera Base,2018,,Gasoline,330.0HP 3.0L V6 Cylinder Engine Gasoline Fuel,Transmission w/Dual Shift Mode,Gray,Gray,None reported,Yes,57500.0,8,,0,0,Moderate
INFINITI,QX80 Base,2018,,Gasoline,5.6L V8 32V GDI DOHC,7-Speed Automatic,Black,Graphite,None reported,,23105.0,8,,0,0,Moderate
Ford,Maverick Lariat,2022,,Hybrid,191.0HP 2.5L 4 Cylinder Engine Gas/Electric Hybrid,CVT Transmission,Blue,Brown,None reported,Yes,39500.0,4,,0,0,New
Kia,Telluride SX,2021,,Gasoline,3.8L V6 24V GDI DOHC,8-Speed Automatic,Ebony Black,Black,None reported,,42242.0,5,,0,0,New
Chevrolet,Colorado Z85,2005,,Gasoline,220.0HP 3.5L 5 Cylinder Engine Gasoline Fuel,A/T,Blue,Gray,At least 1 accident or damage reported,Yes,7995.0,21,,0,0,Very Old
Mercedes-Benz,E-Class E 550,2017,,Gasoline,402.0HP 4.7L 8 Cylinder Engine Gasoline Fuel,Transmission w/Dual Shift Mode,Gray,White,None reported,Yes,35750.0,9,,1,0,Moderate
Toyota,Corolla Hybrid LE,2022,,Hybrid,121.0HP 1.8L 4 Cylinder Engine Gas/Electric Hybrid,A/T,Silver,Gray,None reported,Yes,22945.0,4,,0,0,New
Mercedes-Benz,E-Class E 300 4MATIC,2017,,Gasoline,241.0HP 2.0L 4 Cylinder Engine Gasoline Fuel,A/T,Blue,White,At least 1 accident or damage reported,Yes,38000.0,9,,1,0,Moderate
Mercedes-Benz,SLK-Class SLK 350,2012,,Gasoline,302.0HP 3.5L V6 Cylinder Engine Gasoline Fuel,Transmission w/Dual Shift Mode,Gray,White,At least 1 accident or damage reported,Yes,22222.0,14,,1,0,Old
Mercedes-Benz,E-Class E 400 4MATIC,2018,,Gasoline,3.0L V6 24V GDI DOHC Twin Turbo,9-Speed Automatic,Black,Black,None reported,Yes,47645.0,8,,1,0,Moderate
Jeep,Wrangler X,2003,,Gasoline,210.0HP 4.0L Straight 6 Cylinder Engine Gasoline Fuel,4-Speed A/T,Beige,Beige,None reported,Yes,14250.0,23,,0,0,Very Old
Lincoln,Navigator Premiere,2018,,Gasoline,450.0HP 3.5L V6 Cylinder Engine Gasoline Fuel,10-Speed A/T,Black,Black,At least 1 accident or damage reported,Yes,50000.0,8,,0,0,Moderate
Chevrolet,Corvette Base,2008,,Gasoline,430.0HP 6.2L 8 Cylinder Engine Gasoline Fuel,Transmission w/Dual Shift Mode,Red,Beige,None reported,Yes,31000.0,18,,0,0,Old
GMC,Yukon XL Denali,2016,,Gasoline,420.0HP 6.2L 8 Cylinder Engine Gasoline Fuel,A/T,Black,Black,At least 1 accident or damage reported,Yes,29500.0,10,,0,0,Moderate
Ford,Explorer XLT,2017,,E85 Flex Fuel,290.0HP 3.5L V6 Cylinder Engine Flex Fuel Capability,A/T,White,Beige,None reported,Yes,13000.0,9,,0,0,Moderate
Chevrolet,Camaro 2SS,2010,,Gasoline,426.0HP 6.2L 8 Cylinder Engine Gasoline Fuel,M/T,Yellow,Black,None reported,Yes,30000.0,16,,0,0,Old
BMW,750 i xDrive,2020,,Gasoline,523.0HP 4.4L 8 Cylinder Engine Gasoline Fuel,8-Speed A/T,Black,Black,,,66000.0,6,,1,0,Moderate
Land,Rover Range Rover 3.0L Supercharged HSE,2016,,Gasoline,380.0HP 3.0L V6 Cylinder Engine Gasoline Fuel,Transmission w/Dual Shift Mode,Black,Black,None reported,Yes,33999.0,10,,0,0,Moderate
Porsche,911 Carrera 4 Cabriolet,2003,,Gasoline,315.0HP 3.6L Flat 6 Cylinder Engine Gasoline Fuel,Transmission w/Dual Shift Mode,Black,Black,At least 1 accident or damage reported,Yes,32000.0,23,,0,0,Very Old
Mercedes-Benz,CLA-Class CLA 250,2015,,Gasoline,208.0HP 2.0L 4 Cylinder Engine Gasoline Fuel,A/T,Red,Black,At least 1 accident or damage reported,Yes,15999.0,11,,1,0,Old
Mercedes-Benz,Metris Base,2019,,Gasoline,208.0HP 2.0L 4 Cylinder Engine Gasoline Fuel,A/T,Black,Brown,None reported,Yes,79500.0,7,,1,0,Moderate
Mercedes-Benz,E-Class E 350 4MATIC,2011,,Gasoline,268.0HP 3.5L V6 Cylinder Engine Gasoline Fuel,7-Speed A/T,Silver,Black,None reported,Yes,9250.0,15,,1,0,Old
Lexus,LS 460 L,2007,,Gasoline,380.0HP 4.6L 8 Cylinder Engine Gasoline Fuel,8-Speed A/T,Blue,Beige,None reported,Yes,9999.0,19,,1,0,Old
BMW,X6 xDrive40i,2023,,Hybrid,335.0HP 3.0L Straight 6 Cylinder Engine Gasoline/Mild Electric Hybrid,A/T,Red,White,None reported,Yes,71400.0,3,,1,0,New
Audi,S5 3.0T Prestige,2021,,Gasoline,3.0L,1-Speed Automatic,Daytona Gray Pearl Effect,Magma Red,None reported,,57900.0,5,,1,0,New
Audi,Q7 Premium Plus,2022,,Hybrid,3.0 Liter TFSI,Automatic,Navarra Blue,Saiga Beige,None reported,,52598.0,4,,1,0,New
Jaguar,XE 25t,2019,,Gasoline,247.0HP 2.0L 4 Cylinder Engine Gasoline Fuel,Transmission w/Dual Shift Mode,White,Black,At least 1 accident or damage reported,Yes,22500.0,7,,0,0,Moderate
Genesis,G80 3.3T Sport,2019,,Gasoline,365.0HP 3.3L V6 Cylinder Engine Gasoline Fuel,A/T,Red,Black,None reported,Yes,32990.0,7,,0,0,Moderate
BMW,M2 Competition,2020,,Gasoline,405.0HP 3.0L Straight 6 Cylinder Engine Gasoline Fuel,7-Speed A/T,Black,Black,None reported,Yes,70000.0,6,,1,0,Moderate
Subaru,Impreza WRX Premium,2014,,Gasoline,265.0HP 2.5L 4 Cylinder Engine Gasoline Fuel,5-Speed M/T,White,Black,None reported,Yes,30000.0,12,,0,0,Old
GMC,Sierra 2500 Base,2021,,Gasoline,401.0HP 6.6L 8 Cylinder Engine Gasoline Fuel,A/T,White,Black,None reported,Yes,55000.0,5,,0,0,New
Lincoln,Nautilus Reserve,2021,,Gasoline,2.7L V6 24V GDI DOHC Twin Turbo,8-Speed Automatic,Silver Radiance,Slate,None reported,,46850.0,5,,0,0,New
Jaguar,XF XFR-S,2013,,Gasoline,550.0HP 5.0L 8 Cylinder Engine Gasoline Fuel,8-Speed A/T,White,Black,,,70000.0,13,,0,0,Old
Mercedes-Benz,Sprinter Normal Roof,2013,,Diesel,188.0HP 3.0L V6 Cylinder Engine Diesel Fuel,A/T,Silver,Black,At least 1 accident or damage reported,Yes,54995.0,13,,1,0,Old
Toyota,Land Cruiser Base,1998,,Gasoline,230.0HP 4.7L 8 Cylinder Engine Gasoline Fuel,4-Speed A/T,White,Beige,At least 1 accident or damage reported,Yes,12490.0,28,,0,0,Very Old
Toyota,Tacoma PreRunner,2013,,Gasoline,159.0HP 2.7L 4 Cylinder Engine Gasoline Fuel,A/T,Silver,Gray,None reported,Yes,20500.0,13,,0,0,Old
BMW,Z4 sDrive28i,2016,,Gasoline,240.0HP 2.0L 4 Cylinder Engine Gasoline Fuel,8-Speed A/T,Black,Beige,None reported,Yes,25000.0,10,,1,0,Moderate
BMW,530e Base,2022,,Plug-In Hybrid,288.0HP 2.0L 4 Cylinder Engine Plug-In Electric/Gas,A/T,White,Black,None reported,Yes,47000.0,4,,1,0,New
Mercedes-Benz,GLA 250 Base 4MATIC,2018,,E85 Flex Fuel,208.0HP 2.0L 4 Cylinder Engine Flex Fuel Capability,7-Speed A/T,White,Black,None reported,Yes,20900.0,8,,1,0,Moderate
Hyundai,Genesis 4.6,2010,,Gasoline,378.0HP 4.6L 8 Cylinder Engine Gasoline Fuel,Transmission w/Dual Shift Mode,Silver,Black,At least 1 accident or damage reported,Yes,10000.0,16,,0,0,Old
Cadillac,ATS 3.6L Luxury,2013,,Gasoline,321.0HP 3.6L V6 Cylinder Engine Gasoline Fuel,6-Speed A/T,Black,Red,None reported,Yes,17999.0,13,,0,0,Old
Lincoln,Town Car Signature,2002,,Gasoline,220.0HP 4.6L 8 Cylinder Engine Gasoline Fuel,A/T,Black,Gray,At least 1 accident or damage reported,Yes,5230.0,24,,0,0,Very Old
GMC,Sierra 1500 SLT,2021,,Gasoline,420.0HP 6.2L 8 Cylinder Engine Gasoline Fuel,A/T,Black,Black,None reported,Yes,52000.0,5,,0,0,New
Mercedes-Benz,Sprinter High Roof,2015,,Diesel,188.0HP 3.0L V6 Cylinder Engine Diesel Fuel,A/T,White,Gray,None reported,Yes,29000.0,11,,1,0,Old
Jaguar,XJ Vanden Plas,2008,,Gasoline,300.0HP 4.2L 8 Cylinder Engine Gasoline Fuel,6-Speed A/T,Black,Black,None reported,Yes,11990.0,18,,0,0,Old
Lexus,RC 350 Base,2015,,Gasoline,3.5L V6 24V PDI DOHC,6-Speed Automatic,Black,Black,None reported,,26999.0,11,,1,0,Old
Audi,S3 2.0T Premium Plus,2015,,Gasoline,292.0HP 2.0L 4 Cylinder Engine Gasoline Fuel,6-Speed A/T,Blue,Black,None reported,Yes,21500.0,11,,1,0,Old
Subaru,WRX Limited,2015,,Gasoline,268.0HP 2.0L 4 Cylinder Engine Gasoline Fuel,6-Speed M/T,Red,Black,At least 1 accident or damage reported,Yes,19000.0,11,,0,0,Old
Dodge,Ram 2500 SLT Quad Cab,2003,,Gasoline,345.0HP 5.7L 8 Cylinder Engine Gasoline Fuel,5-Speed A/T,White,Beige,At least 1 accident or damage reported,Yes,10700.0,23,,0,0,Very Old
Subaru,WRX Limited,2015,,Gasoline,268.0HP 2.0L 4 Cylinder Engine Gasoline Fuel,6-Speed M/T,Blue,Black,None reported,Yes,21000.0,11,,0,0,Old
Audi,RS 4 4.2 quattro L,2008,,Gasoline,420.0HP 4.2L 8 Cylinder Engine Gasoline Fuel,6-Speed M/T,Red,Black,At least 1 accident or damage reported,Yes,30000.0,18,,1,0,Old
Porsche,911 Carrera,2007,,Gasoline,325.0HP 3.6L Flat 6 Cylinder Engine Gasoline Fuel,6-Speed M/T,Silver,Gray,None reported,Yes,53999.0,19,,0,0,Old
Audi,A4 2.0T Premium Plus,2015,,E85 Flex Fuel,220.0HP 2.0L 4 Cylinder Engine Flex Fuel Capability,A/T,Black,Black,At least 1 accident or damage reported,Yes,17200.0,11,,1,0,Old
Audi,A4 3.2 Premium Plus quattro,2009,,Gasoline,265.0HP 3.2L V6 Cylinder Engine Gasoline Fuel,6-Speed A/T,Gray,Beige,None reported,Yes,8700.0,17,,1,0,Old
Ford,Excursion Limited,2003,,Diesel,325.0HP 6.0L 8 Cylinder Engine Diesel Fuel,5-Speed A/T,Gold,Beige,None reported,Yes,30000.0,23,,0,0,Very Old
Ford,Excursion Limited,2004,,Gasoline,310.0HP 6.8L 10 Cylinder Engine Gasoline Fuel,A/T,Gold,Gold,None reported,Yes,8500.0,22,,0,0,Very Old
Land,Rover Range Rover Sport 5.0L Supercharged Dynamic,2017,,Gasoline,510.0HP 5.0L 8 Cylinder Engine Gasoline Fuel,Transmission w/Dual Shift Mode,Black,Beige,None reported,Yes,47500.0,9,,0,0,Moderate
Audi,Q8 3.0T Prestige,2019,,Hybrid,335.0HP 3.0L V6 Cylinder Engine Gasoline/Mild Electric Hybrid,A/T,Gold,Black,At least 1 accident or damage reported,Yes,48500.0,7,,1,0,Moderate
BMW,X5 xDrive35i,2016,,Gasoline,300.0HP 3.0L Straight 6 Cylinder Engine Gasoline Fuel,8-Speed A/T,Black,Black,None reported,Yes,24000.0,10,,1,0,Moderate
Ford,Bronco Base,2022,,Gasoline,275.0HP 2.3L 4 Cylinder Engine Gasoline Fuel,7-Speed M/T,Black,Black,None reported,Yes,49000.0,4,,0,0,New
Ford,F-150 XLT,2021,,Gasoline,5.0L V8 32V PDI DOHC,10-Speed Automatic,Silver,Black,None reported,Yes,42388.0,5,,0,0,New
Hyundai,Genesis Coupe 3.8 Track,2013,,Gasoline,344.0HP 3.8L V6 Cylinder Engine Gasoline Fuel,6-Speed M/T,White,Black,At least 1 accident or damage reported,Yes,12500.0,13,,0,0,Old
Toyota,Camry LE,1999,,Gasoline,133.0HP 2.2L 4 Cylinder Engine Gasoline Fuel,A/T,Gold,Beige,At least 1 accident or damage reported,Yes,3500.0,27,,0,0,Very Old
Mercedes-Benz,E-Class E 400 4MATIC,2018,,Gasoline,3.0L V6 24V GDI DOHC Twin Turbo,9-Speed Automatic,White,Saddle Brown,None reported,Yes,39853.0,8,,1,0,Moderate
Audi,S5 3.0T Prestige,2022,,Gasoline,3.0L,1-Speed Automatic,Daytona Gray Pearl Effect,Black,None reported,,61900.0,4,,1,0,New
Buick,Enclave Premium,2017,,Gasoline,3.6L V6 24V GDI DOHC,6-Speed Automatic,Iridium Metallic,Light Titanium,At least 1 accident or damage reported,Yes,17550.0,9,,0,0,Moderate
Ford,Mustang GT Premium,2011,,Gasoline,412.0HP 5.0L 8 Cylinder Engine Gasoline Fuel,6-Speed M/T,Red,Black,None reported,Yes,18500.0,15,,0,0,Old
GMC,Yukon XL SLT,2016,,Gasoline,355.0HP 5.3L 8 Cylinder Engine Gasoline Fuel,A/T,Black,Black,At least 1 accident or damage reported,Yes,30000.0,10,,0,0,Moderate
Ford,Mustang V6 Premium,2013,,Gasoline,305.0HP 3.7L V6 Cylinder Engine Gasoline Fuel,6-Speed M/T,Black,Black,None reported,Yes,16000.0,13,,0,0,Old
Lexus,IS-F Base,2008,,Gasoline,416.0HP 5.0L 8 Cylinder Engine Gasoline Fuel,8-Speed A/T,Blue,Black,At least 1 accident or damage reported,Yes,29000.0,18,,1,0,Old
BMW,435 i,2015,,Gasoline,300.0HP 3.0L Straight 6 Cylinder Engine Gasoline Fuel,8-Speed A/T,Gray,Beige,None reported,Yes,28000.0,11,,1,0,Old
Land,Rover Range Rover Supercharged,2010,,Gasoline,510.0HP 5.0L 8 Cylinder Engine Gasoline Fuel,A/T,White,Black,None reported,Yes,15500.0,16,,0,0,Old
Mercedes-Benz,CLA-Class CLA 250,2014,,Gasoline,208.0HP 2.0L 4 Cylinder Engine Gasoline Fuel,Transmission w/Dual Shift Mode,Gray,Black,At least 1 accident or damage reported,Yes,16500.0,12,,1,0,Old
GMC,Yukon SLT,2010,,E85 Flex Fuel,320.0HP 5.3L 8 Cylinder Engine Flex Fuel Capability,6-Speed A/T,White,Beige,At least 1 accident or damage reported,Yes,9500.0,16,,0,0,Old
BMW,535 i,2008,,Gasoline,300.0HP 3.0L Straight 6 Cylinder Engine Gasoline Fuel,A/T,Silver,Black,None reported,Yes,5699.0,18,,1,0,Old
Dodge,Charger GT,2021,,Gasoline,300.0HP 3.6L V6 Cylinder Engine Gasoline Fuel,Transmission w/Dual Shift Mode,White,Gray,At least 1 accident or damage reported,Yes,26999.0,5,,0,0,New
Hyundai,Genesis 3.8,2010,,Gasoline,290.0HP 3.8L V6 Cylinder Engine Gasoline Fuel,Transmission w/Dual Shift Mode,Beige,Beige,None reported,Yes,10340.0,16,,0,0,Old
Honda,Civic Type R Touring,2018,,Gasoline,306.0HP 2.0L 4 Cylinder Engine Gasoline Fuel,6-Speed M/T,Black,Black,At least 1 accident or damage reported,Yes,35500.0,8,,0,0,Moderate
Dodge,Durango R/T,2016,,Gasoline,360.0HP 5.7L 8 Cylinder Engine Gasoline Fuel,A/T,Black,Black,None reported,Yes,20000.0,10,,0,0,Moderate
Chevrolet,Silverado 1500 Limited High Country,2022,,Gasoline,355.0HP 5.3L 8 Cylinder Engine Gasoline Fuel,10-Speed A/T,Red,Black,None reported,Yes,60000.0,4,,0,0,New
Jeep,Grand Cherokee Altitude,2020,,Gasoline,3.6L V6 24V MPFI DOHC,8-Speed Automatic,Granite Crystal Clearcoat Metallic,Black,,,35470.0,6,,0,0,Moderate
RAM,1500 Laramie,2022,,Gasoline,5.7L V8 16V MPFI OHV,8-Speed Automatic,Diamond Black,Black,None reported,,46599.0,4,,0,0,New
Chrysler,Crossfire Limited,2005,,Gasoline,3.2L V6 18V MPFI SOHC,5-Speed Automatic,White,Dark Gray,None reported,Yes,13046.0,21,,0,0,Very Old
Nissan,Rogue SL,2019,,Gasoline,2.5L I4 16V MPFI DOHC,Automatic CVT,Magnetic Black,Charcoal,None reported,Yes,25884.0,7,,0,0,Moderate
Audi,A6 55 Premium Plus,2023,,Gasoline,"3L V-6 gasoline direct injection, DOHC, variable valve control,","Automatic, 7-Spd S tronic Dual-Clutch",Chronos Gray Metallic,Black,None reported,,59900.0,3,,1,0,New
Mercedes-Benz,AMG GT 53 Base,2020,,Hybrid,429.0HP 3.0L Straight 6 Cylinder Engine Gasoline/Mild Electric Hybrid,9-Speed A/T,Gray,Black,None reported,Yes,83999.0,6,,1,0,Moderate
Acura,ILX Technology Plus Package,2017,,Gasoline,201.0HP 2.4L 4 Cylinder Engine Gasoline Fuel,Transmission w/Dual Shift Mode,Black,–,At least 1 accident or damage reported,Yes,15750.0,9,,0,0,Moderate
Ford,Expedition Platinum,2019,,Gasoline,3.5L V6 24V GDI DOHC Twin Turbo,10-Speed Automatic,White,Platinum,None reported,Yes,48295.0,7,,0,0,Moderate
BMW,M3 Base,2008,,Gasoline,414.0HP 4.0L 8 Cylinder Engine Gasoline Fuel,6-Speed M/T,Gray,Black,None reported,Yes,18500.0,18,,1,0,Old
INFINITI,M37 x,2012,,Gasoline,330.0HP 3.7L V6 Cylinder Engine Gasoline Fuel,7-Speed A/T,Gray,Black,None reported,Yes,19900.0,14,,0,0,Old
BMW,650 i,2008,,Gasoline,360.0HP 4.8L 8 Cylinder Engine Gasoline Fuel,A/T,Black,Beige,None reported,Yes,8000.0,18,,1,0,Old
Mazda,RX-8 Grand Touring,2008,,Gasoline,232.0HP 1.3L Rotary engine Gasoline Fuel,6-Speed M/T,Red,Black,None reported,Yes,8500.0,18,,0,0,Old
Porsche,Boxster Base,1999,,Gasoline,201.0HP 2.5L Flat 6 Cylinder Engine Gasoline Fuel,5-Speed M/T,Blue,Gray,None reported,Yes,12250.0,27,,0,0,Very Old
Acura,ILX Premium & A-SPEC Packages,2019,,Gasoline,201.0HP 2.4L 4 Cylinder Engine Gasoline Fuel,8-Speed A/T,Gray,Black,None reported,Yes,25000.0,7,,0,0,Moderate
Lexus,LX 570 Base,2016,,Gasoline,383.0HP 5.7L 8 Cylinder Engine Gasoline Fuel,8-Speed A/T,White,Brown,None reported,Yes,62900.0,10,,1,0,Moderate
Toyota,Highlander Limited Platinum,2015,,Gasoline,270.0HP 3.5L V6 Cylinder Engine Gasoline Fuel,A/T,White,Beige,None reported,Yes,23500.0,11,,0,0,Old
Maserati,Ghibli Base,2015,,Gasoline,345.0HP 3.0L V6 Cylinder Engine Gasoline Fuel,8-Speed A/T,Black,Brown,None reported,Yes,17999.0,11,,0,0,Old
Land,Rover Range Rover 3.0L Supercharged HSE,2017,,Gasoline,380.0HP 3.0L V6 Cylinder Engine Gasoline Fuel,A/T,White,Beige,At least 1 accident or damage reported,Yes,58000.0,9,,0,0,Moderate
Chevrolet,Cruze LTZ,2013,,Gasoline,138.0HP 1.4L 4 Cylinder Engine Gasoline Fuel,A/T,Blue,Black,At least 1 accident or damage reported,Yes,10000.0,13,,0,0,Old
BMW,325 xi,2006,,Gasoline,215.0HP 3.0L Straight 6 Cylinder Engine Gasoline Fuel,6-Speed A/T,Silver,Black,None reported,Yes,4000.0,20,,1,0,Old
Acura,MDX Technology,2008,,Gasoline,300.0HP 3.7L V6 Cylinder Engine Gasoline Fuel,A/T,Gray,Black,None reported,Yes,5000.0,18,,0,0,Old
Lincoln,MKC Base,2015,,Gasoline,240.0HP 2.0L 4 Cylinder Engine Gasoline Fuel,6-Speed A/T,White,Black,At least 1 accident or damage reported,Yes,14900.0,11,,0,0,Old
Kia,Sportage Nightfall,2022,,Gasoline,2.4L I4 16V GDI DOHC,6-Speed Automatic,Pacific Blue,Black,At least 1 accident or damage reported,Yes,27875.0,4,,0,0,New
Bentley,Arnage R,2003,,Gasoline,400.0HP 6.75L 8 Cylinder Engine Gasoline Fuel,4-Speed A/T,Gray,Gray,None reported,Yes,34995.0,23,,0,0,Very Old
Kia,Sorento LX,2021,,Gasoline,191.0HP 2.5L 4 Cylinder Engine Gasoline Fuel,A/T,White,Black,None reported,Yes,23800.0,5,,0,0,New
Lexus,SC 430 Base,2002,,Gasoline,300.0HP 4.3L 8 Cylinder Engine Gasoline Fuel,5-Speed A/T,Blue,Brown,None reported,Yes,15000.0,24,,1,0,Very Old
Land,Rover Range Rover Evoque Base,2012,,Gasoline,240.0HP 2.0L 4 Cylinder Engine Gasoline Fuel,6-Speed A/T,Gray,Black,None reported,Yes,14500.0,14,,0,0,Old
Acura,TLX Type S w/Performance Tire,2023,,Gasoline,355.0HP 3.0L V6 Cylinder Engine Gasoline Fuel,10-Speed A/T,Black,Black,None reported,Yes,53000.0,3,,0,0,New
GMC,Sierra 1500 SLE Crew Cab,2006,,Gasoline,295.0HP 5.3L 8 Cylinder Engine Gasoline Fuel,A/T,Silver,Black,None reported,Yes,14500.0,20,,0,0,Old
GMC,Sierra 1500 Denali Ultimate,2023,,Gasoline,420.0HP 6.2L 8 Cylinder Engine Gasoline Fuel,10-Speed A/T,White,Brown,None reported,Yes,84000.0,3,,0,0,New
Mercedes-Benz,E-Class E 400,2016,,Gasoline,329.0HP 3.0L V6 Cylinder Engine Gasoline Fuel,7-Speed A/T,White,Beige,At least 1 accident or damage reported,Yes,24000.0,10,,1,0,Moderate
MINI,Hardtop Cooper,2019,,Gasoline,134.0HP 1.5L 3 Cylinder Engine Gasoline Fuel,6-Speed A/T,Black,Black,None reported,Yes,24000.0,7,,0,0,Moderate
Ford,Bronco Outer Banks Advanced,2023,,Gasoline,275.0HP 2.3L 4 Cylinder Engine Gasoline Fuel,10-Speed A/T,Gray,Gray,None reported,Yes,57000.0,3,,0,0,New
Ford,Bronco,2021,,Gasoline,2.7L V6 24V PDI DOHC Twin Turbo,10-Speed Automatic,Blue,Black Onyx,None reported,,56900.0,5,,0,0,New
Ford,F-350 Lariat Super Duty Crew Cab,2009,,Diesel,350.0HP 6.4L 8 Cylinder Engine Diesel Fuel,5-Speed A/T,White,Beige,None reported,Yes,28900.0,17,,0,0,Old
Land,Rover Discovery Sport SE,2017,,Gasoline,240.0HP 2.0L 4 Cylinder Engine Gasoline Fuel,9-Speed A/T,White,Gray,None reported,Yes,24998.0,9,,0,0,Moderate
GMC,Yukon XL SLT,2016,,Gasoline,355.0HP 5.3L 8 Cylinder Engine Gasoline Fuel,6-Speed A/T,Black,Black,At least 1 accident or damage reported,Yes,22000.0,10,,0,0,Moderate
Ford,Focus RS Base,2016,,Gasoline,350.0HP 2.3L 4 Cylinder Engine Gasoline Fuel,6-Speed M/T,Blue,Black,None reported,Yes,39000.0,10,,0,0,Moderate
Ford,Bronco Badlands Advanced,2022,,Gasoline,315.0HP 2.7L V6 Cylinder Engine Gasoline Fuel,10-Speed A/T,Blue,Black,None reported,Yes,65994.0,4,,0,0,New
Hyundai,Genesis 5,2012,,Gasoline,429.0HP 5.0L 8 Cylinder Engine Gasoline Fuel,Transmission w/Dual Shift Mode,Black,Black,None reported,Yes,19000.0,14,,0,0,Old
Jeep,Wrangler Unlimited Rubicon,2022,,Gasoline,285.0HP 3.6L V6 Cylinder Engine Gasoline Fuel,8-Speed A/T,Gray,Brown,None reported,Yes,65500.0,4,,0,0,New
BMW,X4 xDrive30i,2022,,Gasoline,248.0HP 2.0L 4 Cylinder Engine Gasoline Fuel,A/T,Blue,Brown,None reported,Yes,46000.0,4,,1,0,New
Jaguar,F-PACE S,2020,,Gasoline,3.0 Liter,Automatic,Eiger Grey Metallic,Ebony/Light Oyster Stitch,None reported,,46998.0,6,,0,0,Moderate
Acura,RSX Type S,2006,,Gasoline,201.0HP 2.0L 4 Cylinder Engine Gasoline Fuel,6-Speed M/T,Black,Gray,,,14990.0,20,,0,0,Old
Mazda,MX-5 Miata Base,2003,,Gasoline,142.0HP 1.8L 4 Cylinder Engine Gasoline Fuel,5-Speed M/T,White,Beige,None reported,Yes,22000.0,23,,0,0,Very Old
GMC,Yukon XL SLT,2023,,Gasoline,355.0HP 5.3L 8 Cylinder Engine Gasoline Fuel,A/T,Black,Black,None reported,Yes,67800.0,3,,0,0,New
Mercedes-Benz,E-Class E 350 4MATIC,2008,,Gasoline,268.0HP 3.5L V6 Cylinder Engine Gasoline Fuel,5-Speed A/T,Black,Black,None reported,Yes,8900.0,18,,1,0,Old
INFINITI,G35 Base,2004,,Gasoline,260.0HP 3.5L V6 Cylinder Engine Gasoline Fuel,5-Speed A/T,Beige,Beige,None reported,Yes,7500.0,22,,0,0,Very Old
Cadillac,XTS Premium,2013,,Gasoline,3.6L V6 24V GDI DOHC,6-Speed Automatic,White Diamond Tri-Coat,Shale,At least 1 accident or damage reported,Yes,21995.0,13,,0,0,Old
MINI,Hardtop Cooper S,2017,,Gasoline,189.0HP 2.0L 4 Cylinder Engine Gasoline Fuel,6-Speed M/T,Silver,Black,None reported,Yes,20784.0,9,,0,0,Moderate
BMW,X5 xDrive35i,2014,,Gasoline,300.0HP 3.0L Straight 6 Cylinder Engine Gasoline Fuel,Transmission w/Dual Shift Mode,Black,Black,,,20000.0,12,,1,0,Old
Mercedes-Benz,SL-Class SL 550,2013,,Gasoline,429.0HP 4.6L 8 Cylinder Engine Gasoline Fuel,7-Speed A/T,Black,Beige,None reported,Yes,31450.0,13,,1,0,Old
RAM,1500 Tradesman/Express,2017,,Gasoline,395.0HP 5.7L 8 Cylinder Engine Gasoline Fuel,8-Speed A/T,Blue,Beige,At least 1 accident or damage reported,Yes,24200.0,9,,0,0,Moderate
BMW,135 i,2011,,Gasoline,300.0HP 3.0L Straight 6 Cylinder Engine Gasoline Fuel,7-Speed A/T,Black,Beige,None reported,Yes,11000.0,15,,1,0,Old
Hyundai,IONIQ 5 SE,2022,,,320.0HP Electric Motor Electric Fuel System,A/T,White,Black,None reported,Yes,42000.0,4,,0,0,New
Lexus,LS 430 Base,2002,,Gasoline,290.0HP 4.3L 8 Cylinder Engine Gasoline Fuel,A/T,Silver,Gray,At least 1 accident or damage reported,Yes,15999.0,24,,1,0,Very Old
Jaguar,F-PACE S,2023,,Gasoline,2.0 Liter,Automatic,Santorin Black,Black,None reported,,56998.0,3,,0,0,New
BMW,M5 Base,2006,,Gasoline,500.0HP 5.0L 10 Cylinder Engine Gasoline Fuel,Transmission w/Dual Shift Mode,Black,Black,None reported,Yes,19500.0,20,,1,0,Old
Hyundai,Santa Fe SE,2022,,Gasoline,2.5L I4 16V PDI DOHC,8-Speed Automatic,Stormy Sea,Black,None reported,,27450.0,4,,0,0,New
Ford,Expedition Timberline,2023,,Gasoline,3.5L V6 24V PDI DOHC Twin Turbo,10-Speed Automatic,Dark Matter Metallic,Black Onyx,At least 1 accident or damage reported,Yes,77430.0,3,,0,0,New
Chevrolet,Silverado 1500 LT Trail Boss,2021,,Gasoline,5.3L V8 16V GDI OHV,10-Speed Automatic,Silver Ice Metallic,Jet Black,None reported,,43666.0,5,,0,0,New
GMC,Sierra 1500 SLT,2021,,Gasoline,420.0HP 6.2L 8 Cylinder Engine Gasoline Fuel,A/T,White,Black,None reported,Yes,70250.0,5,,0,0,New
Ford,Mustang Premium,2007,,Gasoline,210.0HP 4.0L V6 Cylinder Engine Gasoline Fuel,A/T,Red,Black,None reported,Yes,9000.0,19,,0,0,Old
BMW,M5 Base,2008,,Gasoline,500.0HP 5.0L 10 Cylinder Engine Gasoline Fuel,7-Speed A/T,Silver,Silver,None reported,Yes,21000.0,18,,1,0,Old
Toyota,Tacoma SR,2020,,Gasoline,278.0HP 3.5L V6 Cylinder Engine Gasoline Fuel,6-Speed A/T,Gray,Gray,None reported,Yes,35000.0,6,,0,0,Moderate
Porsche,Cayenne Base,2019,,Gasoline,3.0L V6 24V GDI DOHC Turbo,8-Speed Automatic,White,Black,None reported,Yes,80140.0,7,,0,0,Moderate
Ford,F-150 Lightning XLT,2023,,,563.0HP Electric Motor Electric Fuel System,A/T,Gray,Gold,None reported,Yes,89000.0,3,,0,0,New
Dodge,Durango GT,2021,,Gasoline,3.6L V6 24V MPFI DOHC,8-Speed Automatic,Billet Clearcoat Metallic,Black,None reported,,32999.0,5,,0,0,New
BMW,330e iPerformance,2018,,Plug-In Hybrid,247.0HP 2.0L 4 Cylinder Engine Plug-In Electric/Gas,Transmission w/Dual Shift Mode,Black,Black,None reported,Yes,24995.0,8,,1,0,Moderate
GMC,Terrain Denali,2016,,Gasoline,301.0HP 3.6L V6 Cylinder Engine Gasoline Fuel,6-Speed A/T,White,Black,None reported,Yes,18400.0,10,,0,0,Moderate
Ford,Excursion Limited,2004,,Diesel,325.0HP 6.0L 8 Cylinder Engine Diesel Fuel,5-Speed A/T,Gold,Gold,None reported,Yes,20500.0,22,,0,0,Very Old
Hyundai,Genesis 3.8,2015,,Gasoline,311.0HP 3.8L V6 Cylinder Engine Gasoline Fuel,8-Speed A/T,Silver,Gray,,,20150.0,11,,0,0,Old
Mitsubishi,Mirage ES,2017,,Gasoline,78.0HP 1.2L 3 Cylinder Engine Gasoline Fuel,A/T,Blue,Black,None reported,Yes,8750.0,9,,0,0,Moderate
Mercedes-Benz,E-Class E 350 4MATIC,2010,,Gasoline,268.0HP 3.5L V6 Cylinder Engine Gasoline Fuel,7-Speed A/T,Black,Black,None reported,Yes,22500.0,16,,1,0,Old
Mazda,Mazda3 i Sport,2015,,Gasoline,155.0HP 2.0L 4 Cylinder Engine Gasoline Fuel,Transmission w/Dual Shift Mode,Red,Black,None reported,Yes,11500.0,11,,0,0,Old
BMW,M3 Base,2008,,Gasoline,414.0HP 4.0L 8 Cylinder Engine Gasoline Fuel,M/T,Red,Black,None reported,Yes,28500.0,18,,1,0,Old
Mercedes-Benz,E-Class E 350,2014,,Gasoline,302.0HP 3.5L V6 Cylinder Engine Gasoline Fuel,A/T,Black,Black,None reported,Yes,19250.0,12,,1,0,Old
Ford,Bronco Outer Banks Advanced,2022,,Gasoline,315.0HP 2.7L V6 Cylinder Engine Gasoline Fuel,10-Speed A/T,Gray,Brown,At least 1 accident or damage reported,Yes,65999.0,4,,0,0,New
Tesla,Model X 75D,2017,,,518.0HP Electric Motor Electric Fuel System,A/T,Black,White,None reported,Yes,42250.0,9,,0,0,Moderate
Jeep,Wrangler Unlimited Sport,2010,,Gasoline,205.0HP 3.8L V6 Cylinder Engine Gasoline Fuel,A/T,White,Gray,At least 1 accident or damage reported,Yes,17500.0,16,,0,0,Old
Honda,Pilot Elite,2021,,Gasoline,3.5L V6 24V GDI SOHC,9-Speed Automatic,Gray,Black,None reported,,38998.0,5,,0,0,New
Acura,TL 3.2,2008,,Gasoline,258.0HP 3.2L V6 Cylinder Engine Gasoline Fuel,A/T,Black,Black,At least 1 accident or damage reported,Yes,10000.0,18,,0,0,Old
Lexus,IS 350 Base,2014,,Gasoline,306.0HP 3.5L V6 Cylinder Engine Gasoline Fuel,6-Speed A/T,Red,Black,At least 1 accident or damage reported,Yes,18000.0,12,,1,0,Old
Chevrolet,Equinox LT,2011,,Gasoline,264.0HP 3.0L V6 Cylinder Engine Gasoline Fuel,6-Speed A/T,Brown,Black,At least 1 accident or damage reported,Yes,7000.0,15,,0,0,Old
Mitsubishi,Lancer DE,2009,,Gasoline,152.0HP 2.0L 4 Cylinder Engine Gasoline Fuel,5-Speed M/T,Black,Black,At least 1 accident or damage reported,Yes,3000.0,17,,0,0,Old
Land,Rover LR2 Base,2015,,Gasoline,240.0HP 2.0L 4 Cylinder Engine Gasoline Fuel,6-Speed A/T,White,Beige,None reported,Yes,11995.0,11,,0,0,Old
Nissan,Leaf SV PLUS,2023,,,Electric,1-Speed Automatic,Brilliant Silver Metallic,Black,None reported,Yes,28196.0,3,,0,0,New
Audi,A5 2.0T Premium,2012,,Gasoline,211.0HP 2.0L 4 Cylinder Engine Gasoline Fuel,A/T,White,Beige,None reported,Yes,11000.0,14,,1,0,Old
Rivian,R1S Launch Edition,2023,,,835.0HP Electric Motor Electric Fuel System,1-Speed A/T,Blue,Gray,None reported,Yes,92500.0,3,,0,0,New
Lexus,RX 450h Base,2018,,Hybrid,308.0HP 3.5L V6 Cylinder Engine Gas/Electric Hybrid,CVT Transmission,Silver,Gray,None reported,Yes,35700.0,8,,1,0,Moderate
Chevrolet,Tahoe LT,2018,,Gasoline,355.0HP 5.3L 8 Cylinder Engine Gasoline Fuel,6-Speed A/T,Black,Black,None reported,Yes,37900.0,8,,0,0,Moderate
Mercedes-Benz,G-Class G 550 4MATIC,2017,,Gasoline,416.0HP 4.0L 8 Cylinder Engine Gasoline Fuel,7-Speed A/T,Gray,Black,None reported,Yes,84500.0,9,,1,0,Moderate
Cadillac,XTS Luxury,2013,,Gasoline,304.0HP 3.6L V6 Cylinder Engine Gasoline Fuel,A/T,Black,Gray,At least 1 accident or damage reported,Yes,8500.0,13,,0,0,Old
INFINITI,Q50 3.0t Red Sport 400,2020,,Gasoline,3.0L V6 24V GDI DOHC Twin Turbo,7-Speed Automatic,Liquid Platinum,White,None reported,,36999.0,6,,0,0,Moderate
Subaru,Outback 3.6R Limited,2016,,Gasoline,256.0HP 3.6L Flat 6 Cylinder Engine Gasoline Fuel,A/T,Blue,Black,At least 1 accident or damage reported,Yes,19500.0,10,,0,0,Moderate
Toyota,Avalon XLS,2004,,Gasoline,210.0HP 3.0L V6 Cylinder Engine Gasoline Fuel,A/T,Gray,Gray,None reported,Yes,5500.0,22,,0,0,Very Old
Chevrolet,Traverse RS,2021,,Gasoline,310.0HP 3.6L V6 Cylinder Engine Gasoline Fuel,9-Speed A/T,Silver,Black,None reported,Yes,36000.0,5,,0,0,New
BMW,330 i,2021,,Gasoline,255.0HP 2.0L 4 Cylinder Engine Gasoline Fuel,Transmission w/Dual Shift Mode,Black,Black,None reported,Yes,37000.0,5,,1,0,New
Karma,Revero Base,2018,,,403.0HP 2.0L Electric Motor Electric Fuel System,A/T,White,Black,None reported,Yes,55500.0,8,,0,0,Moderate
Lexus,GX 460 Base,2021,,Gasoline,4.6 Liter,Automatic,Silver,Rioja Red,None reported,,51798.0,5,,1,0,New
Alfa,Romeo Stelvio Ti Sport,2019,,Gasoline,"2L I-4 gasoline direct injection, MultiAir2 variable valve contr","Automatic, 8-Spd",Vulcano Black Metallic,Red/Black,None reported,,28900.0,7,,0,0,Moderate
GMC,Sierra 2500 Base,2019,,E85 Flex Fuel,360.0HP 6.0L 8 Cylinder Engine Flex Fuel Capability,A/T,Silver,Beige,None reported,Yes,36500.0,7,,0,0,Moderate
Lexus,IS 250 Base,2013,,Gasoline,204.0HP 2.5L V6 Cylinder Engine Gasoline Fuel,6-Speed A/T,Gray,Black,At least 1 accident or damage reported,Yes,10000.0,13,,1,0,Old
Porsche,Panamera 2,2011,,Gasoline,300.0HP 3.6L V6 Cylinder Engine Gasoline Fuel,7-Speed A/T,White,Black,None reported,Yes,20900.0,15,,0,0,Old
BMW,535 i xDrive,2013,,Gasoline,306.0HP 3.0L Straight 6 Cylinder Engine Gasoline Fuel,Transmission w/Dual Shift Mode,Silver,Black,At least 1 accident or damage reported,Yes,17000.0,13,,1,0,Old
Chevrolet,Silverado 2500 High Country,2022,,Diesel,445.0HP 6.6L 8 Cylinder Engine Diesel Fuel,10-Speed A/T,Blue,Gray,None reported,Yes,74500.0,4,,0,0,New
Mercedes-Benz,AMG C 63 Base,2017,,Gasoline,469.0HP 4.0L 8 Cylinder Engine Gasoline Fuel,7-Speed A/T,Gray,Black,None reported,Yes,55600.0,9,,1,0,Moderate
Jeep,Wrangler Sahara,1998,,Gasoline,181.0HP 4.0L Straight 6 Cylinder Engine Gasoline Fuel,5-Speed M/T,Black,Black,None reported,Yes,6999.0,28,,0,0,Very Old
Porsche,Boxster S,2005,,Gasoline,280.0HP 3.2L Flat 6 Cylinder Engine Gasoline Fuel,6-Speed M/T,Blue,Gray,None reported,Yes,24900.0,21,,0,0,Very Old
BMW,M3 Base,2006,,Gasoline,333.0HP 3.2L Straight 6 Cylinder Engine Gasoline Fuel,6-Speed M/T,Gray,Gray,At least 1 accident or damage reported,Yes,42000.0,20,,1,0,Old
Chevrolet,Camaro LT1,2022,,Gasoline,6.2 Liter,Automatic,Blue,Jet Black,None reported,,39998.0,4,,0,0,New
BMW,535 i xDrive,2011,,Gasoline,300.0HP 3.0L Straight 6 Cylinder Engine Gasoline Fuel,Transmission w/Dual Shift Mode,Black,White,At least 1 accident or damage reported,Yes,10999.0,15,,1,0,Old
RAM,1500 Laramie,2022,,Gasoline,5.7L V8 16V MPFI OHV,8-Speed Automatic,Delmonico Red Pearlcoat,Black,None reported,,46999.0,4,,0,0,New
Chevrolet,Express 1500 Cargo,2004,,Gasoline,195.0HP 4.3L V6 Cylinder Engine Gasoline Fuel,A/T,White,Gray,At least 1 accident or damage reported,Yes,7999.0,22,,0,0,Very Old
BMW,X7 xDrive40i,2020,,Gasoline,335.0HP 3.0L Straight 6 Cylinder Engine Gasoline Fuel,Transmission w/Dual Shift Mode,Black,Black,None reported,Yes,54999.0,6,,1,0,Moderate
BMW,X7 xDrive40i,2022,,Hybrid,335.0HP 3.0L Straight 6 Cylinder Engine Gasoline/Mild Electric Hybrid,A/T,Blue,Brown,None reported,Yes,85000.0,4,,1,0,New
Chevrolet,Silverado 2500 LT,2016,,E85 Flex Fuel,360.0HP 6.0L 8 Cylinder Engine Flex Fuel Capability,6-Speed A/T,White,Black,None reported,Yes,36800.0,10,,0,0,Moderate
GMC,Sierra 1500 Denali,2021,,Gasoline,6.2L V8 16V GDI OHV,10-Speed Automatic,White Frost Tri-Coat,Walnut,At least 1 accident or damage reported,,56900.0,5,,0,0,New
Mitsubishi,Outlander SEL,2022,,Gasoline,181.0HP 2.5L 4 Cylinder Engine Gasoline Fuel,A/T,White,Black,None reported,Yes,33000.0,4,,0,0,New
Ford,Shelby GT350 Base,2019,,Gasoline,526.0HP 5.2L 8 Cylinder Engine Gasoline Fuel,6-Speed M/T,Black,Black,None reported,Yes,91000.0,7,,0,0,Moderate
MINI,Cooper Base,2010,,Gasoline,118.0HP 1.6L 4 Cylinder Engine Gasoline Fuel,6-Speed A/T,Gold,Black,None reported,Yes,8000.0,16,,0,0,Old
Toyota,Prius Touring,2009,,Hybrid,76.0HP 1.5L 4 Cylinder Engine Gas/Electric Hybrid,A/T,Blue,Beige,None reported,Yes,6999.0,17,,0,0,Old
Cadillac,Escalade ESV Base,2007,,Gasoline,403.0HP 6.2L 8 Cylinder Engine Gasoline Fuel,A/T,Black,Black,At least 1 accident or damage reported,Yes,9750.0,19,,0,0,Old
Audi,A6 2.0T Premium Plus,2016,,Gasoline,252.0HP 2.0L 4 Cylinder Engine Gasoline Fuel,A/T,White,Gray,At least 1 accident or damage reported,Yes,19500.0,10,,1,0,Moderate
Chevrolet,Suburban 1500 LT,2008,,Gasoline,320.0HP 5.3L 8 Cylinder Engine Gasoline Fuel,Transmission Overdrive Switch,White,Black,At least 1 accident or damage reported,Yes,7200.0,18,,0,0,Old
Jaguar,XK R,2012,,Gasoline,510.0HP 5.0L 8 Cylinder Engine Gasoline Fuel,6-Speed A/T,White,Black,None reported,Yes,36949.0,14,,0,0,Old
Ford,F-250 XLT,2022,,Diesel,6.7L V8 32V DDI OHV Turbo Diesel,Automatic,Oxford White,Medium Earth Gray,,,77535.0,4,,0,0,New
Audi,A4 2.0T Premium,2011,,Gasoline,211.0HP 2.0L 4 Cylinder Engine Gasoline Fuel,A/T,White,Black,At least 1 accident or damage reported,Yes,8300.0,15,,1,0,Old
Cadillac,ATS 2.0L Turbo,2018,,Gasoline,272.0HP 2.0L 4 Cylinder Engine Gasoline Fuel,A/T,Gray,Black,None reported,Yes,22999.0,8,,0,0,Moderate
Ford,Transit-350 Base,2019,,Gasoline,275.0HP 3.7L V6 Cylinder Engine Gasoline Fuel,6-Speed A/T,White,–,None reported,Yes,37000.0,7,,0,0,Moderate
Mercedes-Benz,G-Class G 63 AMG,2014,,Gasoline,536.0HP 5.5L 8 Cylinder Engine Gasoline Fuel,A/T,White,Black,None reported,Yes,72999.0,12,,1,0,Old
Jeep,Wrangler Sahara,2011,,Gasoline,202.0HP 3.8L V6 Cylinder Engine Gasoline Fuel,4-Speed A/T,Red,Black,At least 1 accident or damage reported,Yes,35000.0,15,,0,0,Old
BMW,M4 Base,2015,,Gasoline,425.0HP 3.0L Straight 6 Cylinder Engine Gasoline Fuel,Transmission w/Dual Shift Mode,Black,Black,None reported,Yes,42800.0,11,,1,0,Old
Tesla,Model S P100D,2018,,,518.0HP Electric Motor Electric Fuel System,A/T,White,Black,None reported,Yes,59500.0,8,,0,0,Moderate
Maserati,Ghibli S GranLusso,2020,,Gasoline,424.0HP 3.0L V6 Cylinder Engine Gasoline Fuel,8-Speed A/T,Blue,Brown,None reported,Yes,52900.0,6,,0,0,Moderate
Pontiac,Firebird Trans Am,2001,,Gasoline,310.0HP 5.7L 8 Cylinder Engine Gasoline Fuel,6-Speed M/T,Blue,Beige,None reported,Yes,21000.0,25,,0,0,Very Old
Ford,Expedition XLT,2022,,Gasoline,3.5L V6 24V PDI DOHC Twin Turbo,10-Speed Automatic,Black,Sandstone,None reported,Yes,57352.0,4,,0,0,New
Tesla,Model X Long Range Plus,2021,,,557.0HP Electric Motor Electric Fuel System,A/T,Blue,Black,None reported,Yes,69000.0,5,,0,0,New
BMW,535 i xDrive,2011,,Gasoline,300.0HP 3.0L Straight 6 Cylinder Engine Gasoline Fuel,8-Speed A/T,Blue,Beige,None reported,Yes,9999.0,15,,1,0,Old
BMW,428 i xDrive,2015,,Gasoline,240.0HP 2.0L 4 Cylinder Engine Gasoline Fuel,A/T,White,Black,None reported,Yes,15000.0,11,,1,0,Old
Cadillac,Escalade ESV Platinum,2017,,Gasoline,420.0HP 6.2L 8 Cylinder Engine Gasoline Fuel,8-Speed A/T,Gold,Brown,None reported,Yes,32999.0,9,,0,0,Moderate
BMW,X5 xDrive35i,2014,,Gasoline,300.0HP 3.0L Straight 6 Cylinder Engine Gasoline Fuel,8-Speed A/T,Black,White,None reported,Yes,12999.0,12,,1,0,Old
Lexus,GX 460 Premium,2017,,Gasoline,301.0HP 4.6L 8 Cylinder Engine Gasoline Fuel,A/T,White,Beige,None reported,Yes,31000.0,9,,1,0,Moderate
MINI,Countryman Cooper S ALL4,2016,,Gasoline,181.0HP 1.6L 4 Cylinder Engine Gasoline Fuel,6-Speed M/T,White,Black,None reported,Yes,13999.0,10,,0,0,Moderate
Ford,F-150 XLT,2018,,Gasoline,325.0HP 2.7L V6 Cylinder Engine Gasoline Fuel,10-Speed A/T,Black,Black,None reported,Yes,35000.0,8,,0,0,Moderate
INFINITI,QX60 Base,2016,,Gasoline,265.0HP 3.5L V6 Cylinder Engine Gasoline Fuel,A/T,Black,Black,None reported,Yes,21500.0,10,,0,0,Moderate
Lexus,RX 350 Base,2012,,Gasoline,270.0HP 3.5L V6 Cylinder Engine Gasoline Fuel,6-Speed A/T,Silver,Gray,None reported,Yes,15000.0,14,,1,0,Old
Dodge,Charger Scat Pack,2020,,Gasoline,485.0HP 6.4L 8 Cylinder Engine Gasoline Fuel,8-Speed A/T,Red,Black,At least 1 accident or damage reported,Yes,38000.0,6,,0,0,Moderate
Lexus,IS 350 Base,2017,,Gasoline,306.0HP 3.5L V6 Cylinder Engine Gasoline Fuel,6-Speed A/T,White,Black,None reported,Yes,30000.0,9,,1,0,Moderate
Nissan,NV200 SV,2017,,Gasoline,131.0HP 2.0L 4 Cylinder Engine Gasoline Fuel,A/T,White,Black,None reported,Yes,26500.0,9,,0,0,Moderate
Subaru,Impreza 2.0i Premium,2013,,Gasoline,148.0HP 2.0L 4 Cylinder Engine Gasoline Fuel,CVT Transmission,Black,Beige,None reported,Yes,9999.0,13,,0,0,Old
BMW,M3 Base,2016,,Gasoline,425.0HP 3.0L Straight 6 Cylinder Engine Gasoline Fuel,6-Speed M/T,Blue,White,None reported,Yes,49999.0,10,,1,0,Moderate
INFINITI,QX80 Luxe,2020,,Gasoline,400.0HP 5.6L 8 Cylinder Engine Gasoline Fuel,A/T,Gray,Black,None reported,Yes,31450.0,6,,0,0,Moderate
Ford,Mustang GT Premium,2016,,Gasoline,435.0HP 5.0L 8 Cylinder Engine Gasoline Fuel,6-Speed M/T,Gray,Black,At least 1 accident or damage reported,Yes,30490.0,10,,0,0,Moderate
Toyota,RAV4 TRD Off Road,2020,,Gasoline,203.0HP 2.5L 4 Cylinder Engine Gasoline Fuel,8-Speed A/T,White,Black,None reported,Yes,35200.0,6,,0,0,Moderate
Honda,S2000 Base,2000,,Gasoline,240.0HP 2.0L 4 Cylinder Engine Gasoline Fuel,M/T,Silver,Red,None reported,Yes,35000.0,26,,0,0,Very Old
Jeep,Gladiator Sport,2021,,Gasoline,3.6L V6 24V MPFI DOHC,8-Speed Automatic,Firecracker Red Clearcoat,Black,,,41329.0,5,,0,0,New
Ford,Bronco Big Bend Advanced,2023,,Gasoline,275.0HP 2.3L 4 Cylinder Engine Gasoline Fuel,10-Speed A/T,Black,–,None reported,Yes,54000.0,3,,0,0,New
Ford,Expedition Timberline,2022,,Gasoline,3.5L V6 24V PDI DOHC Twin Turbo,10-Speed Automatic,Dark Matter Metallic,Deep Cypress,None reported,Yes,68420.0,4,,0,0,New
Toyota,Sequoia TRD Pro,2023,,Hybrid,437.0HP 3.4L V6 Cylinder Engine Gas/Electric Hybrid,10-Speed A/T,Orange,Black,None reported,Yes,91995.0,3,,0,0,New
Plymouth,Prowler Base,2001,,Gasoline,253.0HP 3.5L V6 Cylinder Engine Gasoline Fuel,4-Speed A/T,Blue,Gray,None reported,Yes,28500.0,25,,0,0,Very Old
Alfa,Romeo Giulia Ti,2023,,Gasoline,2.0L I4 16V GDI SOHC Turbo,8-Speed Automatic,Alfa White,Black,None reported,,43900.0,3,,0,0,New
Chevrolet,Suburban 1500 LS,2004,,E85 Flex Fuel,295.0HP 5.3L 8 Cylinder Engine Flex Fuel Capability,4-Speed A/T,White,Beige,At least 1 accident or damage reported,Yes,12998.0,22,,0,0,Very Old
Mitsubishi,Lancer Evolution GSR,2013,,Gasoline,291.0HP 2.0L 4 Cylinder Engine Gasoline Fuel,5-Speed M/T,Black,Black,None reported,Yes,28000.0,13,,0,0,Old
Mercedes-Benz,AMG GLE 43 Coupe 4MATIC,2018,,Gasoline,385.0HP 3.0L V6 Cylinder Engine Gasoline Fuel,9-Speed A/T,Blue,Brown,At least 1 accident or damage reported,Yes,42995.0,8,,1,0,Moderate
Audi,R8 5.2 quattro Spyder,2011,,Gasoline,525.0HP 5.2L 10 Cylinder Engine Gasoline Fuel,Transmission w/Dual Shift Mode,White,Brown,At least 1 accident or damage reported,Yes,74000.0,15,,1,0,Old
Ford,Escape XLT,2007,,Gasoline,153.0HP 2.3L 4 Cylinder Engine Gasoline Fuel,4-Speed A/T,Silver,Silver,None reported,Yes,3000.0,19,,0,0,Old
BMW,X5 3.0si,2007,,Gasoline,260.0HP 3.0L Straight 6 Cylinder Engine Gasoline Fuel,6-Speed A/T,Black,Black,None reported,Yes,8500.0,19,,1,0,Old
Chevrolet,Camaro 2LT,2011,,Gasoline,312.0HP 3.6L V6 Cylinder Engine Gasoline Fuel,Transmission w/Dual Shift Mode,White,Beige,At least 1 accident or damage reported,Yes,14000.0,15,,0,0,Old
BMW,340 i,2016,,Gasoline,320.0HP 3.0L Straight 6 Cylinder Engine Gasoline Fuel,6-Speed M/T,Black,Red,None reported,Yes,36995.0,10,,1,0,Moderate
Mercedes-Benz,SL-Class SL 550,2012,,Gasoline,382.0HP 5.5L 8 Cylinder Engine Gasoline Fuel,7-Speed A/T,Silver,Red,At least 1 accident or damage reported,Yes,38500.0,14,,1,0,Old
Cadillac,Escalade Platinum,2019,,Gasoline,420.0HP 6.2L 8 Cylinder Engine Gasoline Fuel,A/T,Black,Black,None reported,Yes,51900.0,7,,0,0,Moderate
Chevrolet,Silverado 3500 LTZ,2018,,Diesel,6.6L V8 32V DDI OHV Turbo Diesel,6-Speed Automatic,Black,Jet Black,,,52889.0,8,,0,0,Moderate
Lexus,RC F Base,2015,,Gasoline,467.0HP 5.0L 8 Cylinder Engine Gasoline Fuel,8-Speed A/T,Black,Black,None reported,Yes,49995.0,11,,1,0,Old
Kia,Forte GT-Line,2021,,Gasoline,147.0HP 2.0L 4 Cylinder Engine Gasoline Fuel,CVT Transmission,White,Black,None reported,Yes,21900.0,5,,0,0,New
Land,Rover Range Rover Sport Supercharged Dynamic,2018,,Gasoline,518.0HP 5.0L 8 Cylinder Engine Gasoline Fuel,8-Speed A/T,Red,Black,None reported,Yes,53499.0,8,,0,0,Moderate
Nissan,Titan S,2017,,Gasoline,390.0HP 5.6L 8 Cylinder Engine Gasoline Fuel,7-Speed A/T,White,Gray,None reported,Yes,32324.0,9,,0,0,Moderate
Honda,Accord EX-L 2.0T,2019,,Gasoline,252.0HP 2.0L 4 Cylinder Engine Gasoline Fuel,A/T,White,Black,At least 1 accident or damage reported,Yes,27500.0,7,,0,0,Moderate
Subaru,WRX Base,2017,,Gasoline,268.0HP 2.0L 4 Cylinder Engine Gasoline Fuel,6-Speed M/T,Blue,Black,None reported,Yes,23750.0,9,,0,0,Moderate
Audi,A4 2.0T Titanium Premium,2019,,Gasoline,188.0HP 2.0L 4 Cylinder Engine Gasoline Fuel,7-Speed A/T,White,Gray,None reported,Yes,27900.0,7,,1,0,Moderate
Ford,Mustang EcoBoost Premium,2018,,–,–,A/T,Blue,Gray,At least 1 accident or damage reported,Yes,25000.0,8,,0,0,Moderate
Chevrolet,Avalanche 1500 LS,2012,,E85 Flex Fuel,320.0HP 5.3L 8 Cylinder Engine Flex Fuel Capability,A/T,Red,Black,At least 1 accident or damage reported,Yes,18000.0,14,,0,0,Old
Mercedes-Benz,CLA-Class CLA 250,2014,,Gasoline,208.0HP 2.0L 4 Cylinder Engine Gasoline Fuel,Transmission w/Dual Shift Mode,Gray,Black,At least 1 accident or damage reported,Yes,12000.0,12,,1,0,Old
BMW,228 Gran Coupe i xDrive,2020,,Gasoline,228.0HP 2.0L 4 Cylinder Engine Gasoline Fuel,8-Speed A/T,Blue,White,None reported,Yes,26999.0,6,,1,0,Moderate
Maserati,GranTurismo Base,2012,,Gasoline,440.0HP 4.7L 8 Cylinder Engine Gasoline Fuel,Transmission w/Dual Shift Mode,Blue,Beige,None reported,Yes,37900.0,14,,0,0,Old
Ford,Expedition Platinum,2021,,Gasoline,3.5L V6 24V PDI DOHC Twin Turbo,10-Speed Automatic,Red,Ceramic,None reported,Yes,57480.0,5,,0,0,New
Audi,S4 Base,2007,,Gasoline,340.0HP 4.2L 8 Cylinder Engine Gasoline Fuel,6-Speed M/T,Black,Black,At least 1 accident or damage reported,Yes,10995.0,19,,1,0,Old
Land,Rover Range Rover Sport Supercharged HSE,2016,,Gasoline,340.0HP 3.0L V6 Cylinder Engine Gasoline Fuel,A/T,Blue,White,At least 1 accident or damage reported,Yes,26500.0,10,,0,0,Moderate
Ford,Mustang Mach-E GT,2022,,,Electric,1-Speed Automatic,Star White,Black Onyx,None reported,,49599.0,4,,0,0,New
Chevrolet,Tahoe LTZ,2007,,E85 Flex Fuel,320.0HP 5.3L 8 Cylinder Engine Flex Fuel Capability,4-Speed A/T,Gold,Beige,At least 1 accident or damage reported,Yes,10750.0,19,,0,0,Old
Nissan,Xterra S,2008,,Gasoline,261.0HP 4.0L V6 Cylinder Engine Gasoline Fuel,A/T,Black,Gray,None reported,Yes,6999.0,18,,0,0,Old
INFINITI,Q60 3.0T Premium,2017,,Gasoline,300.0HP 3.0L V6 Cylinder Engine Gasoline Fuel,7-Speed A/T,Black,Gray,At least 1 accident or damage reported,Yes,17500.0,9,,0,0,Moderate
Ford,F-150 Raptor,2021,,Gasoline,3.5L V6 24V PDI DOHC Twin Turbo,10-Speed Automatic,Oxford White,Black,None reported,,77900.0,5,,0,0,New
Acura,TLX Base,2016,,Gasoline,206.0HP 2.4L 4 Cylinder Engine Gasoline Fuel,A/T,Gray,Blue,None reported,Yes,16500.0,10,,0,0,Moderate
Nissan,Frontier SV,2013,,Gasoline,261.0HP 4.0L V6 Cylinder Engine Gasoline Fuel,5-Speed A/T,Blue,Gray,None reported,Yes,15500.0,13,,0,0,Old
Chevrolet,Camaro 1SS,2021,,Gasoline,455.0HP 6.2L 8 Cylinder Engine Gasoline Fuel,6-Speed M/T,Gray,Black,None reported,Yes,47000.0,5,,0,0,New
Porsche,Panamera 4,2018,,Gasoline,330.0HP 3.0L V6 Cylinder Engine Gasoline Fuel,Transmission w/Dual Shift Mode,White,Black,None reported,Yes,59800.0,8,,0,0,Moderate
Acura,TLX PMC Edition,2020,,Gasoline,290.0HP 3.5L V6 Cylinder Engine Gasoline Fuel,9-Speed A/T,Red,Black,None reported,Yes,43500.0,6,,0,0,Moderate
Kia,Sorento EX V6,2019,,Gasoline,3.3L V6 24V GDI DOHC,8-Speed Automatic,Titanium Silver,Satin Black,None reported,,23754.0,7,,0,0,Moderate
Hyundai,Palisade SEL,2021,,Gasoline,291.0HP 3.8L V6 Cylinder Engine Gasoline Fuel,8-Speed A/T,Black,Black,None reported,Yes,29600.0,5,,0,0,New
Ford,F-250 Lariat,2017,,Diesel,440.0HP 6.7L 8 Cylinder Engine Diesel Fuel,6-Speed A/T,Gray,Black,None reported,Yes,50000.0,9,,0,0,Moderate
BMW,430 i,2021,,Gasoline,255.0HP 2.0L 4 Cylinder Engine Gasoline Fuel,A/T,White,Blue,None reported,Yes,51000.0,5,,1,0,New
Mitsubishi,Lancer GTS,2009,,Gasoline,168.0HP 2.4L 4 Cylinder Engine Gasoline Fuel,CVT Transmission,Orange,Gray,At least 1 accident or damage reported,Yes,5100.0,17,,0,0,Old
Nissan,NV200 S,2019,,Gasoline,131.0HP 2.0L 4 Cylinder Engine Gasoline Fuel,CVT Transmission,Black,Gray,At least 1 accident or damage reported,Yes,19500.0,7,,0,0,Moderate
Buick,Enclave Leather,2015,,Gasoline,288.0HP 3.6L V6 Cylinder Engine Gasoline Fuel,6-Speed A/T,Blue,Black,At least 1 accident or damage reported,Yes,18950.0,11,,0,0,Old
Lexus,RX 330 Base,2004,,Gasoline,230.0HP 3.3L V6 Cylinder Engine Gasoline Fuel,A/T,Silver,Gray,None reported,Yes,7900.0,22,,1,0,Very Old
Lexus,RX 450h F Sport,2019,,Hybrid,3.5L V6 24V PDI DOHC Hybrid,Automatic CVT,Caviar,Rioja Red,None reported,,44950.0,7,,1,0,Moderate
Ford,F-250 Lariat,2017,,E85 Flex Fuel,6.2L V8 16V MPFI SOHC Flexible Fuel,6-Speed Automatic,White,Camel,,,45985.0,9,,0,0,Moderate
Kia,Forte Koup EX,2013,,Gasoline,156.0HP 2.0L 4 Cylinder Engine Gasoline Fuel,A/T,Black,–,At least 1 accident or damage reported,Yes,5500.0,13,,0,0,Old
GMC,Terrain SLE,2020,,Gasoline,1.5L I4 16V GDI DOHC Turbo,9-Speed Automatic,Summit White,Jet Black,None reported,Yes,29900.0,6,,0,0,Moderate
Porsche,Macan Base,2018,,Gasoline,252.0HP 2.0L 4 Cylinder Engine Gasoline Fuel,7-Speed A/T,Black,Black,None reported,Yes,35000.0,8,,0,0,Moderate
Lexus,RC 350 Base,2015,,Gasoline,306.0HP 3.5L V6 Cylinder Engine Gasoline Fuel,Transmission w/Dual Shift Mode,Blue,Blue,None reported,Yes,24000.0,11,,1,0,Old
Audi,S4 3.0T Premium Plus,2020,,Gasoline,3.0L V6 24V GDI DOHC Turbo,8-Speed Automatic,Tango Red Metallic,Black,None reported,Yes,49995.0,6,,1,0,Moderate
GMC,Yukon SLT,2002,,Gasoline,275.0HP 4.8L 8 Cylinder Engine Gasoline Fuel,4-Speed A/T,Gray,Beige,None reported,Yes,4999.0,24,,0,0,Very Old
INFINITI,QX60 Base,2014,,Gasoline,265.0HP 3.5L V6 Cylinder Engine Gasoline Fuel,A/T,Black,Black,At least 1 accident or damage reported,Yes,12500.0,12,,0,0,Old
Chevrolet,Silverado 2500 LTZ H/D Extended Cab,2008,,Gasoline,353.0HP 6.0L 8 Cylinder Engine Gasoline Fuel,6-Speed A/T,Beige,Black,None reported,Yes,23500.0,18,,0,0,Old
Maserati,GranTurismo Base,2008,,Gasoline,405.0HP 4.2L 8 Cylinder Engine Gasoline Fuel,A/T,Blue,Brown,At least 1 accident or damage reported,Yes,13000.0,18,,0,0,Old
Acura,Integra GS-R,1995,,–,–,5-Speed M/T,White,Blue,None reported,Yes,10999.0,31,,0,0,Very Old
BMW,X6 M Base,2016,,Gasoline,567.0HP 4.4L 8 Cylinder Engine Gasoline Fuel,8-Speed A/T,White,Brown,At least 1 accident or damage reported,Yes,48600.0,10,,1,0,Moderate
Chrysler,300 S,2016,,Gasoline,300.0HP 3.6L V6 Cylinder Engine Gasoline Fuel,8-Speed A/T,Black,Black,At least 1 accident or damage reported,Yes,17500.0,10,,0,0,Moderate
Chrysler,300 Base,2014,,Gasoline,292.0HP 3.6L V6 Cylinder Engine Gasoline Fuel,8-Speed A/T,White,–,At least 1 accident or damage reported,Yes,11250.0,12,,0,0,Old
Acura,RDX w/A-Spec Package,2023,,Gasoline,2.0 Liter DOHC Turbo,Automatic,White,Black,None reported,,48998.0,3,,0,0,New
Chevrolet,Corvette Stingray w/1LT,2021,,Gasoline,490.0HP 6.2L 8 Cylinder Engine Gasoline Fuel,8-Speed A/T,Silver,Black,None reported,Yes,72900.0,5,,0,0,New
Chevrolet,Camaro 1SS,2019,,Gasoline,455.0HP 6.2L 8 Cylinder Engine Gasoline Fuel,6-Speed M/T,Orange,Black,None reported,Yes,41500.0,7,,0,0,Moderate
Mercedes-Benz,E-Class E 350 4MATIC,2013,,Gasoline,302.0HP 3.5L V6 Cylinder Engine Gasoline Fuel,A/T,Gray,Beige,At least 1 accident or damage reported,Yes,13000.0,13,,1,0,Old
Ford,F-150 Raptor,2022,,Gasoline,3.5L V6 24V PDI DOHC Twin Turbo,10-Speed Automatic,Oxford White,Rhapsody Blue,None reported,,77900.0,4,,0,0,New
Nissan,Versa 1.8 S,2011,,Gasoline,122.0HP 1.8L 4 Cylinder Engine Gasoline Fuel,A/T,Black,–,None reported,Yes,4000.0,15,,0,0,Old
Hyundai,Accent GLS,2013,,Gasoline,138.0HP 1.6L 4 Cylinder Engine Gasoline Fuel,6-Speed A/T,Silver,Gray,At least 1 accident or damage reported,Yes,6500.0,13,,0,0,Old
Mercedes-Benz,S-Class S 450 4MATIC,2018,,Gasoline,362.0HP 3.0L V6 Cylinder Engine Gasoline Fuel,A/T,Black,Black,None reported,Yes,60000.0,8,,1,0,Moderate
Audi,Q5 3.0 TDI Premium Plus,2014,,Diesel,240.0HP 3.0L V6 Cylinder Engine Diesel Fuel,8-Speed A/T,Black,Black,At least 1 accident or damage reported,Yes,22500.0,12,,1,0,Old
Cadillac,LYRIQ Luxury,2023,,,500.0HP Electric Motor Electric Fuel System,A/T,Gray,Silver,None reported,Yes,68750.0,3,,0,0,New
Volvo,XC60 T5 R-Design,2019,,Gasoline,250.0HP 2.0L 4 Cylinder Engine Gasoline Fuel,Transmission w/Dual Shift Mode,Gray,Black,None reported,Yes,30000.0,7,,0,0,Moderate
Mercedes-Benz,AMG GT 53 Base,2019,,Hybrid,429.0HP 3.0L Straight 6 Cylinder Engine Gasoline/Mild Electric Hybrid,Transmission w/Dual Shift Mode,Black,Black,None reported,Yes,83000.0,7,,1,0,Moderate
GMC,Yukon SLT,2017,,Gasoline,355.0HP 5.3L 8 Cylinder Engine Gasoline Fuel,A/T,White,Beige,At least 1 accident or damage reported,Yes,30000.0,9,,0,0,Moderate
Lexus,GS 350 Base,2016,,Gasoline,311.0HP 3.5L V6 Cylinder Engine Gasoline Fuel,Transmission w/Dual Shift Mode,Silver,Black,None reported,Yes,18000.0,10,,1,0,Moderate
Jaguar,XF 25t Premium,2018,,Gasoline,247.0HP 2.0L 4 Cylinder Engine Gasoline Fuel,8-Speed A/T,White,White,None reported,Yes,26000.0,8,,0,0,Moderate
Honda,Ridgeline Black Edition,2017,,Gasoline,280.0HP 3.5L V6 Cylinder Engine Gasoline Fuel,6-Speed A/T,Black,Black,None reported,Yes,26000.0,9,,0,0,Moderate
Toyota,4Runner SR5,2019,,Gasoline,270.0HP 4.0L V6 Cylinder Engine Gasoline Fuel,5-Speed A/T,Blue,Black,At least 1 accident or damage reported,Yes,30500.0,7,,0,0,Moderate
Ford,Bronco Sport Outer Banks,2021,,Gasoline,1.5L I3 12V PDI DOHC Turbo,8-Speed Automatic,Kodiak Brown Metallic,Ebony,,,32455.0,5,,0,0,New
Dodge,Charger R/T 392,2017,,Gasoline,485.0HP 6.4L 8 Cylinder Engine Gasoline Fuel,8-Speed A/T,Gray,Red,None reported,Yes,37000.0,9,,0,0,Moderate
Mercedes-Benz,GLC 300 GLC 300,2022,,Gasoline,2.0 Liter Turbo,Automatic,Black,Black,None reported,,41598.0,4,,1,0,New
Tesla,Model S P100D,2018,,,518.0HP Electric Motor Electric Fuel System,A/T,Black,Black,None reported,Yes,49900.0,8,,0,0,Moderate
INFINITI,Q50 3.0t Signature Edition,2017,,Gasoline,300.0HP 3.0L V6 Cylinder Engine Gasoline Fuel,Transmission w/Dual Shift Mode,Black,Black,None reported,Yes,23000.0,9,,0,0,Moderate
BMW,340 i,2016,,Gasoline,320.0HP 3.0L Straight 6 Cylinder Engine Gasoline Fuel,8-Speed A/T,White,Black,At least 1 accident or damage reported,Yes,19500.0,10,,1,0,Moderate
Pontiac,Firebird Trans Am,2001,,Gasoline,200.0HP 3.8L V6 Cylinder Engine Gasoline Fuel,4-Speed A/T,Gray,Black,None reported,Yes,10500.0,25,,0,0,Very Old
Nissan,NV Passenger NV3500 HD SV V8,2015,,Gasoline,317.0HP 5.6L 8 Cylinder Engine Gasoline Fuel,A/T,Silver,Gray,None reported,Yes,29500.0,11,,0,0,Old
Lexus,ES 350 Base,2020,,Gasoline,3.5L V6 24V PDI DOHC,8-Speed Automatic,Black,Black,At least 1 accident or damage reported,,33364.0,6,,1,0,Moderate
BMW,135 is,2013,,Gasoline,320.0HP 3.0L Straight 6 Cylinder Engine Gasoline Fuel,6-Speed M/T,White,Beige,None reported,Yes,29000.0,13,,1,0,Old
Lexus,IS 300 Base,2017,,Gasoline,255.0HP 3.5L V6 Cylinder Engine Gasoline Fuel,6-Speed A/T,Silver,Red,None reported,Yes,28450.0,9,,1,0,Moderate
Porsche,Cayenne S,2012,,Gasoline,400.0HP 4.8L 8 Cylinder Engine Gasoline Fuel,Transmission w/Dual Shift Mode,Silver,Gray,None reported,Yes,17999.0,14,,0,0,Old
Pontiac,Solstice GXP,2007,,Gasoline,260.0HP 2.0L 4 Cylinder Engine Gasoline Fuel,M/T,Yellow,Black,None reported,Yes,17900.0,19,,0,0,Old
Porsche,Panamera Turbo,2015,,Gasoline,520.0HP 4.8L 8 Cylinder Engine Gasoline Fuel,Transmission w/Dual Shift Mode,Blue,Beige,At least 1 accident or damage reported,Yes,51950.0,11,,0,0,Old
BMW,X6 xDrive35i,2018,,Gasoline,300.0HP 3.0L Straight 6 Cylinder Engine Gasoline Fuel,Transmission w/Dual Shift Mode,Black,Black,At least 1 accident or damage reported,Yes,40950.0,8,,1,0,Moderate
Ford,F-150 Limited,2019,,Gasoline,450.0HP 3.5L V6 Cylinder Engine Gasoline Fuel,Transmission w/Dual Shift Mode,Black,Brown,None reported,Yes,45950.0,7,,0,0,Moderate
MINI,Cooper S Base,2010,,Gasoline,172.0HP 1.6L 4 Cylinder Engine Gasoline Fuel,6-Speed M/T,Yellow,Black,None reported,Yes,6699.0,16,,0,0,Old
Mazda,Mazda3 i SV,2015,,Gasoline,155.0HP 2.0L 4 Cylinder Engine Gasoline Fuel,A/T,Red,Black,None reported,Yes,12000.0,11,,0,0,Old
Mitsubishi,Lancer Evolution MR,2011,,Gasoline,291.0HP 2.0L 4 Cylinder Engine Gasoline Fuel,Transmission w/Dual Shift Mode,White,Black,None reported,Yes,27000.0,15,,0,0,Old
Chevrolet,Tahoe LTZ,2014,,E85 Flex Fuel,320.0HP 5.3L 8 Cylinder Engine Flex Fuel Capability,6-Speed A/T,Black,Black,None reported,Yes,10995.0,12,,0,0,Old
Cadillac,CTS 3.6L Luxury,2015,,Gasoline,3.6L V6 24V GDI DOHC,8-Speed Automatic,Majestic Plum Metallic,Light Platinum / Jet Black,None reported,Yes,19425.0,11,,0,0,Old
Acura,RDX w/Advance Package,2021,,Gasoline,2.0 Liter Turbo,Automatic,White,Parchment,None reported,,39798.0,5,,0,0,New
Land,Rover Range Rover Sport Supercharged HSE,2015,,Gasoline,340.0HP 3.0L V6 Cylinder Engine Gasoline Fuel,A/T,Black,Black,None reported,Yes,19500.0,11,,0,0,Old
Chevrolet,Suburban 1500 LTZ,2015,,Gasoline,355.0HP 5.3L 8 Cylinder Engine Gasoline Fuel,6-Speed A/T,White,Beige,At least 1 accident or damage reported,Yes,26900.0,11,,0,0,Old
Chevrolet,Camaro 2SS,2016,,Gasoline,455.0HP 6.2L 8 Cylinder Engine Gasoline Fuel,8-Speed A/T,Black,Black,None reported,Yes,32000.0,10,,0,0,Moderate
Chevrolet,Silverado 1500 Hybrid 1HY,2011,,Hybrid,332.0HP 6.0L 8 Cylinder Engine Gas/Electric Hybrid,4-Speed A/T,White,Black,None reported,Yes,20995.0,15,,0,0,Old
Cadillac,XT5 Luxury,2019,,Gasoline,3.6 Liter DOHC,Automatic,Red,Beige,None reported,,27998.0,7,,0,0,Moderate
Nissan,Armada SL,2019,,Gasoline,390.0HP 5.6L 8 Cylinder Engine Gasoline Fuel,7-Speed A/T,Silver,Black,None reported,Yes,29000.0,7,,0,0,Moderate
Audi,Q5 S line Premium,2022,,Hybrid,2.0 Liter TFSI,Automatic,Navarre Blue,Gray,None reported,,39998.0,4,,1,0,New
BMW,X6 M Base,2017,,Gasoline,567.0HP 4.4L 8 Cylinder Engine Gasoline Fuel,Transmission w/Dual Shift Mode,White,Red,At least 1 accident or damage reported,Yes,65000.0,9,,1,0,Moderate
BMW,740 i,2012,,Gasoline,326.0HP 3.0L Straight 6 Cylinder Engine Gasoline Fuel,A/T,Black,Black,At least 1 accident or damage reported,Yes,12700.0,14,,1,0,Old
Toyota,Sequoia TRD Pro,2020,,Gasoline,381.0HP 5.7L 8 Cylinder Engine Gasoline Fuel,6-Speed A/T,White,Black,None reported,Yes,61599.0,6,,0,0,Moderate
Volkswagen,Jetta GLI,2014,,Gasoline,210.0HP 2.0L 4 Cylinder Engine Gasoline Fuel,Transmission w/Dual Shift Mode,Black,Black,At least 1 accident or damage reported,Yes,15000.0,12,,0,0,Old
Honda,Crosstour EX-L,2012,,Gasoline,192.0HP 2.4L 4 Cylinder Engine Gasoline Fuel,A/T,Gray,Gray,None reported,Yes,12980.0,14,,0,0,Old
Land,Rover Range Rover Sport Supercharged,2014,,E85 Flex Fuel,510.0HP 5.0L 8 Cylinder Engine Flex Fuel Capability,8-Speed A/T,White,Brown,At least 1 accident or damage reported,Yes,22500.0,12,,0,0,Old
Hyundai,Santa Fe Sport 2.0L Turbo Ultimate,2018,,Gasoline,240.0HP 2.0L 4 Cylinder Engine Gasoline Fuel,A/T,Blue,Black,None reported,Yes,20000.0,8,,0,0,Moderate
Cadillac,XT5 Luxury,2019,,Gasoline,3.6L V6 24V GDI DOHC,8-Speed Automatic,Bronze Dune Metallic,Shara Beige,None reported,,32368.0,7,,0,0,Moderate
Jaguar,F-TYPE R,2018,,Gasoline,550.0HP 5.0L 8 Cylinder Engine Gasoline Fuel,8-Speed A/T,Black,Red,None reported,Yes,74900.0,8,,0,0,Moderate
Toyota,FJ Cruiser Base,2014,,Gasoline,260.0HP 4.0L V6 Cylinder Engine Gasoline Fuel,5-Speed A/T,Blue,Black,None reported,Yes,41500.0,12,,0,0,Old
Toyota,Tundra SR5,2019,,Gasoline,381.0HP 5.7L 8 Cylinder Engine Gasoline Fuel,6-Speed A/T,Blue,Black,None reported,Yes,42000.0,7,,0,0,Moderate
Nissan,300ZX Base,1993,,–,–,5-Speed M/T,White,Black,None reported,Yes,7000.0,33,,0,0,Very Old
RAM,1500 Sport,2017,,Gasoline,395.0HP 5.7L 8 Cylinder Engine Gasoline Fuel,A/T,Green,Black,At least 1 accident or damage reported,Yes,42500.0,9,,0,0,Moderate
Ford,Focus SE,2014,,E85 Flex Fuel,160.0HP 2.0L 4 Cylinder Engine Flex Fuel Capability,6-Speed A/T,Gray,Black,None reported,Yes,9499.0,12,,0,0,Old
Mercedes-Benz,GLE 350 Base 4MATIC,2020,,Gasoline,255.0HP 2.0L 4 Cylinder Engine Gasoline Fuel,A/T,Black,Black,None reported,Yes,49995.0,6,,1,0,Moderate
Acura,TL Type S,2008,,Gasoline,286.0HP 3.5L V6 Cylinder Engine Gasoline Fuel,Transmission w/Dual Shift Mode,Gray,Beige,None reported,Yes,11500.0,18,,0,0,Old
Land,Rover Range Rover HSE,2012,,Gasoline,385.0HP 5.0L 8 Cylinder Engine Gasoline Fuel,A/T,Gold,Brown,None reported,Yes,16000.0,14,,0,0,Old
MINI,Convertible Cooper,2022,,Gasoline,134.0HP 1.5L 3 Cylinder Engine Gasoline Fuel,A/T,Blue,Brown,,,28000.0,4,,0,0,New
Mazda,CX-9 Signature,2019,,Gasoline,227.0HP 2.5L 4 Cylinder Engine Gasoline Fuel,A/T,Black,Red,None reported,Yes,27500.0,7,,0,0,Moderate
Acura,TLX Tech,2023,,Gasoline,2.0 Liter DOHC Turbo,Automatic,Red,Black,None reported,,41998.0,3,,0,0,New
Ford,F-150 Raptor,2021,,Gasoline,450.0HP 3.5L V6 Cylinder Engine Gasoline Fuel,10-Speed A/T,Blue,Blue,None reported,Yes,72950.0,5,,0,0,New
Honda,Civic Si Base,2020,,Gasoline,205.0HP 1.5L 4 Cylinder Engine Gasoline Fuel,6-Speed M/T,Gray,Gray,None reported,Yes,27500.0,6,,0,0,Moderate
Hyundai,Elantra SE,2018,,Gasoline,147.0HP 2.0L 4 Cylinder Engine Gasoline Fuel,6-Speed A/T,Gray,Gray,At least 1 accident or damage reported,Yes,15900.0,8,,0,0,Moderate
Ford,Excursion Limited,2001,,Gasoline,310.0HP 6.8L 10 Cylinder Engine Gasoline Fuel,A/T,White,–,None reported,Yes,8000.0,25,,0,0,Very Old
Jaguar,F-TYPE S British Design Edition,2017,,Gasoline,380.0HP 3.0L V6 Cylinder Engine Gasoline Fuel,8-Speed A/T,Black,Black,None reported,Yes,45999.0,9,,0,0,Moderate
Honda,Ridgeline RTL-E,2022,,Gasoline,3.5L V6 24V GDI SOHC,9-Speed Automatic,Radiant Red Metallic II,Black,None reported,,38999.0,4,,0,0,New
Pontiac,G6 GTP,2006,,Gasoline,201.0HP 3.5L V6 Cylinder Engine Gasoline Fuel,4-Speed A/T,Gray,Black,None reported,Yes,5995.0,20,,0,0,Old
Mercedes-Benz,C-Class C300 4MATIC,2021,,Gasoline,2.0 Liter Turbo,Automatic,Gray,Black,None reported,,38998.0,5,,1,0,New
Toyota,FJ Cruiser Base,2007,,Gasoline,239.0HP 4.0L V6 Cylinder Engine Gasoline Fuel,5-Speed A/T,Black,Black,None reported,Yes,23977.0,19,,0,0,Old
Buick,Enclave Premium,2020,,Gasoline,3.6L V6 24V GDI DOHC,9-Speed Automatic,Dark Moon Blue Metallic,Dark Galvanized,At least 1 accident or damage reported,Yes,31650.0,6,,0,0,Moderate
Chevrolet,Tahoe LTZ,2015,,Gasoline,355.0HP 5.3L 8 Cylinder Engine Gasoline Fuel,A/T,Silver,Black,None reported,Yes,25000.0,11,,0,0,Old
Bentley,Continental GTC V8,2013,,Gasoline,500.0HP 4.0L 8 Cylinder Engine Gasoline Fuel,Transmission w/Dual Shift Mode,White,Black,None reported,Yes,77999.0,13,,0,0,Old
Mercedes-Benz,SLK-Class SLK 350,2015,,Gasoline,302.0HP 3.5L V6 Cylinder Engine Gasoline Fuel,7-Speed A/T,White,Red,At least 1 accident or damage reported,Yes,30500.0,11,,1,0,Old
Cadillac,Escalade Premium Luxury,2022,,Gasoline,420.0HP 6.2L 8 Cylinder Engine Gasoline Fuel,10-Speed A/T,Black,Black,None reported,Yes,86999.0,4,,0,0,New
BMW,535 i xDrive,2015,,Gasoline,300.0HP 3.0L Straight 6 Cylinder Engine Gasoline Fuel,Transmission w/Dual Shift Mode,Silver,Black,None reported,Yes,24995.0,11,,1,0,Old
MINI,Cooper S Base,2007,,Gasoline,172.0HP 1.6L 4 Cylinder Engine Gasoline Fuel,6-Speed M/T,Silver,Black,None reported,Yes,6250.0,19,,0,0,Old
Bentley,Continental GT Base,2012,,E85 Flex Fuel,567.0HP 6.0L 12 Cylinder Engine Flex Fuel Capability,A/T,White,Beige,None reported,Yes,46999.0,14,,0,0,Old
Lexus,GX 460 Premium,2023,,Gasoline,301.0HP 4.6L 8 Cylinder Engine Gasoline Fuel,A/T,Black,Black,None reported,Yes,64900.0,3,,1,0,New
Audi,Q7 3.0T Premium Plus,2014,,Gasoline,280.0HP 3.0L V6 Cylinder Engine Gasoline Fuel,8-Speed A/T,Silver,Black,At least 1 accident or damage reported,Yes,15495.0,12,,1,0,Old
Cadillac,CT6 Luxury,2020,,Gasoline,3.6L V6 24V GDI DOHC,10-Speed Automatic,Manhattan Noir Metallic,Shara Beige,At least 1 accident or damage reported,Yes,45480.0,6,,0,0,Moderate
GMC,Sierra 1500 SL Crew Cab,2009,,Gasoline,295.0HP 4.8L 8 Cylinder Engine Gasoline Fuel,A/T,Red,–,None reported,Yes,20000.0,17,,0,0,Old
Nissan,GT-R Premium,2009,,Gasoline,480.0HP 3.8L V6 Cylinder Engine Gasoline Fuel,6-Speed A/T,White,–,At least 1 accident or damage reported,Yes,71999.0,17,,0,0,Old
Dodge,Ram 1500 ST,2007,,Gasoline,210.0HP 3.7L V6 Cylinder Engine Gasoline Fuel,A/T,Blue,Gray,None reported,Yes,16000.0,19,,0,0,Old
Ford,Bronco Outer Banks,2021,,Gasoline,315.0HP 2.7L V6 Cylinder Engine Gasoline Fuel,10-Speed A/T,Blue,Gray,None reported,Yes,54999.0,5,,0,0,New
Nissan,GT-R Black Edition,2015,,Gasoline,545.0HP 3.8L V6 Cylinder Engine Gasoline Fuel,Transmission w/Dual Shift Mode,White,Black,None reported,Yes,95000.0,11,,0,0,Old
Chevrolet,Cruze LT,2012,,Gasoline,138.0HP 1.4L 4 Cylinder Engine Gasoline Fuel,6-Speed A/T,Gray,White,At least 1 accident or damage reported,Yes,4900.0,14,,0,0,Old
Lexus,GX 460 Base,2020,,Gasoline,4.6L V8 32V MPFI DOHC,6-Speed Automatic,Nebula Gray Pearl,Rioja Red,At least 1 accident or damage reported,Yes,47449.0,6,,1,0,Moderate
BMW,750 i,2018,,Gasoline,445.0HP 4.4L 8 Cylinder Engine Gasoline Fuel,8-Speed A/T,White,White,None reported,Yes,41250.0,8,,1,0,Moderate
Ford,F-150 XLT,2021,,Gasoline,3.5L V6 24V PDI DOHC Twin Turbo,10-Speed Automatic,Agate Black Metallic,Black,,,39995.0,5,,0,0,New
BMW,535 i xDrive,2015,,Gasoline,300.0HP 3.0L Straight 6 Cylinder Engine Gasoline Fuel,8-Speed A/T,Blue,Gray,At least 1 accident or damage reported,Yes,20950.0,11,,1,0,Old
Mitsubishi,Montero Limited,2004,,Gasoline,215.0HP 3.8L V6 Cylinder Engine Gasoline Fuel,A/T,Silver,Black,None reported,Yes,8950.0,22,,0,0,Very Old
Lexus,LS 500 F Sport,2018,,Gasoline,416.0HP 3.5L V6 Cylinder Engine Gasoline Fuel,A/T,White,Black,None reported,Yes,59000.0,8,,1,0,Moderate
Tesla,Model S 85D,2015,,,422.0HP Electric Motor Electric Fuel System,1-Speed A/T,Blue,Beige,None reported,Yes,28000.0,11,,0,0,Old
Mazda,MX-5 Miata Shinsen,2003,,Gasoline,142.0HP 1.8L 4 Cylinder Engine Gasoline Fuel,5-Speed M/T,Gray,Blue,None reported,Yes,11500.0,23,,0,0,Very Old
Cadillac,Escalade ESV Premium Luxury,2021,,Gasoline,420.0HP 6.2L 8 Cylinder Engine Gasoline Fuel,A/T,Black,Black,None reported,Yes,81500.0,5,,0,0,New
Lexus,GX 460 Premium,2022,,Gasoline,301.0HP 4.6L 8 Cylinder Engine Gasoline Fuel,A/T,Silver,Gray,At least 1 accident or damage reported,Yes,51900.0,4,,1,0,New
Nissan,Pathfinder Platinum,2014,,Gasoline,260.0HP 3.5L V6 Cylinder Engine Gasoline Fuel,CVT Transmission,Black,Black,At least 1 accident or damage reported,Yes,13000.0,12,,0,0,Old
GMC,Yukon SLE,2015,,Gasoline,5.3L V8 16V GDI OHV,6-Speed Automatic,Onyx Black,Jet Black,At least 1 accident or damage reported,Yes,24440.0,11,,0,0,Old
BMW,M3 Base,2003,,Gasoline,333.0HP 3.2L Straight 6 Cylinder Engine Gasoline Fuel,6-Speed M/T,Silver,Black,None reported,Yes,15000.0,23,,1,0,Very Old
Lexus,IS 250 Base,2007,,Gasoline,204.0HP 2.5L V6 Cylinder Engine Gasoline Fuel,A/T,White,–,At least 1 accident or damage reported,Yes,3995.0,19,,1,0,Old
BMW,640 i,2012,,Gasoline,315.0HP 3.0L Straight 6 Cylinder Engine Gasoline Fuel,8-Speed A/T,White,Beige,At least 1 accident or damage reported,Yes,22500.0,14,,1,0,Old
Mitsubishi,Eclipse Spyder GT,2007,,Gasoline,260.0HP 3.8L V6 Cylinder Engine Gasoline Fuel,5-Speed A/T,Red,Gray,At least 1 accident or damage reported,Yes,6750.0,19,,0,0,Old
Ford,Thunderbird Deluxe,2004,,Gasoline,280.0HP 3.9L 8 Cylinder Engine Gasoline Fuel,A/T,Gray,Black,None reported,Yes,13500.0,22,,0,0,Very Old
Tesla,Model Y Long Range,2022,,,Dual Motor - Standard,Automatic,Silver,Black,None reported,,46598.0,4,,0,0,New
Buick,Enclave 1XL,2011,,Gasoline,288.0HP 3.6L V6 Cylinder Engine Gasoline Fuel,6-Speed A/T,Gold,Beige,At least 1 accident or damage reported,Yes,4000.0,15,,0,0,Old
Ford,F-150 XLT,2018,,Gasoline,375.0HP 3.5L V6 Cylinder Engine Gasoline Fuel,A/T,Blue,Gray,None reported,Yes,30000.0,8,,0,0,Moderate
Lexus,ES 350 Base,2016,,Gasoline,268.0HP 3.5L V6 Cylinder Engine Gasoline Fuel,A/T,White,Beige,None reported,Yes,19000.0,10,,1,0,Moderate
Acura,TL Type S,2008,,Gasoline,286.0HP 3.5L V6 Cylinder Engine Gasoline Fuel,6-Speed M/T,Red,Black,None reported,Yes,15999.0,18,,0,0,Old
Mercury,Capri XR2,1993,,–,–,5-Speed M/T,Green,Gray,None reported,Yes,4200.0,33,,0,0,Very Old
Ford,Transit Connect XLT,2010,,Gasoline,2.0L I4 16V MPFI DOHC,4-Speed Automatic,Frozen White,Dark Gray,None reported,Yes,9985.0,16,,0,0,Old
BMW,X3 M40i,2021,,Gasoline,382.0HP 3.0L Straight 6 Cylinder Engine Gasoline Fuel,Transmission w/Dual Shift Mode,Blue,Beige,None reported,Yes,50000.0,5,,1,0,New
Jeep,Gladiator Willys,2022,,Gasoline,285.0HP 3.6L V6 Cylinder Engine Gasoline Fuel,8-Speed A/T,Black,Black,At least 1 accident or damage reported,Yes,47000.0,4,,0,0,New
Hummer,H2 Base,2003,,Gasoline,316.0HP 6.0L 8 Cylinder Engine Gasoline Fuel,A/T,Beige,Beige,At least 1 accident or damage reported,Yes,12500.0,23,,0,0,Very Old
Mercedes-Benz,C-Class C 63 AMG,2014,,Gasoline,451.0HP 6.2L 8 Cylinder Engine Gasoline Fuel,7-Speed A/T,White,Black,None reported,Yes,41500.0,12,,1,0,Old
Mercedes-Benz,G-Class G 550 4MATIC,2016,,Gasoline,416.0HP 4.0L 8 Cylinder Engine Gasoline Fuel,A/T,Blue,Brown,None reported,Yes,65000.0,10,,1,0,Moderate
Nissan,GT-R Premium,2009,,Gasoline,480.0HP 3.8L V6 Cylinder Engine Gasoline Fuel,Transmission w/Dual Shift Mode,White,White,At least 1 accident or damage reported,Yes,57000.0,17,,0,0,Old
Audi,R8 4.2 quattro Spyder,2011,,Gasoline,4.2L V8 32V GDI DOHC,6-Speed Manual,Phantom Black Pearl Effect / Black Roof,Red,None reported,,94900.0,15,,1,0,Old
Acura,TLX A-Spec,2020,,Gasoline,206.0HP 2.4L 4 Cylinder Engine Gasoline Fuel,A/T,White,Red,None reported,Yes,32000.0,6,,0,0,Moderate
Audi,A6 3.0T Premium Plus,2016,,Gasoline,333.0HP 3.0L V6 Cylinder Engine Gasoline Fuel,A/T,Silver,Black,None reported,Yes,22000.0,10,,1,0,Moderate
Porsche,Panamera 2,2011,,Gasoline,300.0HP 3.6L V6 Cylinder Engine Gasoline Fuel,7-Speed A/T,Black,Beige,None reported,Yes,27500.0,15,,0,0,Old
Saturn,Sky Red Line,2008,,Gasoline,260.0HP 2.0L 4 Cylinder Engine Gasoline Fuel,A/T,White,–,None reported,Yes,14500.0,18,,0,0,Old
Maserati,Coupe Cambiocorsa,2006,,Gasoline,390.0HP 4.2L 8 Cylinder Engine Gasoline Fuel,Transmission w/Dual Shift Mode,Blue,Beige,None reported,Yes,17000.0,20,,0,0,Old
Volvo,XC90 Recharge Plug-In Hybrid T8 Inscription 7 Passenger,2022,,Plug-In Hybrid,455.0HP 2.0L 4 Cylinder Engine Plug-In Electric/Gas,8-Speed A/T,Black,Beige,None reported,Yes,66000.0,4,,0,0,New
Jeep,Wrangler Sport,2016,,Gasoline,285.0HP 3.6L V6 Cylinder Engine Gasoline Fuel,5-Speed A/T,White,Black,None reported,Yes,22000.0,10,,0,0,Moderate
BMW,X5 xDrive50i,2016,,Gasoline,445.0HP 4.4L 8 Cylinder Engine Gasoline Fuel,Transmission w/Dual Shift Mode,Silver,Black,None reported,Yes,27899.0,10,,1,0,Moderate
BMW,750 i,2017,,Gasoline,445.0HP 4.4L 8 Cylinder Engine Gasoline Fuel,A/T,Silver,Black,None reported,Yes,50000.0,9,,1,0,Moderate
Volkswagen,Golf R 4-Door,2013,,Gasoline,256.0HP 2.0L 4 Cylinder Engine Gasoline Fuel,6-Speed M/T,Black,Black,None reported,Yes,20000.0,13,,0,0,Old
Alfa,Romeo Stelvio Base,2018,,Gasoline,280.0HP 2.0L 4 Cylinder Engine Gasoline Fuel,A/T,Brown,Brown,None reported,Yes,27500.0,8,,0,0,Moderate
BMW,X5 xDrive35i,2017,,Gasoline,300.0HP 3.0L Straight 6 Cylinder Engine Gasoline Fuel,A/T,Gray,Black,None reported,Yes,27499.0,9,,1,0,Moderate
BMW,X6 M Base,2018,,Gasoline,567.0HP 4.4L 8 Cylinder Engine Gasoline Fuel,8-Speed A/T,Black,Beige,At least 1 accident or damage reported,Yes,49000.0,8,,1,0,Moderate
Lexus,IS 300 Base,2018,,Gasoline,260.0HP 3.5L V6 Cylinder Engine Gasoline Fuel,6-Speed A/T,Blue,Brown,At least 1 accident or damage reported,Yes,30500.0,8,,1,0,Moderate
BMW,428 i,2014,,Gasoline,240.0HP 2.0L 4 Cylinder Engine Gasoline Fuel,Transmission w/Dual Shift Mode,White,Black,At least 1 accident or damage reported,Yes,16700.0,12,,1,0,Old
BMW,X5 xDrive40i,2019,,Gasoline,335.0HP 3.0L Straight 6 Cylinder Engine Gasoline Fuel,8-Speed A/T,White,Beige,None reported,Yes,36500.0,7,,1,0,Moderate
Porsche,Boxster Base,1998,,Gasoline,201.0HP 2.5L Flat 6 Cylinder Engine Gasoline Fuel,5-Speed M/T,Blue,Beige,None reported,Yes,11995.0,28,,0,0,Very Old
Alfa,Romeo Giulia Base,2017,,Gasoline,280.0HP 2.0L 4 Cylinder Engine Gasoline Fuel,8-Speed A/T,White,Red,None reported,Yes,21000.0,9,,0,0,Moderate
Mercedes-Benz,C-Class C 300,2019,,Gasoline,2.0 Liter Turbo,Automatic,Black,Black,None reported,,28998.0,7,,1,0,Moderate
Nissan,370Z NISMO Tech,2016,,Gasoline,350.0HP 3.7L V6 Cylinder Engine Gasoline Fuel,7-Speed A/T,Red,Black,At least 1 accident or damage reported,Yes,31950.0,10,,0,0,Moderate
Rivian,R1S Adventure Package,2023,,,835.0HP Electric Motor Electric Fuel System,A/T,Blue,Black,None reported,Yes,99000.0,3,,0,0,New
Chevrolet,Suburban LT,2017,,Gasoline,6.0L 8 Cylinder Engine Gasoline Fuel,A/T,White,Black,At least 1 accident or damage reported,Yes,29000.0,9,,0,0,Moderate
Ford,Fusion Hybrid SE,2019,,Hybrid,188.0HP 2.0L 4 Cylinder Engine Gas/Electric Hybrid,A/T,Silver,Gray,At least 1 accident or damage reported,Yes,19395.0,7,,0,0,Moderate
BMW,X3 xDrive35i,2011,,Gasoline,300.0HP 3.0L Straight 6 Cylinder Engine Gasoline Fuel,A/T,White,Black,None reported,Yes,12975.0,15,,1,0,Old
Buick,Envision Preferred,2019,,Gasoline,197.0HP 2.5L 4 Cylinder Engine Gasoline Fuel,A/T,Black,Beige,None reported,Yes,27000.0,7,,0,0,Moderate
Buick,Envision Essence,2019,,Gasoline,2.5L I4 16V GDI DOHC,6-Speed Automatic,Summit White,Ebony,None reported,Yes,24991.0,7,,0,0,Moderate
Porsche,Cayenne GTS,2013,,Gasoline,420.0HP 4.8L 8 Cylinder Engine Gasoline Fuel,Transmission w/Dual Shift Mode,Green,Black,At least 1 accident or damage reported,Yes,34900.0,13,,0,0,Old
Audi,RS 5 2.9T,2022,,Gasoline,444.0HP 2.9L V6 Cylinder Engine Gasoline Fuel,8-Speed A/T,White,Black,None reported,Yes,78500.0,4,,1,0,New
Jaguar,XK8 Base,1999,,Gasoline,290.0HP 4.0L 8 Cylinder Engine Gasoline Fuel,5-Speed A/T,Green,Beige,None reported,Yes,16370.0,27,,0,0,Very Old
Honda,Pilot Black Edition,2022,,Gasoline,3.5 Liter,Automatic,Platinum White Pearl,Black,None reported,,44998.0,4,,0,0,New
Lexus,RX 350 Crafted Line F Sport,2015,,Gasoline,270.0HP 3.5L V6 Cylinder Engine Gasoline Fuel,Transmission w/Dual Shift Mode,White,Black,None reported,Yes,28000.0,11,,1,0,Old
Toyota,4Runner Limited,2004,,Gasoline,245.0HP 4.0L V6 Cylinder Engine Gasoline Fuel,A/T,Black,Beige,None reported,Yes,13000.0,22,,0,0,Very Old
Jeep,Wrangler Sport,2002,,Gasoline,190.0HP 4.0L Straight 6 Cylinder Engine Gasoline Fuel,M/T,Yellow,Gray,None reported,Yes,12500.0,24,,0,0,Very Old
Cadillac,CT6-V 4.2L Blackwing Twin Turbo,2019,,Gasoline,4.2L V8 32V GDI DOHC Twin Turbo,10-Speed Automatic,Manhattan Noir Metallic,Jet Black,None reported,,76700.0,7,,0,0,Moderate
BMW,M3 Base,2011,,Gasoline,414.0HP 4.0L 8 Cylinder Engine Gasoline Fuel,6-Speed M/T,Black,Black,None reported,Yes,50900.0,15,,1,0,Old
BMW,750 i,2015,,Gasoline,445.0HP 4.4L 8 Cylinder Engine Gasoline Fuel,8-Speed A/T,Blue,Black,At least 1 accident or damage reported,Yes,23000.0,11,,1,0,Old
Chevrolet,Trailblazer RS,2022,,Gasoline,1.3L I3 12V GDI DOHC Turbo,9-Speed Automatic,Mosaic Black Metallic,Jet Black,None reported,Yes,28495.0,4,,0,0,New
Ford,Excursion XLT 4WD,2000,,Gasoline,310.0HP 6.8L 10 Cylinder Engine Gasoline Fuel,A/T,Black,Gray,At least 1 accident or damage reported,Yes,9950.0,26,,0,0,Very Old
Audi,SQ5 3.0T Premium Plus,2019,,Gasoline,349.0HP 3.0L V6 Cylinder Engine Gasoline Fuel,8-Speed A/T,Blue,Gray,None reported,Yes,38999.0,7,,1,0,Moderate
Ford,Expedition EL Limited,2017,,Gasoline,365.0HP 3.5L V6 Cylinder Engine Gasoline Fuel,A/T,Black,Black,At least 1 accident or damage reported,Yes,19995.0,9,,0,0,Moderate
Ford,Bronco Sport Base,2022,,Gasoline,1.5L I3 12V PDI DOHC Turbo,8-Speed Automatic,Shadow Black,Ebony,None reported,Yes,29182.0,4,,0,0,New
BMW,M4 Competition xDrive,2022,,Gasoline,503.0HP 3.0L Straight 6 Cylinder Engine Gasoline Fuel,8-Speed A/T,Red,Silver,None reported,Yes,84995.0,4,,1,0,New
Mercedes-Benz,AMG GLC 43 AMG GLC 43,2021,,Gasoline,3.0 Liter Twin Turbo,Automatic,Graphite Grey Metallic,Black w/Red Stitching,None reported,,60998.0,5,,1,0,New
Chrysler,200 C,2015,,E85 Flex Fuel,295.0HP 3.6L V6 Cylinder Engine Flex Fuel Capability,A/T,White,Black,At least 1 accident or damage reported,Yes,12700.0,11,,0,0,Old
Hummer,H2 Base,2003,,Gasoline,316.0HP 6.0L 8 Cylinder Engine Gasoline Fuel,A/T,Beige,Beige,None reported,Yes,17500.0,23,,0,0,Very Old
BMW,M4 Base,2020,,Gasoline,425.0HP 3.0L Straight 6 Cylinder Engine Gasoline Fuel,Transmission w/Dual Shift Mode,Gray,Orange,None reported,Yes,62450.0,6,,1,0,Moderate
Audi,Q8 55 Premium Plus,2021,,Hybrid,335.0HP 3.0L V6 Cylinder Engine Gasoline/Mild Electric Hybrid,8-Speed A/T,Black,Black,None reported,Yes,62000.0,5,,1,0,New
Land,Rover Range Rover HSE,2012,,Gasoline,385.0HP 5.0L 8 Cylinder Engine Gasoline Fuel,A/T,Silver,Black,None reported,Yes,19950.0,14,,0,0,Old
Nissan,Frontier SV,2012,,Gasoline,261.0HP 4.0L V6 Cylinder Engine Gasoline Fuel,A/T,Beige,Black,At least 1 accident or damage reported,Yes,17000.0,14,,0,0,Old
Toyota,Highlander LE Plus,2015,,Gasoline,270.0HP 3.5L V6 Cylinder Engine Gasoline Fuel,A/T,White,Gray,None reported,Yes,14000.0,11,,0,0,Old
Audi,S4 3.0T Premium Plus,2013,,Gasoline,333.0HP 3.0L V6 Cylinder Engine Gasoline Fuel,A/T,Black,Red,At least 1 accident or damage reported,Yes,24000.0,13,,1,0,Old
Ford,Expedition Max Limited,2018,,Gasoline,375.0HP 3.5L V6 Cylinder Engine Gasoline Fuel,10-Speed A/T,White,–,None reported,Yes,45023.0,8,,0,0,Moderate
BMW,228 i,2015,,Gasoline,240.0HP 2.0L 4 Cylinder Engine Gasoline Fuel,6-Speed M/T,Black,Red,At least 1 accident or damage reported,Yes,19996.0,11,,1,0,Old
Land,Rover Range Rover Sport HST MHEV,2020,,Hybrid,395.0HP 3.0L Straight 6 Cylinder Engine Gasoline/Mild Electric Hybrid,8-Speed A/T,Gray,Black,None reported,Yes,55000.0,6,,0,0,Moderate
Mercedes-Benz,E-Class AMG E 53,2020,,Hybrid,3.0 Liter Turbo,Automatic,Emerald Green Metallic,Black/Saddle Brown,None reported,,72598.0,6,,1,0,Moderate
Porsche,911 Carrera,2008,,Gasoline,325.0HP 3.6L Flat 6 Cylinder Engine Gasoline Fuel,6-Speed M/T,Black,Black,None reported,Yes,35000.0,18,,0,0,Old
Dodge,Dakota SLT Quad Cab,2006,,Gasoline,4.7L 8 Cylinder Engine Gasoline Fuel,A/T,Black,Gray,None reported,Yes,4000.0,20,,0,0,Old
Mercedes-Benz,SL-Class SL63 AMG Roadster,2009,,Gasoline,518.0HP 6.3L 8 Cylinder Engine Gasoline Fuel,Transmission w/Dual Shift Mode,White,Brown,None reported,Yes,65700.0,17,,1,0,Old
Chrysler,Sebring LX,2008,,Gasoline,173.0HP 2.4L 4 Cylinder Engine Gasoline Fuel,A/T,Blue,Blue,None reported,Yes,4900.0,18,,0,0,Old
Ford,Bronco Outer Banks,2023,,Gasoline,275.0HP 2.3L 4 Cylinder Engine Gasoline Fuel,A/T,Blue,Gray,None reported,Yes,54000.0,3,,0,0,New
Toyota,Tacoma TRD Pro,2018,,Gasoline,"3.5L V-6 port/direct injection, DOHC, VVT-iE variable valve cont","Manual, 6-Spd",–,Black,None reported,,42900.0,8,,0,0,Moderate
RAM,ProMaster 2500 High Roof,2019,,Gasoline,280.0HP 3.6L V6 Cylinder Engine Gasoline Fuel,6-Speed A/T,White,Black,At least 1 accident or damage reported,Yes,39900.0,7,,0,0,Moderate
Ford,Shelby GT350 Base,2018,,Gasoline,526.0HP 5.2L 8 Cylinder Engine Gasoline Fuel,6-Speed M/T,White,Black,At least 1 accident or damage reported,Yes,60867.0,8,,0,0,Moderate
Tesla,Model 3 Performance,2018,,,271.0HP Electric Motor Electric Fuel System,1-Speed A/T,Red,Black,None reported,Yes,30499.0,8,,0,0,Moderate
Volvo,XC60 T6 Inscription,2019,,Gasoline,330.0HP 2.0L 4 Cylinder Engine Gasoline Fuel,A/T,White,White,At least 1 accident or damage reported,Yes,29000.0,7,,0,0,Moderate
Lexus,LS 460 Crafted Line,2015,,Gasoline,386.0HP 4.6L 8 Cylinder Engine Gasoline Fuel,Transmission w/Dual Shift Mode,White,Red,None reported,Yes,33900.0,11,,1,0,Old
Tesla,Model S 100D,2018,,,518.0HP Electric Motor Electric Fuel System,A/T,Gray,Black,None reported,Yes,51900.0,8,,0,0,Moderate
Cadillac,XT6 Premium Luxury AWD,2023,,Gasoline,310.0HP 3.6L V6 Cylinder Engine Gasoline Fuel,A/T,White,Black,None reported,Yes,69000.0,3,,0,0,New
Chevrolet,Avalanche 1500 LTZ,2007,,E85 Flex Fuel,310.0HP 5.3L 8 Cylinder Engine Flex Fuel Capability,A/T,Red,Gray,None reported,Yes,16499.0,19,,0,0,Old
Chevrolet,Corvette Grand Sport,2013,,Gasoline,430.0HP 6.2L 8 Cylinder Engine Gasoline Fuel,Transmission w/Dual Shift Mode,White,Blue,None reported,Yes,45000.0,13,,0,0,Old
Audi,Q8 55 Premium,2020,,Hybrid,335.0HP 3.0L V6 Cylinder Engine Gasoline/Mild Electric Hybrid,8-Speed A/T,Gray,Brown,None reported,Yes,52500.0,6,,1,0,Moderate
Honda,Odyssey Elite,2019,,Gasoline,280.0HP 3.5L V6 Cylinder Engine Gasoline Fuel,10-Speed A/T,Silver,Black,None reported,Yes,32471.0,7,,0,0,Moderate
Acura,TLX,2023,,Gasoline,2.0 Liter DOHC Turbo,Automatic,Platinum White Pearl,Black,None reported,,38598.0,3,,0,0,New
Cadillac,STS V6,2005,,Gasoline,260.0HP 3.6L V6 Cylinder Engine Gasoline Fuel,A/T,Beige,Brown,At least 1 accident or damage reported,Yes,4999.0,21,,0,0,Very Old
Dodge,Charger R/T,2021,,Gasoline,370.0HP 5.7L 8 Cylinder Engine Gasoline Fuel,8-Speed A/T,Black,Black,None reported,Yes,41950.0,5,,0,0,New
Audi,RS 7 4.0T Performance Prestige,2017,,Gasoline,605.0HP 4.0L 8 Cylinder Engine Gasoline Fuel,8-Speed A/T,Gray,Gray,At least 1 accident or damage reported,Yes,59200.0,9,,1,0,Moderate
Lexus,CT 200h Premium,2012,,Hybrid,134.0HP 1.8L 4 Cylinder Engine Gas/Electric Hybrid,A/T,White,Black,At least 1 accident or damage reported,Yes,14945.0,14,,1,0,Old
Hyundai,Genesis Coupe 3.8 Base,2015,,Gasoline,348.0HP 3.8L V6 Cylinder Engine Gasoline Fuel,Transmission w/Dual Shift Mode,Black,Black,None reported,Yes,17000.0,11,,0,0,Old
Tesla,Model S Performance,2020,,,778.0HP Electric Motor Electric Fuel System,1-Speed A/T,Gray,Black,None reported,Yes,63000.0,6,,0,0,Moderate
Mercedes-Benz,E-Class E 350 4MATIC,2022,,Gasoline,255.0HP 2.0L 4 Cylinder Engine Gasoline Fuel,9-Speed A/T,Black,Black,None reported,Yes,56999.0,4,,1,0,New
Toyota,GR86 Base,2022,,Gasoline,228.0HP 2.4L 4 Cylinder Engine Gasoline Fuel,6-Speed A/T,Silver,Black,None reported,Yes,33499.0,4,,0,0,New
Porsche,Macan S,2020,,Gasoline,3.0 Liter Turbo,Automatic,White,Black,None reported,,55998.0,6,,0,0,Moderate
Dodge,Durango SRT,2018,,Gasoline,475.0HP 6.4L 8 Cylinder Engine Gasoline Fuel,Transmission w/Dual Shift Mode,White,Black,At least 1 accident or damage reported,Yes,44700.0,8,,0,0,Moderate
Lexus,LX 570 Base,2013,,Gasoline,383.0HP 5.7L 8 Cylinder Engine Gasoline Fuel,A/T,Gray,Black,At least 1 accident or damage reported,Yes,29995.0,13,,1,0,Old
Kia,Optima Hybrid EX,2013,,Hybrid,199.0HP 2.4L 4 Cylinder Engine Gas/Electric Hybrid,6-Speed A/T,Black,Beige,None reported,Yes,9000.0,13,,0,0,Old
Alfa,Romeo Giulia Base,2020,,Gasoline,280.0HP 2.0L 4 Cylinder Engine Gasoline Fuel,8-Speed A/T,Black,–,None reported,Yes,28900.0,6,,0,0,Moderate
Toyota,Sequoia Limited,2017,,E85 Flex Fuel,381.0HP 5.7L 8 Cylinder Engine Flex Fuel Capability,6-Speed A/T,Silver,Gray,None reported,Yes,37999.0,9,,0,0,Moderate
Kia,K5 EX,2021,,Gasoline,180.0HP 1.6L 4 Cylinder Engine Gasoline Fuel,A/T,Gray,White,None reported,Yes,29000.0,5,,0,0,New
RAM,1500 Big Horn,2021,,Gasoline,5.7L V8 16V MPFI OHV,8-Speed Automatic,Bright White Clearcoat,Diesel Gray / Black,None reported,Yes,40999.0,5,,0,0,New
Chevrolet,Corvette Base,2008,,Gasoline,430.0HP 6.2L 8 Cylinder Engine Gasoline Fuel,6-Speed A/T,Red,Beige,None reported,Yes,31000.0,18,,0,0,Old
Jaguar,F-TYPE S,2014,,Gasoline,495.0HP 5.0L 8 Cylinder Engine Gasoline Fuel,8-Speed A/T,Green,Black,At least 1 accident or damage reported,Yes,32450.0,12,,0,0,Old
Audi,A7 3.0T Prestige,2013,,Gasoline,310.0HP 3.0L V6 Cylinder Engine Gasoline Fuel,8-Speed A/T,Silver,Black,None reported,Yes,20999.0,13,,1,0,Old
Audi,Q8 3.0T Prestige,2019,,Gasoline,3.0L V6 24V GDI DOHC Turbo,8-Speed Automatic,Orca Black Metallic,Black,None reported,,49936.0,7,,1,0,Moderate
Kia,Telluride SX,2020,,Gasoline,291.0HP 3.8L V6 Cylinder Engine Gasoline Fuel,8-Speed A/T,Green,Beige,None reported,Yes,41999.0,6,,0,0,Moderate
Toyota,Camry Hybrid XLE,2018,,Hybrid,208.0HP 2.5L 4 Cylinder Engine Gas/Electric Hybrid,CVT Transmission,White,Black,At least 1 accident or damage reported,Yes,23995.0,8,,0,0,Moderate
Toyota,GR86 Premium,2022,,Gasoline,228.0HP 2.4L 4 Cylinder Engine Gasoline Fuel,6-Speed A/T,Blue,Black,None reported,Yes,47999.0,4,,0,0,New
BMW,M3 Base,2001,,Gasoline,333.0HP 3.2L Straight 6 Cylinder Engine Gasoline Fuel,6-Speed M/T,Black,Gray,None reported,Yes,25000.0,25,,1,0,Very Old
Jeep,Wrangler Rubicon,2014,,Gasoline,285.0HP 3.6L V6 Cylinder Engine Gasoline Fuel,6-Speed M/T,Gray,Black,None reported,Yes,21000.0,12,,0,0,Old
Toyota,Tundra Hybrid Capstone,2023,,Hybrid,437.0HP 3.4L V6 Cylinder Engine Gas/Electric Hybrid,10-Speed A/T,Blue,White,None reported,Yes,82500.0,3,,0,0,New
Porsche,Panamera 4 Edition,2016,,Gasoline,310.0HP 3.6L V6 Cylinder Engine Gasoline Fuel,Transmission w/Dual Shift Mode,Gray,Black,At least 1 accident or damage reported,Yes,32950.0,10,,0,0,Moderate
Lexus,GS 350 Base,2010,,Gasoline,303.0HP 3.5L V6 Cylinder Engine Gasoline Fuel,A/T,Gray,Black,At least 1 accident or damage reported,Yes,9450.0,16,,1,0,Old
GMC,Sierra 3500 Denali,2019,,Diesel,445.0HP 6.6L 8 Cylinder Engine Diesel Fuel,A/T,White,Black,At least 1 accident or damage reported,Yes,58500.0,7,,0,0,Moderate
Kia,Niro Plug-In Hybrid EX,2023,,Plug-In Hybrid,180.0HP 1.6L 4 Cylinder Engine Plug-In Electric/Gas,A/T,Black,Black,None reported,Yes,31500.0,3,,0,0,New
Porsche,Cayenne Base,2014,,Gasoline,300.0HP 3.6L V6 Cylinder Engine Gasoline Fuel,8-Speed A/T,Black,Black,At least 1 accident or damage reported,Yes,16975.0,12,,0,0,Old
Mercedes-Benz,S-Class S 65 AMG,2015,,Gasoline,621.0HP 6.0L 12 Cylinder Engine Gasoline Fuel,A/T,Silver,Silver,None reported,Yes,55000.0,11,,1,0,Old
Lexus,GX 460 Premium,2017,,Gasoline,301.0HP 4.6L 8 Cylinder Engine Gasoline Fuel,6-Speed A/T,Gray,Beige,None reported,Yes,31950.0,9,,1,0,Moderate
Acura,MDX Sport Hybrid 3.0L w/Technology Package,2019,,Hybrid,321.0HP 3.0L V6 Cylinder Engine Gas/Electric Hybrid,7-Speed A/T,Black,Black,None reported,Yes,41899.0,7,,0,0,Moderate
Audi,Q5 S line Premium Plus,2023,,Hybrid,2.0 Liter TFSI,Automatic,Chronos Gray,Gray,None reported,,48698.0,3,,1,0,New
BMW,530 i,2017,,Gasoline,248.0HP 2.0L 4 Cylinder Engine Gasoline Fuel,A/T,Gray,Black,None reported,Yes,31000.0,9,,1,0,Moderate
Kia,Forte Koup EX,2015,,Gasoline,173.0HP 2.0L 4 Cylinder Engine Gasoline Fuel,A/T,Gray,Gray,None reported,Yes,8500.0,11,,0,0,Old
Toyota,Sequoia Limited,2005,,Gasoline,282.0HP 4.7L 8 Cylinder Engine Gasoline Fuel,A/T,Silver,–,None reported,Yes,22500.0,21,,0,0,Very Old
Land,Rover LR4 HSE,2013,,Gasoline,375.0HP 5.0L 8 Cylinder Engine Gasoline Fuel,A/T,Black,Beige,None reported,Yes,21000.0,13,,0,0,Old
Nissan,Titan SV,2023,,Gasoline,400.0HP 5.6L 8 Cylinder Engine Gasoline Fuel,9-Speed A/T,Black,Gray,None reported,Yes,48000.0,3,,0,0,New
Ford,F-250 Lariat,2019,,Diesel,450.0HP 6.7L 8 Cylinder Engine Diesel Fuel,6-Speed A/T,Black,Black,At least 1 accident or damage reported,Yes,52500.0,7,,0,0,Moderate
Mercedes-Benz,AMG GT AMG GT,2017,,Gasoline,456.0HP 4.0L 8 Cylinder Engine Gasoline Fuel,Transmission w/Dual Shift Mode,Gray,Beige,None reported,Yes,75000.0,9,,1,0,Moderate
Cadillac,Escalade Platinum,2018,,Gasoline,420.0HP 6.2L 8 Cylinder Engine Gasoline Fuel,A/T,Red,Black,None reported,Yes,54000.0,8,,0,0,Moderate
Tesla,Model 3 Standard Range Plus,2019,,,Electric Motor Electric Fuel System,A/T,White,White,None reported,Yes,32000.0,7,,0,0,Moderate
BMW,M3 Base,2017,,Gasoline,425.0HP 3.0L Straight 6 Cylinder Engine Gasoline Fuel,7-Speed A/T,Blue,Black,None reported,Yes,55000.0,9,,1,0,Moderate
Chevrolet,Cruze LT,2012,,Gasoline,138.0HP 1.4L 4 Cylinder Engine Gasoline Fuel,6-Speed A/T,Blue,Black,,,5500.0,14,,0,0,Old
Dodge,Challenger SRT8,2010,,Gasoline,425.0HP 6.1L 8 Cylinder Engine Gasoline Fuel,6-Speed M/T,Orange,Black,None reported,Yes,22000.0,16,,0,0,Old
Mercedes-Benz,Sprinter 2500,2016,,Diesel,161.0HP 2.1L 4 Cylinder Engine Diesel Fuel,A/T,White,Black,None reported,Yes,33490.0,10,,1,0,Moderate
Ford,F-350 Platinum,2019,,Diesel,450.0HP 6.7L 8 Cylinder Engine Diesel Fuel,Transmission w/Dual Shift Mode,White,Black,None reported,Yes,73500.0,7,,0,0,Moderate
Chevrolet,Tahoe LTZ,2015,,Gasoline,355.0HP 5.3L 8 Cylinder Engine Gasoline Fuel,6-Speed A/T,White,Brown,None reported,Yes,25650.0,11,,0,0,Old
Audi,Q7 3.0T Prestige,2018,,Gasoline,333.0HP 3.0L V6 Cylinder Engine Gasoline Fuel,A/T,White,Black,None reported,Yes,30950.0,8,,1,0,Moderate
Jeep,Patriot Latitude,2015,,Gasoline,158.0HP 2.0L 4 Cylinder Engine Gasoline Fuel,A/T,Gray,Gray,At least 1 accident or damage reported,Yes,7599.0,11,,0,0,Old
INFINITI,QX70 Base,2014,,Gasoline,325.0HP 3.7L V6 Cylinder Engine Gasoline Fuel,7-Speed A/T,Black,Black,None reported,Yes,18995.0,12,,0,0,Old
BMW,X5 xDrive35i,2013,,Gasoline,300.0HP 3.0L Straight 6 Cylinder Engine Gasoline Fuel,A/T,Silver,Black,,,12000.0,13,,1,0,Old
Tesla,Model 3,2018,,,Electric,Automatic,Gray,–,None reported,,36998.0,8,,0,0,Moderate
Nissan,240SX Base,1996,,–,–,5-Speed M/T,Gray,Black,None reported,Yes,15500.0,30,,0,0,Very Old
Cadillac,ATS 2.5L,2014,,Gasoline,202.0HP 2.5L 4 Cylinder Engine Gasoline Fuel,A/T,Silver,Black,At least 1 accident or damage reported,Yes,15000.0,12,,0,0,Old
Toyota,RAV4 Base,2010,,Gasoline,179.0HP 2.5L 4 Cylinder Engine Gasoline Fuel,4-Speed A/T,Black,Black,At least 1 accident or damage reported,Yes,9900.0,16,,0,0,Old
Acura,TSX Technology,2011,,Gasoline,201.0HP 2.4L 4 Cylinder Engine Gasoline Fuel,A/T,Red,Beige,None reported,Yes,5500.0,15,,0,0,Old
Honda,Civic Sport,2022,,Gasoline,158.0HP 2.0L 4 Cylinder Engine Gasoline Fuel,CVT Transmission,Red,Gray,None reported,Yes,24500.0,4,,0,0,New
BMW,M3 Base,2011,,Gasoline,414.0HP 4.0L 8 Cylinder Engine Gasoline Fuel,6-Speed M/T,White,Black,None reported,Yes,29999.0,15,,1,0,Old
BMW,M3 Base,2008,,Gasoline,414.0HP 4.0L 8 Cylinder Engine Gasoline Fuel,Transmission w/Dual Shift Mode,Gray,Beige,None reported,Yes,38490.0,18,,1,0,Old
Nissan,Cube 1.8 S,2010,,Gasoline,122.0HP 1.8L 4 Cylinder Engine Gasoline Fuel,6-Speed M/T,Brown,Black,None reported,Yes,6750.0,16,,0,0,Old
RAM,ProMaster 3500 Tradesman,2014,,Gasoline,280.0HP 3.6L V6 Cylinder Engine Gasoline Fuel,6-Speed A/T,White,–,None reported,Yes,13000.0,12,,0,0,Old
Acura,RDX Base,2018,,Gasoline,279.0HP 3.5L V6 Cylinder Engine Gasoline Fuel,6-Speed A/T,Gray,–,At least 1 accident or damage reported,Yes,23500.0,8,,0,0,Moderate
Toyota,4Runner Limited,2018,,Gasoline,270.0HP 4.0L V6 Cylinder Engine Gasoline Fuel,A/T,Silver,Brown,None reported,Yes,33000.0,8,,0,0,Moderate
RAM,1500 Limited,2019,,Gasoline,395.0HP 5.7L 8 Cylinder Engine Gasoline Fuel,8-Speed A/T,Gray,Black,At least 1 accident or damage reported,Yes,49500.0,7,,0,0,Moderate
Chevrolet,Corvette Base,2003,,Gasoline,350.0HP 5.7L 8 Cylinder Engine Gasoline Fuel,A/T,Blue,Black,None reported,Yes,22000.0,23,,0,0,Very Old
Land,Rover Defender 110 SE,2020,,Hybrid,395.0HP 3.0L Straight 6 Cylinder Engine Gasoline/Mild Electric Hybrid,8-Speed A/T,Green,Black,,,68000.0,6,,0,0,Moderate
Jeep,Grand Cherokee Laredo,2011,,Gasoline,360.0HP 5.7L 8 Cylinder Engine Gasoline Fuel,5-Speed A/T,White,Gray,None reported,Yes,14995.0,15,,0,0,Old
Volvo,S80 T6,2009,,Gasoline,281.0HP 3.0L Straight 6 Cylinder Engine Gasoline Fuel,6-Speed A/T,Black,Gray,None reported,Yes,10500.0,17,,0,0,Old
Porsche,Cayenne S,2014,,Gasoline,400.0HP 4.8L 8 Cylinder Engine Gasoline Fuel,8-Speed A/T,Black,Beige,None reported,Yes,37000.0,12,,0,0,Old
Mazda,CX-30 Select,2021,,Gasoline,2.5L I4 16V GDI DOHC,6-Speed Automatic,Jet Black Mica,Black,None reported,Yes,22389.0,5,,0,0,New
Chrysler,Town & Country Touring,2012,,E85 Flex Fuel,283.0HP 3.6L V6 Cylinder Engine Flex Fuel Capability,6-Speed A/T,Black,–,None reported,Yes,8500.0,14,,0,0,Old
INFINITI,FX37 Base,2013,,Gasoline,325.0HP 3.7L V6 Cylinder Engine Gasoline Fuel,A/T,Gray,Black,None reported,Yes,23900.0,13,,0,0,Old
Toyota,FJ Cruiser Base,2007,,Gasoline,239.0HP 4.0L V6 Cylinder Engine Gasoline Fuel,A/T,Silver,Black,None reported,Yes,14950.0,19,,0,0,Old
Chevrolet,Silverado 1500 LT,2019,,Gasoline,355.0HP 5.3L 8 Cylinder Engine Gasoline Fuel,A/T,Blue,Gray,None reported,Yes,36950.0,7,,0,0,Moderate
Mercedes-Benz,C-Class C 63 AMG,2012,,Gasoline,451.0HP 6.3L 8 Cylinder Engine Gasoline Fuel,7-Speed A/T,Silver,Black,At least 1 accident or damage reported,Yes,40000.0,14,,1,0,Old
BMW,428 Gran Coupe i xDrive,2016,,Gasoline,240.0HP 2.0L 4 Cylinder Engine Gasoline Fuel,Transmission w/Dual Shift Mode,Black,Brown,At least 1 accident or damage reported,Yes,20999.0,10,,1,0,Moderate
Lexus,GX 460 Premium,2017,,Gasoline,301.0HP 4.6L 8 Cylinder Engine Gasoline Fuel,A/T,Gray,Brown,None reported,Yes,32900.0,9,,1,0,Moderate
Porsche,Panamera Edition,2016,,Gasoline,310.0HP 3.6L V6 Cylinder Engine Gasoline Fuel,A/T,Gray,Black,None reported,Yes,45000.0,10,,0,0,Moderate
Cadillac,Escalade ESV Platinum,2017,,Gasoline,420.0HP 6.2L 8 Cylinder Engine Gasoline Fuel,A/T,White,Beige,None reported,Yes,47000.0,9,,0,0,Moderate
Lexus,IS 350 Base,2015,,Gasoline,306.0HP 3.5L V6 Cylinder Engine Gasoline Fuel,Transmission w/Dual Shift Mode,Gray,Red,None reported,Yes,27500.0,11,,1,0,Old
Mercedes-Benz,E-Class E 350 4MATIC,2014,,Gasoline,302.0HP 3.5L V6 Cylinder Engine Gasoline Fuel,7-Speed A/T,Gray,Beige,None reported,Yes,19000.0,12,,1,0,Old
Audi,Q5 S line Premium,2022,,Hybrid,2.0 Liter TFSI,Automatic,Daytona Gray,Gray,None reported,,40798.0,4,,1,0,New
Mercedes-Benz,E-Class E 350 4MATIC,2014,,Gasoline,302.0HP 3.5L V6 Cylinder Engine Gasoline Fuel,7-Speed A/T,Silver,Black,None reported,Yes,17999.0,12,,1,0,Old
Chevrolet,Camaro 1LT,2017,,Gasoline,275.0HP 2.0L 4 Cylinder Engine Gasoline Fuel,A/T,Yellow,Black,None reported,Yes,19800.0,9,,0,0,Moderate
RAM,1500 Laramie,2022,,Gasoline,5.7L V8 16V MPFI OHV,8-Speed Automatic,Billet Silver Metallic Clearcoat,Black,None reported,,45999.0,4,,0,0,New
Chevrolet,Silverado 1500 1LZ,2014,,E85 Flex Fuel,355.0HP 5.3L 8 Cylinder Engine Flex Fuel Capability,6-Speed A/T,White,Black,At least 1 accident or damage reported,Yes,26000.0,12,,0,0,Old
Toyota,Camry Solara SLE,2007,,Gasoline,210.0HP 3.3L V6 Cylinder Engine Gasoline Fuel,A/T,Red,Beige,At least 1 accident or damage reported,Yes,14995.0,19,,0,0,Old
Jaguar,F-TYPE S,2015,,Gasoline,380.0HP 3.0L V6 Cylinder Engine Gasoline Fuel,8-Speed A/T,Blue,Gray,None reported,Yes,38500.0,11,,0,0,Old
Jeep,Gladiator Sport,2021,,Gasoline,3.6L V6 24V MPFI DOHC,8-Speed Automatic,Sting Gray Clearcoat,Black,None reported,Yes,40459.0,5,,0,0,New
RAM,1500 Big Horn,2021,,Gasoline,5.7L V8 16V MPFI OHV,8-Speed Automatic,Billet Silver Metallic Clearcoat,Black,None reported,,42816.0,5,,0,0,New
Porsche,Cayenne Diesel,2015,,Diesel,240.0HP 3.0L V6 Cylinder Engine Diesel Fuel,8-Speed A/T,Black,Black,None reported,Yes,29995.0,11,,0,0,Old
Chevrolet,Camaro Base,2002,,Gasoline,200.0HP 3.8L V6 Cylinder Engine Gasoline Fuel,A/T,Silver,Black,None reported,Yes,10400.0,24,,0,0,Very Old
Porsche,Cayenne S,2015,,Gasoline,420.0HP 3.6L V6 Cylinder Engine Gasoline Fuel,8-Speed A/T,Black,Black,At least 1 accident or damage reported,Yes,37500.0,11,,0,0,Old
Dodge,Challenger R/T Scat Pack,2019,,Gasoline,6.4 Liter,Automatic,Gray,Black,None reported,,35998.0,7,,0,0,Moderate
Lexus,ES 350 Base,2010,,Gasoline,272.0HP 3.5L V6 Cylinder Engine Gasoline Fuel,A/T,Red,Beige,At least 1 accident or damage reported,Yes,11000.0,16,,1,0,Old
Audi,Q3 2.0T Premium Plus,2015,,Gasoline,200.0HP 2.0L 4 Cylinder Engine Gasoline Fuel,A/T,Brown,Gray,At least 1 accident or damage reported,Yes,13500.0,11,,1,0,Old
Mercedes-Benz,E-Class E 550,2016,,Gasoline,402.0HP 4.7L 8 Cylinder Engine Gasoline Fuel,7-Speed A/T,White,Black,At least 1 accident or damage reported,Yes,33995.0,10,,1,0,Moderate
BMW,650 i xDrive,2015,,Gasoline,445.0HP 4.4L 8 Cylinder Engine Gasoline Fuel,Transmission w/Dual Shift Mode,White,Black,None reported,Yes,32000.0,11,,1,0,Old
Porsche,Cayman Base,2016,,Gasoline,275.0HP 2.7L Flat 6 Cylinder Engine Gasoline Fuel,7-Speed A/T,Red,Black,None reported,Yes,50999.0,10,,0,0,Moderate
INFINITI,FX50 Base,2009,,Gasoline,390.0HP 5.0L 8 Cylinder Engine Gasoline Fuel,7-Speed A/T,Gray,Black,At least 1 accident or damage reported,Yes,12500.0,17,,0,0,Old
Ford,F-150 XLT,2020,,Gasoline,375.0HP 3.5L V6 Cylinder Engine Gasoline Fuel,10-Speed A/T,Gray,Black,None reported,Yes,29999.0,6,,0,0,Moderate
Chevrolet,Camaro 2LT,2017,,Gasoline,335.0HP 3.6L V6 Cylinder Engine Gasoline Fuel,6-Speed M/T,Yellow,Black,None reported,Yes,32000.0,9,,0,0,Moderate
RAM,1500 Big Horn,2020,,Gasoline,5.7L V8 16V MPFI OHV,8-Speed Automatic,Maximum Steel Metallic,Black,None reported,Yes,43250.0,6,,0,0,Moderate
Chevrolet,Silverado 2500 H/D,2001,,Gasoline,300.0HP 6.0L 8 Cylinder Engine Gasoline Fuel,4-Speed A/T,White,Gray,At least 1 accident or damage reported,Yes,6500.0,25,,0,0,Very Old
RAM,1500 Laramie,2022,,Gasoline,5.7L V8 16V MPFI OHV,Automatic,Diamond Black,Black,None reported,Yes,49700.0,4,,0,0,New
Ford,Mustang V6,2016,,Gasoline,300.0HP 3.7L V6 Cylinder Engine Gasoline Fuel,6-Speed A/T,White,Black,None reported,Yes,23999.0,10,,0,0,Moderate
Hyundai,Accent GL,2003,,Gasoline,104.0HP 1.6L 4 Cylinder Engine Gasoline Fuel,M/T,Blue,Gray,None reported,Yes,2900.0,23,,0,0,Very Old
Audi,Q5 S line Premium Plus,2022,,Hybrid,2.0 Liter TFSI,Automatic,Mythos Black Metallic,Black,None reported,,40598.0,4,,1,0,New
Ford,F-150 XLT,2021,,Gasoline,3.5L V6 24V PDI DOHC Twin Turbo,10-Speed Automatic,Carbonized Gray Metallic,Black,None reported,Yes,43642.0,5,,0,0,New
Lexus,RC F Base,2015,,Gasoline,467.0HP 5.0L 8 Cylinder Engine Gasoline Fuel,8-Speed A/T,Silver,Gray,None reported,Yes,43000.0,11,,1,0,Old
Chevrolet,Suburban 1500 LT,2015,,E85 Flex Fuel,355.0HP 5.3L 8 Cylinder Engine Flex Fuel Capability,6-Speed A/T,Silver,Black,At least 1 accident or damage reported,Yes,23000.0,11,,0,0,Old
Dodge,Viper SRT-10,2003,,Gasoline,500.0HP 8.3L 10 Cylinder Engine Gasoline Fuel,6-Speed M/T,Silver,Black,None reported,Yes,65499.0,23,,0,0,Very Old
RAM,1500 Laramie,2020,,Gasoline,5.7L V8 16V MPFI OHV,8-Speed Automatic,Delmonico Red Pearlcoat,Black,None reported,Yes,48815.0,6,,0,0,Moderate
BMW,328 i,2014,,Gasoline,240.0HP 2.0L 4 Cylinder Engine Gasoline Fuel,8-Speed A/T,Silver,Gray,None reported,Yes,13800.0,12,,1,0,Old
Mercedes-Benz,AMG C 43 AMG C 43 4MATIC,2019,,Gasoline,385.0HP 3.0L V6 Cylinder Engine Gasoline Fuel,9-Speed A/T,Red,Black,None reported,Yes,45770.0,7,,1,0,Moderate
BMW,M4 Base,2015,,Gasoline,425.0HP 3.0L Straight 6 Cylinder Engine Gasoline Fuel,Transmission w/Dual Shift Mode,Black,Orange,None reported,Yes,32999.0,11,,1,0,Old
BMW,750 i,2008,,Gasoline,360.0HP 4.8L 8 Cylinder Engine Gasoline Fuel,A/T,Green,Green,At least 1 accident or damage reported,Yes,7300.0,18,,1,0,Old
Ford,Expedition Limited,2023,,Gasoline,440.0HP 3.5L V6 Cylinder Engine Gasoline Fuel,A/T,Black,Black,None reported,Yes,85000.0,3,,0,0,New
Chevrolet,Traverse Premier,2023,,Gasoline,310.0HP 3.6L V6 Cylinder Engine Gasoline Fuel,9-Speed A/T,White,Black,None reported,Yes,47000.0,3,,0,0,New
Mercedes-Benz,E-Class D 2.5 Turbo,1993,,–,–,4-Speed A/T,Gray,Gray,None reported,Yes,22500.0,33,,1,0,Very Old
Cadillac,Escalade Platinum,2020,,Gasoline,420.0HP 6.2L 8 Cylinder Engine Gasoline Fuel,A/T,Black,Black,At least 1 accident or damage reported,Yes,61500.0,6,,0,0,Moderate
RAM,3500 Tradesman,2023,,Diesel,400.0HP 6.7L Straight 6 Cylinder Engine Diesel Fuel,A/T,White,Black,At least 1 accident or damage reported,Yes,69900.0,3,,0,0,New
Audi,TT 1.8L,2005,,Gasoline,180.0HP 1.8L 4 Cylinder Engine Gasoline Fuel,Transmission w/Dual Shift Mode,Silver,Black,None reported,Yes,6900.0,21,,1,0,Very Old
RAM,1500 Big Horn,2021,,Hybrid,395.0HP 5.7L 8 Cylinder Engine Gasoline/Mild Electric Hybrid,A/T,Silver,Black,None reported,Yes,42000.0,5,,0,0,New
Mazda,CX-7 Sport,2009,,Gasoline,244.0HP 2.3L 4 Cylinder Engine Gasoline Fuel,6-Speed A/T,Gray,Black,None reported,Yes,5499.0,17,,0,0,Old
INFINITI,QX60 Base,2017,,Gasoline,295.0HP 3.5L V6 Cylinder Engine Gasoline Fuel,Transmission w/Dual Shift Mode,White,Beige,None reported,Yes,18000.0,9,,0,0,Moderate
Ford,F-250 Platinum,2017,,E85 Flex Fuel,385.0HP 6.2L 8 Cylinder Engine Flex Fuel Capability,6-Speed A/T,Beige,Black,At least 1 accident or damage reported,Yes,53000.0,9,,0,0,Moderate
Jeep,Compass Limited,2022,,Gasoline,2.4L I4 16V MPFI SOHC,9-Speed Automatic,Red,Black,None reported,,28298.0,4,,0,0,New
INFINITI,QX80 SENSORY,2023,,Gasoline,400.0HP 5.6L 8 Cylinder Engine Gasoline Fuel,7-Speed A/T,Black,Brown,,,78990.0,3,,0,0,New
Chevrolet,Silverado 1500 Limited LT Trail Boss,2022,,Gasoline,355.0HP 5.3L 8 Cylinder Engine Gasoline Fuel,10-Speed A/T,White,Black,None reported,Yes,57000.0,4,,0,0,New
Hyundai,Genesis Coupe 2.0T,2010,,Gasoline,210.0HP 2.0L 4 Cylinder Engine Gasoline Fuel,A/T,Gray,Black,,,8900.0,16,,0,0,Old
Chevrolet,Camaro 1SS,2021,,Gasoline,455.0HP 6.2L 8 Cylinder Engine Gasoline Fuel,6-Speed M/T,Blue,Gray,None reported,Yes,43500.0,5,,0,0,New
Chevrolet,Tahoe Base,1997,,Diesel,180.0HP 6.5L 8 Cylinder Engine Diesel Fuel,A/T,Green,Beige,At least 1 accident or damage reported,Yes,19500.0,29,,0,0,Very Old
Audi,A6 3.0 TDI Premium Plus,2014,,Diesel,240.0HP 3.0L V6 Cylinder Engine Diesel Fuel,8-Speed A/T,Silver,Black,None reported,Yes,26500.0,12,,1,0,Old
Land,Rover Defender S,2023,,Gasoline,296.0HP 2.0L 4 Cylinder Engine Gasoline Fuel,8-Speed A/T,White,Black,None reported,Yes,69900.0,3,,0,0,New
Porsche,Cayenne S,2016,,Gasoline,420.0HP 3.6L V6 Cylinder Engine Gasoline Fuel,Transmission w/Dual Shift Mode,Gray,Beige,None reported,Yes,42000.0,10,,0,0,Moderate
Chevrolet,Suburban Premier,2019,,Gasoline,355.0HP 5.3L 8 Cylinder Engine Gasoline Fuel,6-Speed A/T,Black,Beige,None reported,Yes,39000.0,7,,0,0,Moderate
Chevrolet,Suburban Premier,2019,,Gasoline,355.0HP 5.3L 8 Cylinder Engine Gasoline Fuel,6-Speed A/T,White,Black,None reported,Yes,49900.0,7,,0,0,Moderate
Dodge,Dart SE,2016,,Gasoline,160.0HP 2.0L 4 Cylinder Engine Gasoline Fuel,M/T,Black,Black,At least 1 accident or damage reported,Yes,8100.0,10,,0,0,Moderate
Ford,F-250 Lariat,2019,,E85 Flex Fuel,385.0HP 6.2L 8 Cylinder Engine Flex Fuel Capability,A/T,White,Black,None reported,Yes,42500.0,7,,0,0,Moderate
Toyota,Sequoia SR5,2002,,Gasoline,240.0HP 4.7L 8 Cylinder Engine Gasoline Fuel,A/T,White,–,At least 1 accident or damage reported,Yes,3950.0,24,,0,0,Very Old
Ford,Mustang GT,2014,,Gasoline,420.0HP 5.0L 8 Cylinder Engine Gasoline Fuel,6-Speed M/T,Black,Black,At least 1 accident or damage reported,Yes,28500.0,12,,0,0,Old
Chevrolet,Corvette Stingray w/2LT,2020,,Gasoline,490.0HP 6.2L 8 Cylinder Engine Gasoline Fuel,Transmission w/Dual Shift Mode,Yellow,Black,None reported,Yes,84999.0,6,,0,0,Moderate
Hyundai,Genesis Coupe 3.8 Base,2016,,Gasoline,348.0HP 3.8L V6 Cylinder Engine Gasoline Fuel,8-Speed A/T,White,Black,None reported,Yes,20999.0,10,,0,0,Moderate
Ford,Focus ST Base,2014,,Gasoline,252.0HP 2.0L 4 Cylinder Engine Gasoline Fuel,6-Speed M/T,Silver,Gray,None reported,Yes,9495.0,12,,0,0,Old
Cadillac,CTS Luxury,2011,,Gasoline,270.0HP 3.0L V6 Cylinder Engine Gasoline Fuel,6-Speed A/T,Black,Black,None reported,Yes,16499.0,15,,0,0,Old
Subaru,Baja Base,2003,,Gasoline,165.0HP 2.5L 4 Cylinder Engine Gasoline Fuel,5-Speed M/T,Red,Black,None reported,Yes,14900.0,23,,0,0,Very Old
Toyota,Highlander XLE,2019,,Gasoline,3.5L V6 24V PDI DOHC,8-Speed Automatic,Black,Black,None reported,Yes,30275.0,7,,0,0,Moderate
Chevrolet,Corvette Stingray Z51,2019,,Gasoline,460.0HP 6.2L 8 Cylinder Engine Gasoline Fuel,8-Speed A/T,White,Black,None reported,Yes,63900.0,7,,0,0,Moderate
Dodge,Durango SRT,2020,,Gasoline,475.0HP 6.4L 8 Cylinder Engine Gasoline Fuel,8-Speed A/T,Gray,Red,None reported,Yes,62000.0,6,,0,0,Moderate
Acura,TSX 2.4,2010,,Gasoline,201.0HP 2.4L 4 Cylinder Engine Gasoline Fuel,6-Speed M/T,Silver,Black,At least 1 accident or damage reported,Yes,9000.0,16,,0,0,Old
Chevrolet,Camaro 2SS,2018,,Gasoline,455.0HP 6.2L 8 Cylinder Engine Gasoline Fuel,Transmission w/Dual Shift Mode,Black,Black,At least 1 accident or damage reported,Yes,41100.0,8,,0,0,Moderate
BMW,640 Gran Coupe i,2014,,Gasoline,315.0HP 3.0L Straight 6 Cylinder Engine Gasoline Fuel,Transmission w/Dual Shift Mode,Black,Red,At least 1 accident or damage reported,Yes,26000.0,12,,1,0,Old
Audi,S5 3.0T Premium Plus,2014,,Gasoline,333.0HP 3.0L V6 Cylinder Engine Gasoline Fuel,Transmission w/Dual Shift Mode,Gray,Black,None reported,Yes,15400.0,12,,1,0,Old
Alfa,Romeo Giulia Base,2017,,Gasoline,280.0HP 2.0L 4 Cylinder Engine Gasoline Fuel,A/T,Red,Black,None reported,Yes,20500.0,9,,0,0,Moderate
Toyota,Highlander XLE,2023,,Gasoline,2.4L I4 16V PDI DOHC Turbo,8-Speed Automatic,Ruby Flare Pearl,Black,None reported,,44596.0,3,,0,0,New
Rolls-Royce,Ghost Base,2011,,Gasoline,563.0HP 6.6L 12 Cylinder Engine Gasoline Fuel,8-Speed A/T,Black,White,At least 1 accident or damage reported,Yes,80300.0,15,,0,0,Old
Dodge,Challenger R/T,2020,,Gasoline,372.0HP 5.7L 8 Cylinder Engine Gasoline Fuel,8-Speed A/T,Gray,Black,None reported,Yes,34000.0,6,,0,0,Moderate
Porsche,Cayenne Base,2016,,Gasoline,300.0HP 3.6L V6 Cylinder Engine Gasoline Fuel,A/T,White,White,At least 1 accident or damage reported,Yes,25900.0,10,,0,0,Moderate
Chevrolet,Bolt EV LT,2020,,,200.0HP Electric Motor Electric Fuel System,A/T,Blue,Gray,None reported,Yes,24900.0,6,,0,0,Moderate
Mercedes-Benz,Metris Base,2020,,Gasoline,208.0HP 2.0L 4 Cylinder Engine Gasoline Fuel,7-Speed A/T,Black,Beige,None reported,Yes,48000.0,6,,1,0,Moderate
Chevrolet,Silverado 1500 ZR2,2022,,Gasoline,6.2L V8 16V GDI OHV,Automatic,Silver Ice Metallic,Jet Black,None reported,,68590.0,4,,0,0,New
Mercedes-Benz,AMG S 63 Base 4MATIC,2017,,Gasoline,577.0HP 5.5L 8 Cylinder Engine Gasoline Fuel,A/T,Gray,Red,At least 1 accident or damage reported,Yes,72777.0,9,,1,0,Moderate
Chevrolet,Silverado 1500 LT,2017,,Gasoline,5.3L V8 16V GDI OHV,6-Speed Electronically Controlled Automatic with O,Black,Jet Black,None reported,,36590.0,9,,0,0,Moderate
Lexus,RC 350 Base,2016,,Gasoline,3.5L V6 24V PDI DOHC,6-Speed Automatic,Atomic Silver,Black,None reported,Yes,30919.0,10,,1,0,Moderate
GMC,Acadia SLE-1,2015,,Gasoline,3.6L V6 24V GDI DOHC,6-Speed Automatic,Crimson Red Tintcoat,Ebony,At least 1 accident or damage reported,Yes,12433.0,11,,0,0,Old
MINI,Cooper Base,2003,,Gasoline,115.0HP 1.6L 4 Cylinder Engine Gasoline Fuel,5-Speed M/T,Red,Gray,At least 1 accident or damage reported,Yes,5995.0,23,,0,0,Very Old
Mazda,MX-5 Miata Sport,2008,,Gasoline,158.0HP 2.0L 4 Cylinder Engine Gasoline Fuel,Transmission w/Dual Shift Mode,Blue,Black,None reported,Yes,13250.0,18,,0,0,Old
Toyota,4Runner TRD Off Road,2019,,Gasoline,270.0HP 4.0L V6 Cylinder Engine Gasoline Fuel,A/T,White,Black,None reported,Yes,33333.0,7,,0,0,Moderate
Toyota,Highlander Limited,2008,,Gasoline,270.0HP 3.5L V6 Cylinder Engine Gasoline Fuel,A/T,Gray,Gray,At least 1 accident or damage reported,Yes,9000.0,18,,0,0,Old
BMW,650 Gran Coupe i,2014,,Gasoline,445.0HP 4.4L 8 Cylinder Engine Gasoline Fuel,Transmission w/Dual Shift Mode,Black,Black,At least 1 accident or damage reported,Yes,24000.0,12,,1,0,Old
Hyundai,Palisade Calligraphy,2023,,Gasoline,291.0HP 3.8L V6 Cylinder Engine Gasoline Fuel,Transmission w/Dual Shift Mode,Green,Black,None reported,Yes,55000.0,3,,0,0,New
Pontiac,Solstice GXP,2008,,Gasoline,260.0HP 2.0L 4 Cylinder Engine Gasoline Fuel,5-Speed M/T,Orange,Black,None reported,Yes,19950.0,18,,0,0,Old
Land,Rover Range Rover Evoque SE Premium,2018,,Gasoline,237.0HP 2.0L 4 Cylinder Engine Gasoline Fuel,Transmission w/Dual Shift Mode,White,Black,None reported,Yes,38999.0,8,,0,0,Moderate
Porsche,Cayenne Diesel,2014,,Diesel,240.0HP 3.0L V6 Cylinder Engine Diesel Fuel,Transmission w/Dual Shift Mode,Silver,Black,None reported,Yes,33500.0,12,,0,0,Old
BMW,M3 Competition xDrive,2023,,Gasoline,503.0HP 3.0L Straight 6 Cylinder Engine Gasoline Fuel,8-Speed A/T,Gray,Black,None reported,Yes,95580.0,3,,1,0,New
Toyota,Avalon Limited,2008,,Gasoline,268.0HP 3.5L V6 Cylinder Engine Gasoline Fuel,Transmission w/Dual Shift Mode,Gold,Beige,None reported,Yes,7900.0,18,,0,0,Old
BMW,M3 Base,2011,,Gasoline,414.0HP 4.0L 8 Cylinder Engine Gasoline Fuel,7-Speed A/T,White,Black,None reported,Yes,27000.0,15,,1,0,Old
Porsche,Panamera Base,2018,,Gasoline,330.0HP 3.0L V6 Cylinder Engine Gasoline Fuel,8-Speed A/T,Black,Beige,At least 1 accident or damage reported,Yes,53999.0,8,,0,0,Moderate
Jeep,Wrangler Sport,2001,,Gasoline,181.0HP 4.0L Straight 6 Cylinder Engine Gasoline Fuel,5-Speed M/T,White,Black,At least 1 accident or damage reported,Yes,15000.0,25,,0,0,Very Old
Honda,Passport TrailSport,2023,,Gasoline,280.0HP 3.5L V6 Cylinder Engine Gasoline Fuel,9-Speed A/T,Black,Black,,,39999.0,3,,0,0,New
Mercedes-Benz,SL-Class SL 550,2013,,Gasoline,429.0HP 4.6L 8 Cylinder Engine Gasoline Fuel,Transmission w/Dual Shift Mode,Silver,Red,At least 1 accident or damage reported,Yes,40250.0,13,,1,0,Old
Audi,RS 4 Base,2007,,Gasoline,420.0HP 4.2L 8 Cylinder Engine Gasoline Fuel,6-Speed M/T,Gray,White,None reported,Yes,29995.0,19,,1,0,Old
Toyota,Avalon Limited,2022,,Gasoline,3.5L V6 24V PDI DOHC,8-Speed Automatic,Blueprint,Graphite,None reported,,39390.0,4,,0,0,New
Mercedes-Benz,E-Class E 350 4MATIC,2008,,Gasoline,268.0HP 3.5L V6 Cylinder Engine Gasoline Fuel,A/T,White,Beige,None reported,Yes,11900.0,18,,1,0,Old
GMC,Yukon Denali,2021,,Gasoline,420.0HP 6.2L 8 Cylinder Engine Gasoline Fuel,A/T,Blue,Black,At least 1 accident or damage reported,Yes,74500.0,5,,0,0,New
Porsche,Panamera 4S,2017,,Gasoline,440.0HP 2.9L V6 Cylinder Engine Gasoline Fuel,Transmission w/Dual Shift Mode,Black,Black,None reported,Yes,78000.0,9,,0,0,Moderate
Ford,Explorer XLT,2021,,Gasoline,2.3L I4 16V GDI DOHC Turbo,10-Speed Automatic,White,Light Slate,At least 1 accident or damage reported,Yes,36995.0,5,,0,0,New
Land,Rover LR4 HSE LUX Landmark Edition,2016,,Gasoline,340.0HP 3.0L V6 Cylinder Engine Gasoline Fuel,8-Speed A/T,White,Brown,None reported,Yes,31000.0,10,,0,0,Moderate
Acura,TLX Type S w/Performance Tire,2023,,Gasoline,355.0HP 3.0L V6 Cylinder Engine Gasoline Fuel,10-Speed A/T,Red,Black,None reported,Yes,52000.0,3,,0,0,New
Toyota,Tacoma Base,2020,,Gasoline,3.5 Liter,6 Speed At/Mt,Midnight Black Metallic,Black/Gun Metal,None reported,,42998.0,6,,0,0,Moderate
Hummer,H3 Base,2010,,Gasoline,239.0HP 3.7L 5 Cylinder Engine Gasoline Fuel,A/T,White,Black,None reported,Yes,13500.0,16,,0,0,Old
Tesla,Model 3 Long Range,2018,,,271.0HP Electric Motor Electric Fuel System,A/T,White,Black,None reported,Yes,25900.0,8,,0,0,Moderate
Volvo,850 Turbo,1995,,–,–,A/T,White,Black,None reported,Yes,4500.0,31,,0,0,Very Old
Jeep,Wrangler Unlimited Sahara,2017,,Gasoline,285.0HP 3.6L V6 Cylinder Engine Gasoline Fuel,5-Speed A/T,Gray,Black,None reported,Yes,26800.0,9,,0,0,Moderate
Chevrolet,Camaro 2SS,2018,,Gasoline,455.0HP 6.2L 8 Cylinder Engine Gasoline Fuel,8-Speed A/T,White,Black,None reported,Yes,39000.0,8,,0,0,Moderate
Audi,S6 4.0T,2015,,Gasoline,420.0HP 4.0L 8 Cylinder Engine Gasoline Fuel,7-Speed A/T,Blue,Gray,None reported,Yes,29950.0,11,,1,0,Old
Audi,TT RS Base,2012,,Gasoline,360.0HP 2.5L 5 Cylinder Engine Gasoline Fuel,6-Speed M/T,White,Brown,,,28900.0,14,,1,0,Old
INFINITI,QX56 Base,2012,,Gasoline,400.0HP 5.6L 8 Cylinder Engine Gasoline Fuel,Transmission w/Dual Shift Mode,White,Beige,None reported,Yes,11500.0,14,,0,0,Old
Volkswagen,New Beetle GLS,2001,,Gasoline,115.0HP 2.0L 4 Cylinder Engine Gasoline Fuel,4-Speed A/T,Yellow,Yellow,None reported,Yes,12000.0,25,,0,0,Very Old
Audi,Q5 S line Premium Plus,2022,,Hybrid,2.0 Liter TFSI,Automatic,Daytona Gray,Black,None reported,,44998.0,4,,1,0,New
Ford,F-250 XL,2014,,E85 Flex Fuel,385.0HP 6.2L 8 Cylinder Engine Flex Fuel Capability,Transmission w/Dual Shift Mode,Blue,Gray,At least 1 accident or damage reported,Yes,27900.0,12,,0,0,Old
GMC,Yukon XL Denali,2022,,Gasoline,6.2L V8 16V GDI OHV,10-Speed Automatic,Summit White,Jet Black,At least 1 accident or damage reported,Yes,71999.0,4,,0,0,New
Audi,A4 2.0T Premium,2012,,Gasoline,211.0HP 2.0L 4 Cylinder Engine Gasoline Fuel,8-Speed A/T,Black,Black,None reported,Yes,10500.0,14,,1,0,Old
Dodge,Challenger SRT 392,2016,,–,–,8-Speed A/T,Black,Black,At least 1 accident or damage reported,Yes,38000.0,10,,0,0,Moderate
Tesla,Model S P100D,2017,,,Electric Motor Electric Fuel System,1-Speed A/T,Black,White,None reported,Yes,36000.0,9,,0,0,Moderate
Mazda,CX-30 Premium Package,2021,,Gasoline,2.5L I4 16V GDI DOHC,6-Speed Automatic,Snowflake White Pearl,White / Brown,None reported,,25382.0,5,,0,0,New
Lexus,ES 350 Base,2016,,Gasoline,268.0HP 3.5L V6 Cylinder Engine Gasoline Fuel,A/T,Red,Beige,None reported,Yes,27500.0,10,,1,0,Moderate
Jeep,Wrangler Sahara,2008,,Gasoline,202.0HP 3.8L V6 Cylinder Engine Gasoline Fuel,A/T,Green,Gray,None reported,Yes,20000.0,18,,0,0,Old
Chevrolet,Avalanche 1500 LTZ,2007,,Gasoline,366.0HP 6.0L 8 Cylinder Engine Gasoline Fuel,A/T,White,Beige,None reported,Yes,17950.0,19,,0,0,Old
Jeep,Grand Cherokee L Laredo,2022,,Gasoline,3.6L V6 24V MPFI DOHC,Automatic,Diamond Black,Global Black,None reported,Yes,44646.0,4,,0,0,New
Acura,MDX w/Advance Package,2023,,Gasoline,3.5 Liter SOHC,Automatic,White,Espresso,None reported,,58998.0,3,,0,0,New
Nissan,Pathfinder SL,2018,,Gasoline,284.0HP 3.5L V6 Cylinder Engine Gasoline Fuel,A/T,Black,Beige,,,14500.0,8,,0,0,Moderate
Tesla,Model X Long Range,2019,,,518.0HP Electric Motor Electric Fuel System,1-Speed A/T,Gray,Black,None reported,Yes,58000.0,7,,0,0,Moderate
Subaru,Impreza Premium,2022,,Gasoline,"2L H-4 gasoline direct injection, DOHC, variable valve control,",Variable,Crystal White Pearl,Black,At least 1 accident or damage reported,,24998.0,4,,0,0,New
Audi,A8 4.0T,2014,,Gasoline,420.0HP 4.0L 8 Cylinder Engine Gasoline Fuel,Transmission w/Dual Shift Mode,Black,Black,At least 1 accident or damage reported,Yes,22500.0,12,,1,0,Old
Subaru,Ascent Limited 7-Passenger,2022,,Gasoline,260.0HP 2.4L 4 Cylinder Engine Gasoline Fuel,CVT Transmission,White,Beige,None reported,Yes,38500.0,4,,0,0,New
Chevrolet,Avalanche 1500 LT,2007,,E85 Flex Fuel,320.0HP 5.3L 8 Cylinder Engine Flex Fuel Capability,A/T,Gray,Gray,None reported,Yes,16900.0,19,,0,0,Old
Porsche,Cayenne S,2015,,Gasoline,420.0HP 3.6L V6 Cylinder Engine Gasoline Fuel,8-Speed A/T,White,Beige,None reported,Yes,25000.0,11,,0,0,Old
BMW,335 i,2009,,Gasoline,300.0HP 3.0L Straight 6 Cylinder Engine Gasoline Fuel,A/T,Purple,Black,None reported,Yes,15000.0,17,,1,0,Old
GMC,Sierra 1500 Limited Elevation,2022,,Gasoline,310.0HP 2.7L 4 Cylinder Engine Gasoline Fuel,8-Speed A/T,Black,Black,None reported,Yes,49900.0,4,,0,0,New
Ford,Explorer Sport,2016,,Gasoline,365.0HP 3.5L V6 Cylinder Engine Gasoline Fuel,Transmission w/Dual Shift Mode,Black,Black,None reported,Yes,20000.0,10,,0,0,Moderate
Lexus,LX 570 Three-Row,2021,,Gasoline,383.0HP 5.7L 8 Cylinder Engine Gasoline Fuel,A/T,White,Red,None reported,Yes,82000.0,5,,1,0,New
BMW,M3 Base,2008,,Gasoline,414.0HP 4.0L 8 Cylinder Engine Gasoline Fuel,6-Speed M/T,Gray,Red,None reported,Yes,25999.0,18,,1,0,Old
Nissan,Xterra Pro-4X,2011,,Gasoline,261.0HP 4.0L V6 Cylinder Engine Gasoline Fuel,A/T,Black,Gray,At least 1 accident or damage reported,Yes,12000.0,15,,0,0,Old
Ford,Fusion Hybrid SE Hybrid,2013,,Hybrid,188.0HP 2.0L 4 Cylinder Engine Gas/Electric Hybrid,CVT Transmission,Silver,Black,At least 1 accident or damage reported,Yes,11500.0,13,,0,0,Old
Volkswagen,Golf GTI 2.0T SE 4-Door,2016,,Gasoline,210.0HP 2.0L 4 Cylinder Engine Gasoline Fuel,6-Speed M/T,Gray,Black,None reported,Yes,16000.0,10,,0,0,Moderate
Cadillac,CTS-V Base,2012,,Gasoline,556.0HP 6.2L 8 Cylinder Engine Gasoline Fuel,6-Speed A/T,Red,Black,None reported,Yes,41500.0,14,,0,0,Old
Lexus,GX 460 Base,2015,,Gasoline,301.0HP 4.6L 8 Cylinder Engine Gasoline Fuel,A/T,Black,Beige,None reported,Yes,37500.0,11,,1,0,Old
GMC,Acadia SLT-1,2019,,Gasoline,193.0HP 2.5L 4 Cylinder Engine Gasoline Fuel,6-Speed A/T,Black,Black,At least 1 accident or damage reported,Yes,25500.0,7,,0,0,Moderate
Ford,Bronco Sport Big Bend,2021,,Gasoline,1.5L I3 12V PDI DOHC Turbo,8-Speed Automatic,Black,Medium Dark Slate,None reported,Yes,28979.0,5,,0,0,New
Nissan,Titan SV,2021,,Gasoline,5.6L V8 32V GDI DOHC,9-Speed Automatic,Black,Black,None reported,,39884.0,5,,0,0,New
Volkswagen,Jetta SportWagen SE,2012,,Gasoline,170.0HP 2.5L 5 Cylinder Engine Gasoline Fuel,A/T,Black,Beige,None reported,Yes,9499.0,14,,0,0,Old
Land,Rover Range Rover 5.0L V8 Supercharged,2019,,Gasoline,518.0HP 5.0L 8 Cylinder Engine Gasoline Fuel,8-Speed A/T,Black,Black,None reported,Yes,65000.0,7,,0,0,Moderate
RAM,2500 Laramie,2017,,Diesel,350.0HP 6.7L Straight 6 Cylinder Engine Diesel Fuel,Transmission w/Dual Shift Mode,Red,Black,None reported,Yes,42000.0,9,,0,0,Moderate
Nissan,Murano SL,2010,,Gasoline,265.0HP 3.5L V6 Cylinder Engine Gasoline Fuel,CVT Transmission,Gray,Black,At least 1 accident or damage reported,Yes,7000.0,16,,0,0,Old
Cadillac,Escalade ESV Base,2009,,E85 Flex Fuel,403.0HP 6.2L 8 Cylinder Engine Flex Fuel Capability,6-Speed A/T,White,Black,At least 1 accident or damage reported,Yes,12350.0,17,,0,0,Old
BMW,428 i xDrive SULEV,2016,,Gasoline,240.0HP 2.0L 4 Cylinder Engine Gasoline Fuel,Transmission w/Dual Shift Mode,White,Red,At least 1 accident or damage reported,Yes,26999.0,10,,1,0,Moderate
Ford,Focus RS Base,2017,,Gasoline,350.0HP 2.3L 4 Cylinder Engine Gasoline Fuel,6-Speed M/T,Gray,Black,None reported,Yes,37000.0,9,,0,0,Moderate
Lexus,CT 200h Premium,2014,,Hybrid,134.0HP 1.8L 4 Cylinder Engine Gas/Electric Hybrid,A/T,Brown,Brown,None reported,Yes,14000.0,12,,1,0,Old
Buick,Enclave Leather,2017,,Gasoline,3.6L V6 24V GDI DOHC,6-Speed Automatic,Quicksilver Metallic,Ebony,None reported,,20599.0,9,,0,0,Moderate
BMW,M3 Base,2015,,Gasoline,425.0HP 3.0L Straight 6 Cylinder Engine Gasoline Fuel,6-Speed M/T,Gray,Black,None reported,Yes,53500.0,11,,1,0,Old
Volkswagen,Arteon 2.0T SEL R-Line,2020,,Gasoline,268.0HP 2.0L 4 Cylinder Engine Gasoline Fuel,8-Speed A/T,Silver,Black,None reported,Yes,30000.0,6,,0,0,Moderate
BMW,X6 xDrive35i,2013,,Gasoline,300.0HP 3.0L Straight 6 Cylinder Engine Gasoline Fuel,8-Speed A/T,White,Red,None reported,Yes,19950.0,13,,1,0,Old
INFINITI,G35 Base,2006,,Gasoline,280.0HP 3.5L V6 Cylinder Engine Gasoline Fuel,Transmission w/Dual Shift Mode,White,Gray,At least 1 accident or damage reported,Yes,10995.0,20,,0,0,Old
Hummer,H2 Base,2008,,Gasoline,393.0HP 6.2L 8 Cylinder Engine Gasoline Fuel,6-Speed A/T,White,Black,At least 1 accident or damage reported,Yes,55000.0,18,,0,0,Old
Mercedes-Benz,C-Class C 300 4MATIC Luxury,2011,,Gasoline,228.0HP 3.0L V6 Cylinder Engine Gasoline Fuel,A/T,Black,Beige,At least 1 accident or damage reported,Yes,15990.0,15,,1,0,Old
Acura,ILX Premium Package,2019,,Gasoline,201.0HP 2.4L 4 Cylinder Engine Gasoline Fuel,A/T,White,Black,None reported,Yes,26000.0,7,,0,0,Moderate
RAM,1500 Longhorn,2019,,Gasoline,5.7L V8 16V MPFI OHV,8-Speed Automatic,Diamond Black,Mountain Brown,At least 1 accident or damage reported,,40995.0,7,,0,0,Moderate
BMW,M3 Base,2001,,Gasoline,333.0HP 3.2L Straight 6 Cylinder Engine Gasoline Fuel,6-Speed M/T,Blue,Gray,None reported,Yes,39000.0,25,,1,0,Very Old
Chevrolet,Suburban LT,2022,,Gasoline,355.0HP 5.3L 8 Cylinder Engine Gasoline Fuel,10-Speed A/T,Black,Black,None reported,Yes,60894.0,4,,0,0,New
Dodge,Ram 2500 ST,2010,,Gasoline,355.0HP 5.7L 8 Cylinder Engine Gasoline Fuel,5-Speed A/T,Brown,Gray,At least 1 accident or damage reported,Yes,17700.0,16,,0,0,Old
Chevrolet,Camaro 2SS,2012,,Gasoline,400.0HP 6.2L 8 Cylinder Engine Gasoline Fuel,6-Speed A/T,Yellow,Black,None reported,Yes,26950.0,14,,0,0,Old
Dodge,Challenger SE,2010,,Gasoline,250.0HP 3.5L V6 Cylinder Engine Gasoline Fuel,A/T,Gray,Black,None reported,Yes,12000.0,16,,0,0,Old
Jeep,Grand Cherokee L Limited,2022,,Gasoline,3.6L V6 24V MPFI DOHC,8-Speed Automatic,Velvet Red Pearlcoat,Global Black,None reported,,42599.0,4,,0,0,New
Chevrolet,Camaro 2SS,2018,,Gasoline,455.0HP 6.2L 8 Cylinder Engine Gasoline Fuel,8-Speed A/T,White,Black,None reported,Yes,45000.0,8,,0,0,Moderate
Ford,F-350 Lariat,2021,,Diesel,475.0HP 6.7L 8 Cylinder Engine Diesel Fuel,10-Speed A/T,Silver,Black,None reported,Yes,73600.0,5,,0,0,New
Ford,F-250 King Ranch,2015,,Diesel,440.0HP 6.7L 8 Cylinder Engine Diesel Fuel,6-Speed A/T,Black,–,None reported,Yes,39950.0,11,,0,0,Old
Chevrolet,Corvette Stingray w/3LT,2023,,Gasoline,490.0HP 6.2L 8 Cylinder Engine Gasoline Fuel,A/T,White,Black,None reported,Yes,98000.0,3,,0,0,New
Lincoln,MKC Reserve,2016,,Gasoline,240.0HP 2.0L 4 Cylinder Engine Gasoline Fuel,Transmission w/Dual Shift Mode,White,White,None reported,Yes,24000.0,10,,0,0,Moderate
Ford,Excursion Limited,2001,,Diesel,250.0HP 7.3L 8 Cylinder Engine Diesel Fuel,A/T,Black,Beige,At least 1 accident or damage reported,Yes,17000.0,25,,0,0,Very Old
Land,Rover Discovery SE,2018,,Gasoline,340.0HP 3.0L V6 Cylinder Engine Gasoline Fuel,8-Speed A/T,Blue,White,None reported,Yes,29993.0,8,,0,0,Moderate
Land,Rover Defender V8,2022,,Gasoline,518.0HP 5.0L 8 Cylinder Engine Gasoline Fuel,8-Speed A/T,Black,Black,None reported,Yes,96500.0,4,,0,0,New
Chevrolet,Silverado 1500 2LT,2014,,E85 Flex Fuel,355.0HP 5.3L 8 Cylinder Engine Flex Fuel Capability,6-Speed A/T,Gray,Gray,None reported,Yes,25500.0,12,,0,0,Old
Mercedes-Benz,AMG G 63 Base,2017,,Gasoline,563.0HP 5.5L 8 Cylinder Engine Gasoline Fuel,7-Speed A/T,White,Red,None reported,Yes,99000.0,9,,1,0,Moderate
Ford,F-250 XLT,2019,,E85 Flex Fuel,385.0HP 6.2L 8 Cylinder Engine Flex Fuel Capability,6-Speed A/T,White,Gray,None reported,Yes,40100.0,7,,0,0,Moderate
Tesla,Model 3 Base,2022,,,271.0HP Electric Motor Electric Fuel System,A/T,Black,Black,None reported,Yes,36750.0,4,,0,0,New
Lexus,LX 570 Three-Row,2018,,Gasoline,383.0HP 5.7L 8 Cylinder Engine Gasoline Fuel,Transmission w/Dual Shift Mode,Black,Black,None reported,Yes,69500.0,8,,1,0,Moderate
INFINITI,QX60 Luxe,2019,,Gasoline,295.0HP 3.5L V6 Cylinder Engine Gasoline Fuel,CVT Transmission,Gray,–,At least 1 accident or damage reported,Yes,29000.0,7,,0,0,Moderate
Rivian,R1S Adventure Package,2023,,,835.0HP Electric Motor Electric Fuel System,1-Speed A/T,Green,Black,,,97500.0,3,,0,0,New
Land,Rover Range Rover Sport 3.0L Supercharged HSE,2017,,Gasoline,340.0HP 3.0L V6 Cylinder Engine Gasoline Fuel,8-Speed A/T,Gray,Beige,None reported,Yes,35999.0,9,,0,0,Moderate
INFINITI,QX60 Base,2014,,Gasoline,265.0HP 3.5L V6 Cylinder Engine Gasoline Fuel,A/T,White,Beige,,,14195.0,12,,0,0,Old
Hyundai,Sonata GLS,2013,,Gasoline,198.0HP 2.4L 4 Cylinder Engine Gasoline Fuel,6-Speed A/T,Gray,Gray,None reported,Yes,11000.0,13,,0,0,Old
Toyota,Tundra Limited,2022,,Gasoline,389.0HP 3.4L V6 Cylinder Engine Gasoline Fuel,10-Speed A/T,Blue,Gray,None reported,Yes,55000.0,4,,0,0,New
Jeep,Grand Cherokee Limited,2020,,Gasoline,293.0HP 3.6L V6 Cylinder Engine Gasoline Fuel,A/T,Purple,Black,None reported,Yes,31000.0,6,,0,0,Moderate
Ford,F-350 Lariat Crew Cab Super Duty DRW,2005,,Diesel,325.0HP 6.0L 8 Cylinder Engine Diesel Fuel,A/T,White,Beige,At least 1 accident or damage reported,Yes,13000.0,21,,0,0,Very Old
Tesla,Model 3 Performance,2021,,,455.0HP Electric Motor Electric Fuel System,1-Speed A/T,Red,White,None reported,Yes,55000.0,5,,0,0,New
Mercedes-Benz,CLS-Class CLS 550,2014,,Gasoline,402.0HP 4.7L 8 Cylinder Engine Gasoline Fuel,Transmission w/Dual Shift Mode,Black,Black,None reported,Yes,27500.0,12,,1,0,Old
RAM,2500 SLT,2014,,Gasoline,410.0HP 6.4L 8 Cylinder Engine Gasoline Fuel,A/T,Black,Gray,None reported,Yes,34000.0,12,,0,0,Old
Kia,Sorento Hybrid EX,2022,,Hybrid,227.0HP 1.6L 4 Cylinder Engine Gas/Electric Hybrid,6-Speed A/T,Black,White,None reported,Yes,37500.0,4,,0,0,New
Hyundai,Genesis 3.8,2015,,Gasoline,311.0HP 3.8L V6 Cylinder Engine Gasoline Fuel,A/T,Black,Black,At least 1 accident or damage reported,Yes,17000.0,11,,0,0,Old
Jeep,Compass Latitude,2020,,Gasoline,180.0HP 2.4L 4 Cylinder Engine Gasoline Fuel,9-Speed A/T,Silver,Black,None reported,Yes,25695.0,6,,0,0,Moderate
Ford,Fusion SE,2011,,Gasoline,175.0HP 2.5L 4 Cylinder Engine Gasoline Fuel,6-Speed A/T,Black,Black,None reported,Yes,6000.0,15,,0,0,Old
Toyota,FJ Cruiser Base,2014,,Gasoline,260.0HP 4.0L V6 Cylinder Engine Gasoline Fuel,A/T,Beige,Black,None reported,Yes,27500.0,12,,0,0,Old
BMW,430 Gran Coupe i xDrive,2018,,Gasoline,2.0 Liter DOHC T/C,Automatic,Carbon Black Metallic,Black,None reported,,29998.0,8,,1,0,Moderate
Dodge,Durango SRT 392,2021,,Gasoline,475.0HP 6.4L 8 Cylinder Engine Gasoline Fuel,Transmission w/Dual Shift Mode,Blue,Black,None reported,Yes,65000.0,5,,0,0,New
Hyundai,Santa Fe GLS,2015,,Gasoline,290.0HP 3.3L V6 Cylinder Engine Gasoline Fuel,6-Speed A/T,White,Gray,None reported,Yes,13000.0,11,,0,0,Old
Volkswagen,Atlas 3.6L SEL Premium,2021,,Gasoline,3.6L V6 24V GDI DOHC,8-Speed Automatic,Deep Black Pearl Effect,Titan Black / Quarzit,None reported,Yes,39127.0,5,,0,0,New
Land,Rover Range Rover Sport 5.0L Supercharged Dynamic,2016,,Gasoline,510.0HP 5.0L 8 Cylinder Engine Gasoline Fuel,Transmission w/Dual Shift Mode,Silver,Black,None reported,Yes,35000.0,10,,0,0,Moderate
Nissan,Murano SV,2021,,Gasoline,3.5L V6 24V MPFI DOHC,Automatic CVT,Sunset Drift Chromaflair,Graphite,None reported,,29510.0,5,,0,0,New
Buick,Envision Essence,2020,,Gasoline,2.5L I4 16V GDI DOHC,6-Speed Automatic,Summit White,Ebony,None reported,,31700.0,6,,0,0,Moderate
Chevrolet,Silverado 1500 RST,2020,,Gasoline,5.3L V8 16V GDI OHV,Automatic,Shadow Gray Metallic,Jet Black,,,41986.0,6,,0,0,Moderate
Pontiac,Solstice GXP,2009,,Gasoline,260.0HP 2.0L 4 Cylinder Engine Gasoline Fuel,A/T,Red,Black,At least 1 accident or damage reported,Yes,10000.0,17,,0,0,Old
BMW,640 Gran Coupe i xDrive,2015,,Gasoline,315.0HP 3.0L Straight 6 Cylinder Engine Gasoline Fuel,Transmission w/Dual Shift Mode,Black,Beige,None reported,Yes,22500.0,11,,1,0,Old
Tesla,Model 3 Standard Range Plus,2019,,,Electric Motor Electric Fuel System,A/T,Black,Black,None reported,Yes,29000.0,7,,0,0,Moderate
MINI,Countryman Cooper S,2019,,Gasoline,189.0HP 2.0L 4 Cylinder Engine Gasoline Fuel,Transmission w/Dual Shift Mode,Red,Black,None reported,Yes,26750.0,7,,0,0,Moderate
Porsche,Boxster GTS,2016,,Gasoline,330.0HP 3.4L Flat 6 Cylinder Engine Gasoline Fuel,7-Speed A/T,Gray,Black,None reported,Yes,67995.0,10,,0,0,Moderate
Ford,Expedition EL King Ranch,2011,,E85 Flex Fuel,310.0HP 5.4L 8 Cylinder Engine Flex Fuel Capability,6-Speed A/T,Black,Brown,None reported,Yes,14300.0,15,,0,0,Old
BMW,X5 M Base,2017,,Gasoline,567.0HP 4.4L 8 Cylinder Engine Gasoline Fuel,Transmission w/Dual Shift Mode,Gray,Black,None reported,Yes,46000.0,9,,1,0,Moderate
Ford,Mustang GT Premium,2011,,Gasoline,412.0HP 5.0L 8 Cylinder Engine Gasoline Fuel,6-Speed M/T,Black,Black,None reported,Yes,22000.0,15,,0,0,Old
Jeep,Compass Sport,2016,,Gasoline,172.0HP 2.4L 4 Cylinder Engine Gasoline Fuel,6-Speed A/T,White,Gray,At least 1 accident or damage reported,Yes,5000.0,10,,0,0,Moderate
INFINITI,G37 Sport,2008,,Gasoline,330.0HP 3.7L V6 Cylinder Engine Gasoline Fuel,6-Speed M/T,Black,Black,None reported,Yes,15000.0,18,,0,0,Old
Ford,F-150 XLT,2022,,Gasoline,400.0HP 3.5L V6 Cylinder Engine Gasoline Fuel,10-Speed A/T,Black,Gray,None reported,Yes,47500.0,4,,0,0,New
Porsche,911 Carrera 4S,2007,,Gasoline,355.0HP 3.8L Flat 6 Cylinder Engine Gasoline Fuel,Transmission w/Dual Shift Mode,Blue,Blue,None reported,Yes,72995.0,19,,0,0,Old
INFINITI,G35 Base,2005,,Gasoline,298.0HP 3.5L V6 Cylinder Engine Gasoline Fuel,6-Speed M/T,Silver,Black,None reported,Yes,18900.0,21,,0,0,Very Old
Chrysler,300C Base,2013,,Gasoline,292.0HP 3.6L V6 Cylinder Engine Gasoline Fuel,8-Speed A/T,White,Beige,None reported,Yes,13750.0,13,,0,0,Old
Toyota,Camry Solara SLE,2007,,Gasoline,210.0HP 3.3L V6 Cylinder Engine Gasoline Fuel,5-Speed A/T,White,Beige,None reported,Yes,6800.0,19,,0,0,Old
Lexus,IS 300 Base,2018,,Gasoline,260.0HP 3.5L V6 Cylinder Engine Gasoline Fuel,Transmission w/Dual Shift Mode,White,Black,None reported,Yes,28995.0,8,,1,0,Moderate
Buick,Enclave Essence,2020,,Gasoline,310.0HP 3.6L V6 Cylinder Engine Gasoline Fuel,9-Speed A/T,Red,Gray,At least 1 accident or damage reported,Yes,29444.0,6,,0,0,Moderate
BMW,M4 Competition xDrive,2022,,Gasoline,503.0HP 3.0L Straight 6 Cylinder Engine Gasoline Fuel,8-Speed A/T,Black,Red,None reported,Yes,89995.0,4,,1,0,New
Pontiac,GTO Base,2005,,Gasoline,400.0HP 6.0L 8 Cylinder Engine Gasoline Fuel,6-Speed M/T,Red,Red,At least 1 accident or damage reported,Yes,21999.0,21,,0,0,Very Old
Toyota,FJ Cruiser Base,2013,,Gasoline,260.0HP 4.0L V6 Cylinder Engine Gasoline Fuel,A/T,Blue,Black,None reported,Yes,36740.0,13,,0,0,Old
Hyundai,Elantra SE,2014,,Gasoline,145.0HP 1.8L 4 Cylinder Engine Gasoline Fuel,A/T,Blue,Gray,None reported,Yes,7500.0,12,,0,0,Old
Porsche,Macan S,2015,,Gasoline,340.0HP 3.0L V6 Cylinder Engine Gasoline Fuel,7-Speed A/T,Silver,Black,None reported,Yes,29500.0,11,,0,0,Old
Hummer,H3 Base,2007,,Gasoline,242.0HP 3.7L 5 Cylinder Engine Gasoline Fuel,4-Speed A/T,Beige,Black,None reported,Yes,9995.0,19,,0,0,Old
Tesla,Model 3 Long Range,2021,,,Electric Motor Electric Fuel System,A/T,White,Black,None reported,Yes,37000.0,5,,0,0,New
Ford,Transit-350 Base,2018,,Gasoline,275.0HP 3.7L V6 Cylinder Engine Gasoline Fuel,A/T,White,Gray,,,18000.0,8,,0,0,Moderate
Rivian,R1T Launch Edition,2022,,,835.0HP Electric Motor Electric Fuel System,A/T,Gray,Black,None reported,Yes,82000.0,4,,0,0,New
Audi,S4 3.0 Prestige,2012,,Gasoline,333.0HP 3.0L V6 Cylinder Engine Gasoline Fuel,7-Speed A/T,White,White,None reported,Yes,18000.0,14,,1,0,Old
Toyota,4Runner SR5 Premium,2023,,Gasoline,270.0HP 4.0L V6 Cylinder Engine Gasoline Fuel,A/T,White,Black,None reported,Yes,46500.0,3,,0,0,New
Tesla,Model 3 Mid Range,2018,,,271.0HP Electric Motor Electric Fuel System,A/T,Black,Black,None reported,Yes,29999.0,8,,0,0,Moderate
Ford,F-250 Base,1997,,Gasoline,210.0HP 5.8L 8 Cylinder Engine Gasoline Fuel,4-Speed A/T,White,Gray,None reported,Yes,9000.0,29,,0,0,Very Old
Subaru,Legacy 2.5 GT spec.B,2008,,Gasoline,243.0HP 2.5L 4 Cylinder Engine Gasoline Fuel,6-Speed M/T,Gray,Blue,None reported,Yes,12500.0,18,,0,0,Old
Mercedes-Benz,E-Class E 350,2014,,Gasoline,302.0HP 3.5L V6 Cylinder Engine Gasoline Fuel,7-Speed A/T,Silver,–,At least 1 accident or damage reported,Yes,18700.0,12,,1,0,Old
BMW,M3 Base,2001,,Gasoline,333.0HP 3.2L Straight 6 Cylinder Engine Gasoline Fuel,6-Speed M/T,Red,Black,None reported,Yes,21000.0,25,,1,0,Very Old
Mercedes-Benz,C-Class C 250 Sport,2014,,Gasoline,201.0HP 1.8L 4 Cylinder Engine Gasoline Fuel,7-Speed A/T,White,Beige,None reported,Yes,14500.0,12,,1,0,Old
Toyota,Sienna XLE Limited,2007,,Gasoline,266.0HP 3.5L V6 Cylinder Engine Gasoline Fuel,5-Speed A/T,Silver,Gray,At least 1 accident or damage reported,Yes,11500.0,19,,0,0,Old
Dodge,Avenger SE,2014,,E85 Flex Fuel,283.0HP 3.6L V6 Cylinder Engine Flex Fuel Capability,A/T,Black,Black,None reported,Yes,6499.0,12,,0,0,Old
BMW,M240 i,2018,,Gasoline,335.0HP 3.0L Straight 6 Cylinder Engine Gasoline Fuel,6-Speed M/T,Blue,Black,At least 1 accident or damage reported,Yes,34000.0,8,,1,0,Moderate
RAM,3500 SLT,2017,,Diesel,350.0HP 6.7L Straight 6 Cylinder Engine Diesel Fuel,6-Speed A/T,White,Gray,At least 1 accident or damage reported,Yes,32999.0,9,,0,0,Moderate
Mercedes-Benz,GL-Class GL 450 4MATIC,2015,,Gasoline,362.0HP 3.0L V6 Cylinder Engine Gasoline Fuel,7-Speed A/T,Blue,Gray,None reported,Yes,20399.0,11,,1,0,Old
Jeep,Gladiator Rubicon,2020,,Gasoline,285.0HP 3.6L V6 Cylinder Engine Gasoline Fuel,A/T,Red,Black,None reported,Yes,47500.0,6,,0,0,Moderate
Bentley,Continental GT Base,2009,,Gasoline,552.0HP 6.0L 12 Cylinder Engine Gasoline Fuel,A/T,Blue,Beige,None reported,Yes,63000.0,17,,0,0,Old
Tesla,Model 3 Long Range,2019,,,425.0HP Electric Motor Electric Fuel System,A/T,Red,Black,None reported,Yes,38200.0,7,,0,0,Moderate
Chevrolet,Corvette Stingray w/2LT,2021,,Gasoline,490.0HP 6.2L 8 Cylinder Engine Gasoline Fuel,Transmission w/Dual Shift Mode,Silver,Gray,None reported,Yes,83900.0,5,,0,0,New
Audi,Q5 3.0T Premium Plus,2015,,Gasoline,272.0HP 3.0L V6 Cylinder Engine Gasoline Fuel,A/T,Black,Black,At least 1 accident or damage reported,Yes,19000.0,11,,1,0,Old
Mazda,MX-5 Miata Club,2021,,Gasoline,181.0HP 2.0L 4 Cylinder Engine Gasoline Fuel,6-Speed M/T,Gray,Black,None reported,Yes,28000.0,5,,0,0,New
Mercedes-Benz,S-Class S500,2005,,Gasoline,302.0HP 5.0L 8 Cylinder Engine Gasoline Fuel,A/T,White,Beige,None reported,Yes,7000.0,21,,1,0,Very Old
BMW,M6 Base,2015,,Gasoline,560.0HP 4.4L 8 Cylinder Engine Gasoline Fuel,Transmission w/Dual Shift Mode,Black,Black,None reported,Yes,59900.0,11,,1,0,Old
GMC,Yukon SLT,2015,,Gasoline,355.0HP 5.3L 8 Cylinder Engine Gasoline Fuel,6-Speed A/T,White,Brown,None reported,Yes,22999.0,11,,0,0,Old
BMW,750 iL,2001,,Gasoline,326.0HP 5.4L 12 Cylinder Engine Gasoline Fuel,5-Speed A/T,Gray,Gray,,,11800.0,25,,1,0,Very Old
Toyota,Tundra Limited,2010,,Gasoline,381.0HP 5.7L 8 Cylinder Engine Gasoline Fuel,A/T,White,Gray,None reported,Yes,26900.0,16,,0,0,Old
Chrysler,300C Base,2007,,Gasoline,340.0HP 5.7L 8 Cylinder Engine Gasoline Fuel,5-Speed A/T,Gray,Black,None reported,Yes,15000.0,19,,0,0,Old
smart,ForTwo Pure,2008,,Gasoline,70.0HP 1.0L 3 Cylinder Engine Gasoline Fuel,5-Speed A/T,Blue,Gray,None reported,Yes,5000.0,18,,0,0,Old
Toyota,Tundra SR,2018,,E85 Flex Fuel,381.0HP 5.7L 8 Cylinder Engine Flex Fuel Capability,6-Speed A/T,Beige,Black,At least 1 accident or damage reported,Yes,38000.0,8,,0,0,Moderate
Hummer,H2 Base,2004,,Gasoline,316.0HP 6.0L 8 Cylinder Engine Gasoline Fuel,4-Speed A/T,Black,Black,At least 1 accident or damage reported,Yes,16500.0,22,,0,0,Very Old
BMW,ALPINA B7 Base,2015,,Gasoline,540.0HP 4.4L 8 Cylinder Engine Gasoline Fuel,8-Speed A/T,Black,White,At least 1 accident or damage reported,Yes,29000.0,11,,1,0,Old
Land,Rover Range Rover Sport Supercharged,2008,,Gasoline,390.0HP 4.2L 8 Cylinder Engine Gasoline Fuel,6-Speed A/T,Red,Beige,None reported,Yes,7500.0,18,,0,0,Old
Audi,A4 2.0T Tech Premium,2018,,Gasoline,252.0HP 2.0L 4 Cylinder Engine Gasoline Fuel,7-Speed A/T,Gray,Black,None reported,Yes,27900.0,8,,1,0,Moderate
Ford,Focus SE,2017,,E85 Flex Fuel,160.0HP 2.0L 4 Cylinder Engine Flex Fuel Capability,6-Speed A/T,Gray,Black,None reported,Yes,12500.0,9,,0,0,Moderate
Mercedes-Benz,E-Class E 550 4MATIC,2014,,Gasoline,402.0HP 4.7L 8 Cylinder Engine Gasoline Fuel,7-Speed A/T,Silver,Black,None reported,Yes,28500.0,12,,1,0,Old
Jeep,Wrangler Unlimited 4xe Sahara,2022,,Plug-In Hybrid,375.0HP 2.0L 4 Cylinder Engine Plug-In Electric/Gas,8-Speed A/T,Green,Beige,None reported,Yes,49999.0,4,,0,0,New
Mercedes-Benz,M-Class ML 350 4MATIC,2014,,E85 Flex Fuel,302.0HP 3.5L V6 Cylinder Engine Flex Fuel Capability,7-Speed A/T,Gray,Black,None reported,Yes,21500.0,12,,1,0,Old
Jeep,Wrangler Sahara,2008,,Gasoline,202.0HP 3.8L V6 Cylinder Engine Gasoline Fuel,A/T,Silver,–,At least 1 accident or damage reported,Yes,9000.0,18,,0,0,Old
Mercedes-Benz,A-Class A 220 4MATIC,2019,,Gasoline,188.0HP 2.0L 4 Cylinder Engine Gasoline Fuel,7-Speed A/T,Silver,Black,None reported,Yes,30500.0,7,,1,0,Moderate
Chevrolet,Malibu 1LT,2009,,Gasoline,169.0HP 2.4L 4 Cylinder Engine Gasoline Fuel,A/T,White,Black,None reported,Yes,4200.0,17,,0,0,Old
Hummer,H3 Base,2006,,Gasoline,220.0HP 3.5L 5 Cylinder Engine Gasoline Fuel,A/T,Gray,Black,None reported,Yes,17900.0,20,,0,0,Old
BMW,i8 Base,2015,,Plug-In Hybrid,357.0HP 1.5L 3 Cylinder Engine Plug-In Electric/Gas,Transmission w/Dual Shift Mode,Gray,Brown,None reported,Yes,53000.0,11,,1,0,Old
Cadillac,XLR Base,2009,,Gasoline,320.0HP 4.6L 8 Cylinder Engine Gasoline Fuel,A/T,Red,Beige,None reported,Yes,36500.0,17,,0,0,Old
Lincoln,MKZ Select,2017,,Gasoline,240.0HP 2.0L 4 Cylinder Engine Gasoline Fuel,6-Speed A/T,Blue,Beige,At least 1 accident or damage reported,Yes,12500.0,9,,0,0,Moderate
Chevrolet,Silverado 1500 W/T,2006,,Gasoline,195.0HP 4.3L V6 Cylinder Engine Gasoline Fuel,A/T,Blue,Gray,At least 1 accident or damage reported,Yes,4000.0,20,,0,0,Old
Land,Rover Range Rover Sport HSE,2019,,Gasoline,340.0HP 3.0L V6 Cylinder Engine Gasoline Fuel,Transmission w/Dual Shift Mode,Black,Black,None reported,Yes,49900.0,7,,0,0,Moderate
Nissan,Titan SL,2021,,Gasoline,5.6L V8 32V GDI DOHC,9-Speed Automatic,White,Black,None reported,Yes,32612.0,5,,0,0,New
Kia,Telluride SX,2022,,Gasoline,"LAMBDA II 3.8L V-6 gasoline direct injection, DOHC, D-CVVT varia",Automatic,Dark Moss,Black,None reported,,47541.0,4,,0,0,New
Chevrolet,Tahoe RST,2023,,Gasoline,5.3L V8 16V GDI OHV,10-Speed Automatic,Black,Jet Black,At least 1 accident or damage reported,,67190.0,3,,0,0,New
Ford,Mustang GT Premium,2019,,Gasoline,460.0HP 5.0L 8 Cylinder Engine Gasoline Fuel,6-Speed M/T,Blue,Gray,None reported,Yes,41000.0,7,,0,0,Moderate
BMW,330 i,2017,,Gasoline,248.0HP 2.0L 4 Cylinder Engine Gasoline Fuel,A/T,Black,Black,None reported,Yes,18300.0,9,,1,0,Moderate
Land,Rover Range Rover Sport 3.0L Supercharged HSE,2017,,Gasoline,340.0HP 3.0L V6 Cylinder Engine Gasoline Fuel,8-Speed A/T,Brown,Beige,None reported,Yes,31599.0,9,,0,0,Moderate
Porsche,911 Carrera,2010,,Gasoline,345.0HP 3.6L Flat 6 Cylinder Engine Gasoline Fuel,7-Speed A/T,Black,Black,None reported,Yes,51750.0,16,,0,0,Old
INFINITI,QX56 Base,2011,,Gasoline,400.0HP 5.6L 8 Cylinder Engine Gasoline Fuel,Transmission Overdrive Switch,White,Beige,None reported,Yes,12000.0,15,,0,0,Old
RAM,2500 Tradesman,2020,,Gasoline,410.0HP 6.4L 8 Cylinder Engine Gasoline Fuel,8-Speed A/T,White,Gray,,,45515.0,6,,0,0,Moderate
BMW,840 i xDrive,2024,,Gasoline,335.0HP 3.0L Straight 6 Cylinder Engine Gasoline Fuel,A/T,Gray,Brown,None reported,Yes,90000.0,2,,1,0,New
MINI,Clubman Cooper S ALL4,2017,,Gasoline,189.0HP 2.0L 4 Cylinder Engine Gasoline Fuel,A/T,Blue,Black,None reported,Yes,17390.0,9,,0,0,Moderate
Cadillac,Escalade ESV Premium Luxury Platinum,2021,,Gasoline,420.0HP 6.2L 8 Cylinder Engine Gasoline Fuel,A/T,White,Beige,None reported,Yes,95000.0,5,,0,0,New
RAM,2500 Big Horn,2021,,Gasoline,6.4L V8 16V MPFI OHV,Automatic,Billet Silver Metallic Clearcoat,Diesel Gray / Black,None reported,Yes,43449.0,5,,0,0,New
Porsche,911 Carrera 4,2014,,Gasoline,350.0HP 3.4L Flat 6 Cylinder Engine Gasoline Fuel,7-Speed M/T,Silver,Black,At least 1 accident or damage reported,Yes,85500.0,12,,0,0,Old
Bentley,Continental GT Base,2009,,Gasoline,552.0HP 6.0L 12 Cylinder Engine Gasoline Fuel,A/T,Black,Black,None reported,Yes,48500.0,17,,0,0,Old
Toyota,Tundra SR5,2015,,Gasoline,310.0HP 4.6L 8 Cylinder Engine Gasoline Fuel,6-Speed A/T,Gray,Gray,None reported,Yes,27000.0,11,,0,0,Old
Toyota,4Runner SR5,2006,,Gasoline,236.0HP 4.0L V6 Cylinder Engine Gasoline Fuel,A/T,White,Gray,None reported,Yes,16900.0,20,,0,0,Old
Cadillac,CTS 2.0L Turbo Luxury,2019,,Gasoline,265.0HP 2.0L 4 Cylinder Engine Gasoline Fuel,8-Speed A/T,Black,Beige,At least 1 accident or damage reported,Yes,29000.0,7,,0,0,Moderate
Ford,Focus SE,2014,,Gasoline,2.0L I4 16V GDI DOHC,6-Speed Automatic with Auto-Shift,Black,Charcoal Black,None reported,Yes,10995.0,12,,0,0,Old
BMW,M5 Base,2021,,Gasoline,4.4L V8 32V GDI DOHC Twin Turbo,8-Speed Automatic,Alpine White,Aragon Brown,None reported,,86900.0,5,,1,0,New
Land,Rover Range Rover 3.0L V6 Supercharged HSE,2019,,Gasoline,380.0HP 3.0L V6 Cylinder Engine Gasoline Fuel,Transmission w/Dual Shift Mode,Black,Black,None reported,Yes,60500.0,7,,0,0,Moderate
Cadillac,Escalade ESV Luxury,2016,,Gasoline,420.0HP 6.2L 8 Cylinder Engine Gasoline Fuel,8-Speed A/T,Black,Brown,At least 1 accident or damage reported,Yes,30500.0,10,,0,0,Moderate
Acura,NSX Base,1993,,–,–,A/T,Silver,Black,None reported,Yes,90200.0,33,,0,0,Very Old
Chevrolet,Corvette Z06,2018,,Gasoline,650.0HP 6.2L 8 Cylinder Engine Gasoline Fuel,8-Speed A/T,Gray,Black,None reported,Yes,87150.0,8,,0,0,Moderate
Audi,Q5 2.0T Premium Plus,2015,,E85 Flex Fuel,220.0HP 2.0L 4 Cylinder Engine Flex Fuel Capability,A/T,Silver,Black,At least 1 accident or damage reported,Yes,15400.0,11,,1,0,Old
Maserati,Ghibli S Q4,2018,,Gasoline,424.0HP 3.0L V6 Cylinder Engine Gasoline Fuel,A/T,White,Brown,None reported,Yes,43000.0,8,,0,0,Moderate
BMW,228 Gran Coupe i xDrive,2020,,Gasoline,2.0 Liter Turbo,Automatic,Black Sapphire Metallic,Oyster/Black,None reported,,30798.0,6,,1,0,Moderate
Ford,Expedition Limited,2023,,Gasoline,400.0HP 3.5L V6 Cylinder Engine Gasoline Fuel,10-Speed A/T,Black,Red,At least 1 accident or damage reported,Yes,63500.0,3,,0,0,New
Nissan,Frontier SE Crew Cab,2006,,Gasoline,265.0HP 4.0L V6 Cylinder Engine Gasoline Fuel,A/T,Gray,Gray,At least 1 accident or damage reported,Yes,8500.0,20,,0,0,Old
Subaru,BRZ Limited,2022,,Gasoline,228.0HP 2.4L 4 Cylinder Engine Gasoline Fuel,Transmission w/Dual Shift Mode,Gray,–,None reported,Yes,32500.0,4,,0,0,New
Chevrolet,Malibu LT,2018,,Gasoline,160.0HP 1.5L 4 Cylinder Engine Gasoline Fuel,6-Speed A/T,Red,Black,None reported,Yes,17500.0,8,,0,0,Moderate
Ford,Focus SEL,2017,,E85 Flex Fuel,2.0L I4 16V GDI DOHC Flexible Fuel,6-Speed Automatic with Auto-Shift,White,Charcoal Black,None reported,Yes,13895.0,9,,0,0,Moderate
Nissan,Rogue Sport S,2021,,Gasoline,141.0HP 2.0L 4 Cylinder Engine Gasoline Fuel,A/T,Gray,Black,None reported,Yes,25500.0,5,,0,0,New
Volvo,C70 T5,2006,,Gasoline,218.0HP 2.5L 5 Cylinder Engine Gasoline Fuel,6-Speed M/T,Blue,Beige,None reported,Yes,10299.0,20,,0,0,Old
Lincoln,Nautilus Reserve,2021,,Gasoline,335.0HP 2.7L V6 Cylinder Engine Gasoline Fuel,A/T,White,Beige,None reported,Yes,48000.0,5,,0,0,New
Mercedes-Benz,AMG GT Base,2018,,Gasoline,469.0HP 4.0L 8 Cylinder Engine Gasoline Fuel,7-Speed A/T,White,Brown,At least 1 accident or damage reported,Yes,84500.0,8,,1,0,Moderate
Ford,Mustang EcoBoost Premium,2017,,Gasoline,310.0HP 2.3L 4 Cylinder Engine Gasoline Fuel,A/T,Black,Black,At least 1 accident or damage reported,Yes,21000.0,9,,0,0,Moderate
Ford,Ranger XLT,1999,,E85 Flex Fuel,152.0HP 3.0L V6 Cylinder Engine Flex Fuel Capability,A/T,Gold,Beige,None reported,Yes,8000.0,27,,0,0,Very Old
GMC,Yukon SLT,2018,,Gasoline,355.0HP 5.3L 8 Cylinder Engine Gasoline Fuel,A/T,Black,Black,At least 1 accident or damage reported,Yes,35899.0,8,,0,0,Moderate
RAM,2500 Big Horn,2020,,Gasoline,410.0HP 6.4L 8 Cylinder Engine Gasoline Fuel,6-Speed A/T,Red,Black,None reported,Yes,44900.0,6,,0,0,Moderate
Tesla,Model Y Performance,2021,,,455.0HP Electric Motor Electric Fuel System,A/T,Gray,White,None reported,Yes,45000.0,5,,0,0,New
Lexus,ES 350 Base,2011,,Gasoline,272.0HP 3.5L V6 Cylinder Engine Gasoline Fuel,A/T,Black,Beige,None reported,Yes,9999.0,15,,1,0,Old
Jeep,Wrangler Rubicon Hard Rock,2016,,Gasoline,3.6 Liter,Automatic,White,Black,None reported,,32798.0,10,,0,0,Moderate
Volvo,XC90 T6 Momentum,2018,,Gasoline,316.0HP 2.0L 4 Cylinder Engine Gasoline Fuel,8-Speed A/T,Silver,Black,None reported,Yes,30500.0,8,,0,0,Moderate
BMW,M6 Gran Coupe Base,2017,,Gasoline,560.0HP 4.4L 8 Cylinder Engine Gasoline Fuel,7-Speed A/T,Green,Black,None reported,Yes,58000.0,9,,1,0,Moderate
Cadillac,Escalade ESV Platinum Edition,2013,,E85 Flex Fuel,403.0HP 6.2L 8 Cylinder Engine Flex Fuel Capability,A/T,Black,Black,,,20500.0,13,,0,0,Old
BMW,X5 xDrive35i,2018,,Gasoline,300.0HP 3.0L Straight 6 Cylinder Engine Gasoline Fuel,8-Speed A/T,Black,Black,None reported,Yes,32000.0,8,,1,0,Moderate
BMW,X5 xDrive40i,2020,,Gasoline,3.0 Liter Turbo,Automatic,White,Black,None reported,,56598.0,6,,1,0,Moderate
Mitsubishi,Outlander SEL,2018,,Gasoline,166.0HP 2.4L 4 Cylinder Engine Gasoline Fuel,A/T,Red,Beige,None reported,Yes,19500.0,8,,0,0,Moderate
Dodge,Ram 1500 ST,2010,,E85 Flex Fuel,310.0HP 4.7L 8 Cylinder Engine Flex Fuel Capability,A/T,White,Gray,At least 1 accident or damage reported,Yes,12995.0,16,,0,0,Old
Subaru,Impreza 2.0i,2015,,Gasoline,"2L H-4 DOHC, variable valve control, regular unleaded, engine wi",Manual,Quartz Blue Pearl,Black,At least 1 accident or damage reported,,11498.0,11,,0,0,Old
Mercedes-Benz,Maybach S S 600,2016,,Gasoline,523.0HP 6.0L 12 Cylinder Engine Gasoline Fuel,7-Speed A/T,Black,Black,None reported,Yes,79999.0,10,,1,0,Moderate
Kia,Sportage LX,2023,,Gasoline,187.0HP 2.5L 4 Cylinder Engine Gasoline Fuel,A/T,White,Black,None reported,Yes,31900.0,3,,0,0,New
Porsche,911 Turbo Cabriolet,2008,,Gasoline,480.0HP 3.6L Flat 6 Cylinder Engine Gasoline Fuel,Transmission w/Dual Shift Mode,Silver,Black,At least 1 accident or damage reported,Yes,69500.0,18,,0,0,Old
Hummer,H3 Base,2007,,Gasoline,242.0HP 3.7L 5 Cylinder Engine Gasoline Fuel,4-Speed A/T,Blue,Black,At least 1 accident or damage reported,Yes,10000.0,19,,0,0,Old
Buick,LaCrosse Leather,2014,,Gasoline,304.0HP 3.6L V6 Cylinder Engine Gasoline Fuel,A/T,White,Beige,At least 1 accident or damage reported,Yes,11200.0,12,,0,0,Old
Chevrolet,Silverado 1500 High Country,2020,,Gasoline,6.2L V8 16V GDI OHV,Automatic,Iridescent Pearl Tricoat,Jet Black,At least 1 accident or damage reported,Yes,48889.0,6,,0,0,Moderate
Toyota,4Runner SR5,2016,,Gasoline,270.0HP 4.0L V6 Cylinder Engine Gasoline Fuel,5-Speed A/T,Black,Black,None reported,Yes,29000.0,10,,0,0,Moderate
Cadillac,Escalade ESV Luxury,2015,,Gasoline,420.0HP 6.2L 8 Cylinder Engine Gasoline Fuel,6-Speed A/T,Black,Black,At least 1 accident or damage reported,Yes,18800.0,11,,0,0,Old
Subaru,Legacy 2.5i Premium,2015,,Gasoline,175.0HP 2.5L 4 Cylinder Engine Gasoline Fuel,CVT Transmission,Silver,Beige,At least 1 accident or damage reported,Yes,15000.0,11,,0,0,Old
Tesla,Model 3 Long Range,2018,,,271.0HP Electric Motor Electric Fuel System,1-Speed A/T,Red,Black,At least 1 accident or damage reported,Yes,30499.0,8,,0,0,Moderate
Ford,Expedition EL XLT,2017,,Gasoline,365.0HP 3.5L V6 Cylinder Engine Gasoline Fuel,A/T,Black,Black,At least 1 accident or damage reported,Yes,16500.0,9,,0,0,Moderate
Tesla,Model Y Long Range,2022,,,425.0HP Electric Motor Electric Fuel System,A/T,White,White,None reported,Yes,49500.0,4,,0,0,New
Ford,Expedition EL Limited,2017,,Gasoline,365.0HP 3.5L V6 Cylinder Engine Gasoline Fuel,Transmission w/Dual Shift Mode,Black,Black,None reported,Yes,27000.0,9,,0,0,Moderate
Chevrolet,Silverado 1500 LTZ,2021,,Gasoline,5.3L V8 16V GDI OHV,8-Speed Automatic,Satin Steel Metallic,Gideon,None reported,,42590.0,5,,0,0,New
BMW,X5 xDrive40e,2016,,Hybrid,Electric,Automatic,Alpine White,Black,None reported,,22998.0,10,,1,0,Moderate
BMW,335 is,2011,,Gasoline,320.0HP 3.0L Straight 6 Cylinder Engine Gasoline Fuel,7-Speed A/T,Gray,Black,At least 1 accident or damage reported,Yes,20000.0,15,,1,0,Old
Ford,F-150 XLT,2012,,Gasoline,365.0HP 3.5L V6 Cylinder Engine Gasoline Fuel,6-Speed A/T,Black,Gray,At least 1 accident or damage reported,Yes,15000.0,14,,0,0,Old
Porsche,Panamera Edition,2016,,Gasoline,310.0HP 3.6L V6 Cylinder Engine Gasoline Fuel,A/T,Blue,Beige,At least 1 accident or damage reported,Yes,30000.0,10,,0,0,Moderate
Kia,Sorento Plug-In Hybrid SX,2022,,Hybrid,1.6L I4 16V GDI DOHC Turbo Hybrid,6-Speed Automatic,Aurora Black,Gray,None reported,,40599.0,4,,0,0,New
BMW,M240 i,2017,,Gasoline,335.0HP 3.0L Straight 6 Cylinder Engine Gasoline Fuel,8-Speed A/T,White,Black,At least 1 accident or damage reported,Yes,26125.0,9,,1,0,Moderate
Maserati,Quattroporte Base,2006,,Gasoline,394.0HP 4.2L 8 Cylinder Engine Gasoline Fuel,Transmission w/Dual Shift Mode,Blue,Beige,At least 1 accident or damage reported,Yes,18000.0,20,,0,0,Old
Ford,F-150 XLT,2017,,Gasoline,325.0HP 2.7L V6 Cylinder Engine Gasoline Fuel,6-Speed A/T,White,Black,None reported,Yes,26000.0,9,,0,0,Moderate
Land,Rover Discovery S,2003,,Gasoline,217.0HP 4.6L 8 Cylinder Engine Gasoline Fuel,A/T,White,Beige,At least 1 accident or damage reported,Yes,6000.0,23,,0,0,Very Old
Ford,F-250 XLT Crew Cab Super Duty,2008,,Gasoline,300.0HP 5.4L 8 Cylinder Engine Gasoline Fuel,5-Speed A/T,Green,Gray,At least 1 accident or damage reported,Yes,15000.0,18,,0,0,Old
Ford,Taurus SHO,2014,,Gasoline,365.0HP 3.5L V6 Cylinder Engine Gasoline Fuel,A/T,Silver,Black,At least 1 accident or damage reported,Yes,15500.0,12,,0,0,Old
Land,Rover Range Rover Sport HSE,2012,,Gasoline,375.0HP 5.0L 8 Cylinder Engine Gasoline Fuel,A/T,Silver,Black,None reported,Yes,10200.0,14,,0,0,Old
GMC,Sierra 1500 SLT,2021,,Gasoline,355.0HP 5.3L 8 Cylinder Engine Gasoline Fuel,A/T,White,Black,At least 1 accident or damage reported,Yes,51500.0,5,,0,0,New
BMW,335 i xDrive,2009,,Gasoline,300.0HP 3.0L Straight 6 Cylinder Engine Gasoline Fuel,6-Speed M/T,Black,Black,None reported,Yes,19500.0,17,,1,0,Old
Porsche,911 Carrera 4S,2003,,Gasoline,315.0HP 3.6L Flat 6 Cylinder Engine Gasoline Fuel,6-Speed M/T,Silver,Black,,,24000.0,23,,0,0,Very Old
Audi,Q5 S line Premium,2022,,Hybrid,2.0 Liter TFSI,Automatic,Florett Silver,Black,None reported,,42598.0,4,,1,0,New
Lexus,RX 350 F Sport Performance,2020,,Gasoline,3.5L V6 24V PDI DOHC,8-Speed Automatic,Caviar,Black,None reported,,43599.0,6,,1,0,Moderate
Audi,S4 3.0T Premium Plus,2018,,Gasoline,354.0HP 3.0L V6 Cylinder Engine Gasoline Fuel,8-Speed A/T,Gray,Black,At least 1 accident or damage reported,Yes,38000.0,8,,1,0,Moderate
Chevrolet,Silverado 1500 LT,2019,,Gasoline,2.7L I4 16V GDI DOHC Turbo,Automatic,Cajun Red Tintcoat,Jet Black,,,35670.0,7,,0,0,Moderate
Chevrolet,Colorado Z71,2019,,Gasoline,3.6L V6 24V GDI DOHC,Automatic,Shadow Gray Metallic,Jet Black,None reported,,36139.0,7,,0,0,Moderate
Audi,A5 2.0T Prestige,2018,,Gasoline,252.0HP 2.0L 4 Cylinder Engine Gasoline Fuel,7-Speed A/T,White,Black,None reported,Yes,33000.0,8,,1,0,Moderate
Mazda,Mazda3 s Sport,2008,,Gasoline,156.0HP 2.3L 4 Cylinder Engine Gasoline Fuel,5-Speed M/T,Red,Black,None reported,Yes,6300.0,18,,0,0,Old
Jaguar,E-PACE 300 Sport,2021,,Hybrid,296.0HP 2.0L 4 Cylinder Engine Gasoline/Mild Electric Hybrid,9-Speed A/T,Black,Black,None reported,Yes,42999.0,5,,0,0,New
Toyota,Celica GT,2001,,Gasoline,140.0HP 1.8L 4 Cylinder Engine Gasoline Fuel,5-Speed M/T,Blue,Gray,None reported,Yes,7800.0,25,,0,0,Very Old
Ford,Excursion Limited 4WD,2003,,Diesel,325.0HP 6.0L 8 Cylinder Engine Diesel Fuel,A/T,Black,Beige,At least 1 accident or damage reported,Yes,17999.0,23,,0,0,Very Old
Subaru,WRX STI Base,2016,,Gasoline,305.0HP 2.5L 4 Cylinder Engine Gasoline Fuel,M/T,Gray,Black,None reported,Yes,34000.0,10,,0,0,Moderate
Audi,A6 45 Premium Plus,2021,,Hybrid,248.0HP 2.0L 4 Cylinder Engine Gasoline/Mild Electric Hybrid,A/T,Black,Black,None reported,Yes,40000.0,5,,1,0,New
Tesla,Model S P100D,2018,,,Electric,1-Speed Automatic,Red Multi,White,None reported,,59999.0,8,,0,0,Moderate
Acura,RDX PMC Edition,2021,,Gasoline,2.0 Liter Turbo,2,Majestic Black Pearl,Ebony,None reported,,40598.0,5,,0,0,New
Audi,S4 3.0T Premium Plus,2013,,Gasoline,333.0HP 3.0L V6 Cylinder Engine Gasoline Fuel,7-Speed A/T,Black,Black,None reported,Yes,20900.0,13,,1,0,Old
Lotus,Evora Base,2010,,Gasoline,276.0HP 3.5L V6 Cylinder Engine Gasoline Fuel,6-Speed M/T,Black,White,None reported,Yes,55000.0,16,,0,0,Old
Mercedes-Benz,S-Class S 560 4MATIC,2019,,Gasoline,463.0HP 4.0L 8 Cylinder Engine Gasoline Fuel,9-Speed A/T,Silver,Brown,None reported,Yes,77900.0,7,,1,0,Moderate
Chevrolet,Silverado 1500 RST,2023,,Gasoline,5.3L V8 16V GDI OHV,10-Speed Automatic,Dark Ash Metallic,Black,None reported,,59590.0,3,,0,0,New
Hyundai,Genesis Coupe 2.0T R-Spec,2013,,Gasoline,260.0HP 2.0L 4 Cylinder Engine Gasoline Fuel,6-Speed M/T,White,Red,,,18000.0,13,,0,0,Old
BMW,M3 Competition,2021,,Gasoline,503.0HP 3.0L Straight 6 Cylinder Engine Gasoline Fuel,8-Speed A/T,Gray,Black,None reported,Yes,71000.0,5,,1,0,New
BMW,435 i,2014,,Gasoline,300.0HP 3.0L Straight 6 Cylinder Engine Gasoline Fuel,A/T,White,Black,None reported,Yes,15000.0,12,,1,0,Old
Land,Rover Range Rover Evoque HSE Dynamic,2016,,Gasoline,240.0HP 2.0L 4 Cylinder Engine Gasoline Fuel,9-Speed A/T,Red,Red,None reported,Yes,24000.0,10,,0,0,Moderate
RAM,3500 Tradesman,2021,,Diesel,400.0HP 6.7L Straight 6 Cylinder Engine Diesel Fuel,6-Speed A/T,Blue,Gray,None reported,Yes,52000.0,5,,0,0,New
BMW,X5 xDrive40i,2020,,Gasoline,3.0 Liter Turbo,Automatic,White,Black,None reported,,57998.0,6,,1,0,Moderate
Mercedes-Benz,SL-Class SL500 Roadster,2005,,Gasoline,302.0HP 5.0L 8 Cylinder Engine Gasoline Fuel,7-Speed A/T,White,Beige,None reported,Yes,14000.0,21,,1,0,Very Old
Lexus,SC 430 Base,2002,,Gasoline,300.0HP 4.3L 8 Cylinder Engine Gasoline Fuel,A/T,Black,Black,None reported,Yes,15999.0,24,,1,0,Very Old
Chevrolet,Silverado 1500 Base,2000,,Gasoline,200.0HP 4.3L V6 Cylinder Engine Gasoline Fuel,A/T,White,Gray,None reported,Yes,27500.0,26,,0,0,Very Old
Buick,Enclave Avenir,2021,,Gasoline,3.6L V6 24V GDI DOHC,9-Speed Automatic,Rich Garnet Metallic,Chestnut,At least 1 accident or damage reported,Yes,42442.0,5,,0,0,New
Lexus,NX 300h Base,2020,,Hybrid,2.5L I4 16V MPFI DOHC Hybrid,Automatic CVT,Gray,Black,At least 1 accident or damage reported,,33200.0,6,,1,0,Moderate
Lexus,RX 350 RX 350 F SPORT Handling,2022,,Gasoline,3.5 Liter DOHC,Automatic,Atomic Silver,Black,None reported,,54798.0,4,,1,0,New
Chevrolet,Avalanche 1500 LS,2005,,E85 Flex Fuel,295.0HP 5.3L 8 Cylinder Engine Flex Fuel Capability,Transmission Overdrive Switch,Black,Gray,At least 1 accident or damage reported,Yes,7999.0,21,,0,0,Very Old
Mercedes-Benz,SL-Class SL400,2015,,Gasoline,3.0 Liter,Automatic,White,Tan,None reported,,39998.0,11,,1,0,Old
Chevrolet,Suburban Premier,2019,,Gasoline,420.0HP 6.2L 8 Cylinder Engine Gasoline Fuel,6-Speed A/T,Black,Black,None reported,Yes,52500.0,7,,0,0,Moderate
Ford,Transit-350 Base,2015,,Gasoline,310.0HP 3.5L V6 Cylinder Engine Gasoline Fuel,A/T,Black,Gray,At least 1 accident or damage reported,Yes,17100.0,11,,0,0,Old
INFINITI,QX60 Luxe,2020,,Gasoline,295.0HP 3.5L V6 Cylinder Engine Gasoline Fuel,A/T,Blue,Beige,None reported,Yes,32100.0,6,,0,0,Moderate
Bentley,Continental GTC Base,2008,,Gasoline,552.0HP 6.0L 12 Cylinder Engine Gasoline Fuel,6-Speed A/T,White,White,None reported,Yes,81500.0,18,,0,0,Old
Nissan,350Z Enthusiast,2007,,Gasoline,306.0HP 3.5L V6 Cylinder Engine Gasoline Fuel,A/T,Silver,Black,At least 1 accident or damage reported,Yes,9975.0,19,,0,0,Old
Rivian,R1S Adventure Package,2023,,,533.0HP Electric Motor Electric Fuel System,A/T,White,Black,None reported,Yes,95500.0,3,,0,0,New
Nissan,Altima 2.5 SL,2012,,Gasoline,175.0HP 2.5L 4 Cylinder Engine Gasoline Fuel,CVT Transmission,Silver,Black,None reported,Yes,8999.0,14,,0,0,Old
Land,Rover Range Rover 5.0L Supercharged,2015,,E85 Flex Fuel,510.0HP 5.0L 8 Cylinder Engine Flex Fuel Capability,A/T,Black,–,At least 1 accident or damage reported,Yes,26499.0,11,,0,0,Old
BMW,X5 xDrive35i,2017,,Gasoline,300.0HP 3.0L Straight 6 Cylinder Engine Gasoline Fuel,8-Speed A/T,Gray,Black,At least 1 accident or damage reported,Yes,23300.0,9,,1,0,Moderate
INFINITI,QX56 Base,2012,,Gasoline,400.0HP 5.6L 8 Cylinder Engine Gasoline Fuel,Transmission w/Dual Shift Mode,White,Beige,None reported,Yes,15600.0,14,,0,0,Old
Ford,F-150 XLT,2019,,Gasoline,3.5L V6 24V PDI DOHC Twin Turbo,Automatic,Black,Medium Earth Gray,None reported,Yes,32769.0,7,,0,0,Moderate
Lexus,RX 450h Base,2010,,Hybrid,245.0HP 3.5L V6 Cylinder Engine Gas/Electric Hybrid,A/T,Black,Beige,At least 1 accident or damage reported,Yes,10900.0,16,,1,0,Old
Maserati,Ghibli S Q4 GranSport,2018,,Gasoline,424.0HP 3.0L V6 Cylinder Engine Gasoline Fuel,8-Speed A/T,Black,Black,None reported,Yes,34900.0,8,,0,0,Moderate
Volvo,XC90 T6 Momentum,2018,,Gasoline,316.0HP 2.0L 4 Cylinder Engine Gasoline Fuel,8-Speed A/T,Black,Black,At least 1 accident or damage reported,Yes,28825.0,8,,0,0,Moderate
Jeep,Wrangler Unlimited Rubicon,2017,,Gasoline,285.0HP 3.6L V6 Cylinder Engine Gasoline Fuel,Transmission w/Dual Shift Mode,Gray,Black,None reported,Yes,47500.0,9,,0,0,Moderate
Hummer,H2 Base,2005,,Gasoline,325.0HP 6.0L 8 Cylinder Engine Gasoline Fuel,4-Speed A/T,Green,Black,None reported,Yes,22500.0,21,,0,0,Very Old
Ford,Flex Limited,2009,,Gasoline,262.0HP 3.5L V6 Cylinder Engine Gasoline Fuel,6-Speed A/T,Gray,Black,At least 1 accident or damage reported,Yes,7500.0,17,,0,0,Old
Toyota,Camry XLE,2007,,Gasoline,268.0HP 3.5L V6 Cylinder Engine Gasoline Fuel,6-Speed A/T,Green,Gray,None reported,Yes,9500.0,19,,0,0,Old
Mercedes-Benz,A-Class A 220 4MATIC,2020,,Gasoline,2.0L I4 16V GDI DOHC Turbo,7-Speed Automatic with Auto-Shift,Midnight Black,Black,None reported,,28900.0,6,,1,0,Moderate
BMW,335 i,2009,,Gasoline,300.0HP 3.0L Straight 6 Cylinder Engine Gasoline Fuel,6-Speed M/T,Gray,White,None reported,Yes,19999.0,17,,1,0,Old
Chevrolet,Camaro 2SS,2022,,Gasoline,455.0HP 6.2L 8 Cylinder Engine Gasoline Fuel,6-Speed M/T,Blue,Black,None reported,Yes,50000.0,4,,0,0,New
Volkswagen,ID.4 Pro S,2023,,,295.0HP Electric Motor Electric Fuel System,1-Speed A/T,Gray,Black,None reported,Yes,45000.0,3,,0,0,New
Chevrolet,Silverado 2500 High Country,2022,,Diesel,445.0HP 6.6L 8 Cylinder Engine Diesel Fuel,A/T,Black,Black,At least 1 accident or damage reported,Yes,73995.0,4,,0,0,New
Nissan,Altima 2.5 SV,2020,,Gasoline,2.5L I4 16V GDI DOHC,Automatic CVT,Scarlet Ember,Gray,None reported,,23599.0,6,,0,0,Moderate
Toyota,Sequoia Platinum,2023,,Hybrid,437.0HP 3.4L V6 Cylinder Engine Gas/Electric Hybrid,10-Speed A/T,Black,Black,None reported,Yes,85000.0,3,,0,0,New
Acura,TL Technology,2013,,Gasoline,305.0HP 3.7L V6 Cylinder Engine Gasoline Fuel,6-Speed A/T,Gray,White,At least 1 accident or damage reported,Yes,15499.0,13,,0,0,Old
Toyota,Highlander Limited,2020,,Gasoline,3.5L V6 24V PDI DOHC,8-Speed Automatic,Blue,Gray,None reported,Yes,39687.0,6,,0,0,Moderate
Ford,Edge SEL,2021,,Gasoline,2.0L I4 16V GDI DOHC Turbo,8-Speed Automatic,Silver,Ebony,None reported,Yes,26299.0,5,,0,0,New
Jaguar,F-TYPE R,2016,,Gasoline,550.0HP 5.0L 8 Cylinder Engine Gasoline Fuel,8-Speed A/T,Black,Black,None reported,Yes,54900.0,10,,0,0,Moderate
GMC,Yukon XL Denali,2018,,Gasoline,420.0HP 6.2L 8 Cylinder Engine Gasoline Fuel,A/T,White,Gray,None reported,Yes,51000.0,8,,0,0,Moderate
Chevrolet,Suburban LT,2018,,Gasoline,355.0HP 5.3L 8 Cylinder Engine Gasoline Fuel,6-Speed A/T,Gray,Black,None reported,Yes,34500.0,8,,0,0,Moderate
Maserati,Levante GTS,2021,,Gasoline,3.8L V8 32V GDI DOHC Twin Turbo,8-Speed Automatic,Black,Red / Black,At least 1 accident or damage reported,Yes,84645.0,5,,0,0,New
Subaru,Outback Limited,2021,,Gasoline,2.5L H4 16V GDI DOHC,Automatic CVT,Crystal Black Silica,Black,None reported,,33531.0,5,,0,0,New
Mercedes-Benz,S-Class S 450,2018,,Gasoline,362.0HP 3.0L V6 Cylinder Engine Gasoline Fuel,9-Speed A/T,Black,Black,None reported,Yes,40888.0,8,,1,0,Moderate
Mercedes-Benz,GL-Class GL 450,2011,,Gasoline,335.0HP 4.7L 8 Cylinder Engine Gasoline Fuel,A/T,White,Beige,None reported,Yes,16500.0,15,,1,0,Old
Ford,F-250 Lariat,2017,,E85 Flex Fuel,385.0HP 6.2L 8 Cylinder Engine Flex Fuel Capability,A/T,Gray,Black,None reported,Yes,35900.0,9,,0,0,Moderate
Hyundai,Palisade Limited,2020,,Gasoline,291.0HP 3.8L V6 Cylinder Engine Gasoline Fuel,Transmission w/Dual Shift Mode,Silver,Black,None reported,Yes,37700.0,6,,0,0,Moderate
Ford,F-150 XLT,2021,,Gasoline,3.5L V6 24V PDI DOHC Twin Turbo,10-Speed Automatic,Gray,Black,None reported,Yes,48459.0,5,,0,0,New
Mercedes-Benz,R-Class R 350 4MATIC,2008,,Gasoline,268.0HP 3.5L V6 Cylinder Engine Gasoline Fuel,7-Speed A/T,Silver,Black,None reported,Yes,8995.0,18,,1,0,Old
Chevrolet,Camaro 2SS,2018,,Gasoline,455.0HP 6.2L 8 Cylinder Engine Gasoline Fuel,6-Speed M/T,Gray,Black,At least 1 accident or damage reported,Yes,45000.0,8,,0,0,Moderate
Jeep,Wrangler Sport,2016,,Gasoline,285.0HP 3.6L V6 Cylinder Engine Gasoline Fuel,6-Speed M/T,Red,Black,None reported,Yes,23000.0,10,,0,0,Moderate
Chevrolet,1500 Cheyenne,1994,,–,–,A/T,Red,–,At least 1 accident or damage reported,Yes,6000.0,32,,0,0,Very Old
Jaguar,XJ6 Vanden Plas,1995,,–,–,A/T,Gold,–,None reported,Yes,19000.0,31,,0,0,Very Old
BMW,550 i xDrive,2012,,Gasoline,400.0HP 4.4L 8 Cylinder Engine Gasoline Fuel,Transmission w/Dual Shift Mode,Black,Black,None reported,Yes,17800.0,14,,1,0,Old
Lexus,GX 460 Luxury,2020,,Gasoline,4.6L V8 32V MPFI DOHC,6-Speed Automatic,White,–,,,51890.0,6,,1,0,Moderate
Tesla,Model S Long Range,2021,,,670.0HP Electric Motor Electric Fuel System,1-Speed A/T,White,Black,None reported,Yes,66900.0,5,,0,0,New
Volkswagen,Jetta 1.4T SE,2017,,Gasoline,150.0HP 1.4L 4 Cylinder Engine Gasoline Fuel,A/T,White,Black,None reported,Yes,15995.0,9,,0,0,Moderate
Jeep,Grand Cherokee Limited,2022,,Gasoline,3.6L V6 24V MPFI DOHC,8-Speed Automatic,Bright White Clearcoat,Global Black,None reported,,41599.0,4,,0,0,New
Jaguar,XK8 Base,2001,,Gasoline,290.0HP 4.0L 8 Cylinder Engine Gasoline Fuel,5-Speed A/T,Green,White,At least 1 accident or damage reported,Yes,9875.0,25,,0,0,Very Old
Porsche,Macan S,2016,,Gasoline,340.0HP 3.0L V6 Cylinder Engine Gasoline Fuel,Transmission w/Dual Shift Mode,Gray,Gray,At least 1 accident or damage reported,Yes,41500.0,10,,0,0,Moderate
Mercedes-Benz,E-Class E 350,2014,,Gasoline,302.0HP 3.5L V6 Cylinder Engine Gasoline Fuel,A/T,Silver,Black,None reported,Yes,15500.0,12,,1,0,Old
Mercedes-Benz,GL-Class GL 450 4MATIC,2015,,Gasoline,362.0HP 3.0L V6 Cylinder Engine Gasoline Fuel,7-Speed A/T,Silver,Black,None reported,Yes,30089.0,11,,1,0,Old
Land,Rover Range Rover 3.0L Supercharged HSE,2017,,Gasoline,380.0HP 3.0L V6 Cylinder Engine Gasoline Fuel,8-Speed A/T,White,Beige,At least 1 accident or damage reported,Yes,47000.0,9,,0,0,Moderate
Mercedes-Benz,E-Class E 350 4MATIC,2010,,Gasoline,268.0HP 3.5L V6 Cylinder Engine Gasoline Fuel,7-Speed A/T,Black,Black,None reported,Yes,13999.0,16,,1,0,Old
Dodge,Dakota Sport,2002,,Gasoline,175.0HP 3.9L V6 Cylinder Engine Gasoline Fuel,5-Speed M/T,Black,Gray,At least 1 accident or damage reported,Yes,5500.0,24,,0,0,Very Old
Chevrolet,Camaro ZL1,2018,,Gasoline,650.0HP 6.2L 8 Cylinder Engine Gasoline Fuel,6-Speed M/T,Black,Black,At least 1 accident or damage reported,Yes,54000.0,8,,0,0,Moderate
Hummer,H3 Base,2007,,Gasoline,242.0HP 3.7L 5 Cylinder Engine Gasoline Fuel,A/T,White,Black,None reported,Yes,12900.0,19,,0,0,Old
Honda,Odyssey EX-L,2022,,Gasoline,280.0HP 3.5L V6 Cylinder Engine Gasoline Fuel,10-Speed A/T,Red,Beige,None reported,Yes,37950.0,4,,0,0,New
Nissan,350Z Touring,2008,,Gasoline,306.0HP 3.5L V6 Cylinder Engine Gasoline Fuel,5-Speed A/T,Gray,Beige,At least 1 accident or damage reported,Yes,13500.0,18,,0,0,Old
GMC,Savana 2500 Work Van,2017,,E85 Flex Fuel,342.0HP 6.0L 8 Cylinder Engine Flex Fuel Capability,6-Speed A/T,Silver,Silver,None reported,Yes,38000.0,9,,0,0,Moderate
Mercedes-Benz,E-Class E 350 4MATIC,2010,,Gasoline,268.0HP 3.5L V6 Cylinder Engine Gasoline Fuel,7-Speed A/T,Gray,Black,None reported,Yes,13600.0,16,,1,0,Old
Lexus,GX 460 Premium,2020,,Gasoline,301.0HP 4.6L 8 Cylinder Engine Gasoline Fuel,6-Speed A/T,White,Black,None reported,Yes,45900.0,6,,1,0,Moderate
Nissan,Titan XD SV,2017,,Gasoline,390.0HP 5.6L 8 Cylinder Engine Gasoline Fuel,7-Speed A/T,Silver,Black,None reported,Yes,23800.0,9,,0,0,Moderate
Chrysler,300 Touring,2020,,Gasoline,292.0HP 3.6L V6 Cylinder Engine Gasoline Fuel,8-Speed A/T,White,White,None reported,Yes,28250.0,6,,0,0,Moderate
Dodge,Charger R/T,2006,,Gasoline,350.0HP 5.7L 8 Cylinder Engine Gasoline Fuel,5-Speed A/T,Yellow,–,None reported,Yes,9200.0,20,,0,0,Old
Nissan,Pathfinder SL,2020,,Gasoline,284.0HP 3.5L V6 Cylinder Engine Gasoline Fuel,CVT Transmission,Black,Black,None reported,Yes,28999.0,6,,0,0,Moderate
Rivian,R1S Launch Edition,2023,,,835.0HP Electric Motor Electric Fuel System,1-Speed A/T,Green,White,None reported,Yes,93500.0,3,,0,0,New
Ford,Explorer Platinum,2018,,Gasoline,3.5L V6 24V GDI DOHC Twin Turbo,6-Speed Automatic,Gray,Ebony Black,At least 1 accident or damage reported,Yes,30510.0,8,,0,0,Moderate
Nissan,Titan SV,2021,,Gasoline,400.0HP 5.6L 8 Cylinder Engine Gasoline Fuel,9-Speed A/T,Black,Black,None reported,Yes,38000.0,5,,0,0,New
Jaguar,E-PACE S,2019,,Gasoline,246.0HP 2.0L 4 Cylinder Engine Gasoline Fuel,A/T,Black,Black,None reported,Yes,29000.0,7,,0,0,Moderate
Ford,F-150 FX4,2014,,Gasoline,411.0HP 6.2L 8 Cylinder Engine Gasoline Fuel,Transmission w/Dual Shift Mode,Black,Black,None reported,Yes,26900.0,12,,0,0,Old
GMC,Acadia Denali,2021,,Gasoline,3.6L V6 24V GDI DOHC,9-Speed Automatic,Ebony Twilight Metallic,Jet Black,None reported,Yes,43999.0,5,,0,0,New
Chevrolet,Camaro 1LT,2011,,Gasoline,312.0HP 3.6L V6 Cylinder Engine Gasoline Fuel,A/T,Blue,Black,None reported,Yes,10900.0,15,,0,0,Old
GMC,Acadia SLT-2,2013,,Gasoline,288.0HP 3.6L V6 Cylinder Engine Gasoline Fuel,6-Speed A/T,White,Brown,None reported,Yes,14000.0,13,,0,0,Old
Chevrolet,Malibu Premier,2021,,Gasoline,250.0HP 2.0L 4 Cylinder Engine Gasoline Fuel,A/T,White,Black,None reported,Yes,28000.0,5,,0,0,New
Toyota,Sequoia SR5,2007,,Gasoline,273.0HP 4.7L 8 Cylinder Engine Gasoline Fuel,A/T,Black,Beige,None reported,Yes,12500.0,19,,0,0,Old
Lexus,IS 350 F Sport,2021,,Gasoline,311.0HP 3.5L V6 Cylinder Engine Gasoline Fuel,8-Speed A/T,Black,Red,None reported,Yes,44000.0,5,,1,0,New
Tesla,Model Y Performance,2022,,,455.0HP Electric Motor Electric Fuel System,A/T,White,White,None reported,Yes,51999.0,4,,0,0,New
Dodge,Challenger SRT8,2008,,Gasoline,425.0HP 6.1L 8 Cylinder Engine Gasoline Fuel,A/T,Silver,Black,None reported,Yes,10500.0,18,,0,0,Old
Chrysler,300 Touring,2005,,Gasoline,250.0HP 3.5L V6 Cylinder Engine Gasoline Fuel,A/T,Blue,Beige,None reported,Yes,3500.0,21,,0,0,Very Old
Cadillac,Escalade Sport Platinum,2021,,Gasoline,6.2L V8 16V GDI OHV,10-Speed Automatic,Black Raven,Jet Black,None reported,,89000.0,5,,0,0,New
Chrysler,Town & Country Touring,2009,,Gasoline,197.0HP 3.8L V6 Cylinder Engine Gasoline Fuel,A/T,Blue,Gray,None reported,Yes,7900.0,17,,0,0,Old
Mazda,CX-5 Touring,2016,,Gasoline,2.5L I4 16V GDI DOHC,6-Speed Automatic,Blue Reflex Mica,Black,None reported,Yes,14311.0,10,,0,0,Moderate
Acura,TL 3.2,2005,,Gasoline,270.0HP 3.2L V6 Cylinder Engine Gasoline Fuel,A/T,Black,Gray,None reported,Yes,4900.0,21,,0,0,Very Old
Tesla,Model Y Performance,2021,,,455.0HP Electric Motor Electric Fuel System,1-Speed A/T,White,Black,None reported,Yes,47500.0,5,,0,0,New
Volvo,XC40 T5 Momentum,2020,,Gasoline,2.0L I4 16V GDI DOHC Turbo,8-Speed Automatic,White,Charcoal,None reported,,26599.0,6,,0,0,Moderate
Chevrolet,Camaro 2SS,2016,,Gasoline,455.0HP 6.2L 8 Cylinder Engine Gasoline Fuel,8-Speed A/T,Blue,Black,None reported,Yes,32500.0,10,,0,0,Moderate
Acura,TLX Type S PMC Edition,2023,,Gasoline,355.0HP 3.0L V6 Cylinder Engine Gasoline Fuel,10-Speed A/T,Blue,White,None reported,Yes,65000.0,3,,0,0,New
Volkswagen,Eos 2.0T,2007,,Gasoline,200.0HP 2.0L 4 Cylinder Engine Gasoline Fuel,6-Speed A/T,Blue,White,None reported,Yes,10000.0,19,,0,0,Old
Dodge,Charger R/T Scat Pack,2018,,Gasoline,485.0HP 6.4L 8 Cylinder Engine Gasoline Fuel,Transmission w/Dual Shift Mode,Purple,Gray,None reported,Yes,44888.0,8,,0,0,Moderate
Chevrolet,Corvette Z06,2002,,Gasoline,405.0HP 5.7L 8 Cylinder Engine Gasoline Fuel,6-Speed M/T,Black,Black,None reported,Yes,33999.0,24,,0,0,Very Old
Mercedes-Benz,CLA-Class CLA 250,2014,,Gasoline,208.0HP 2.0L 4 Cylinder Engine Gasoline Fuel,7-Speed A/T,Gray,Black,None reported,Yes,13500.0,12,,1,0,Old
BMW,M5 Base,2015,,Gasoline,560.0HP 4.4L 8 Cylinder Engine Gasoline Fuel,7-Speed A/T,Gray,Black,None reported,Yes,65000.0,11,,1,0,Old
Jeep,Wrangler Unlimited Sport,2019,,Gasoline,285.0HP 3.6L V6 Cylinder Engine Gasoline Fuel,8-Speed A/T,Gray,Black,None reported,Yes,39799.0,7,,0,0,Moderate
Mitsubishi,Lancer Sportback ES,2011,,Gasoline,148.0HP 2.0L 4 Cylinder Engine Gasoline Fuel,5-Speed M/T,White,Black,None reported,Yes,5800.0,15,,0,0,Old
Porsche,Macan Base,2022,,Gasoline,261.0HP 2.0L 4 Cylinder Engine Gasoline Fuel,A/T,Black,Beige,None reported,Yes,60000.0,4,,0,0,New
Mercedes-Benz,CLK-Class CLK 350,2009,,Gasoline,268.0HP 3.5L V6 Cylinder Engine Gasoline Fuel,Transmission w/Dual Shift Mode,Silver,Black,None reported,Yes,16500.0,17,,1,0,Old
Dodge,Challenger SRT8,2011,,–,–,5-Speed A/T,White,White,At least 1 accident or damage reported,Yes,22500.0,15,,0,0,Old
Mazda,Mazda3 Grand Touring,2018,,Gasoline,2.5L I4 16V GDI DOHC,6-Speed Automatic,Snowflake White Pearl Metallic,Parchment,At least 1 accident or damage reported,,19212.0,8,,0,0,Moderate
Audi,A3 2.0T Premium,2017,,Gasoline,186.0HP 2.0L 4 Cylinder Engine Gasoline Fuel,7-Speed A/T,White,Gray,None reported,Yes,10995.0,9,,1,0,Moderate
BMW,528 i,2015,,Gasoline,240.0HP 2.0L 4 Cylinder Engine Gasoline Fuel,8-Speed A/T,Gray,–,At least 1 accident or damage reported,Yes,15000.0,11,,1,0,Old
Land,Rover Range Rover 3.0L V6 Supercharged HSE,2019,,Gasoline,380.0HP 3.0L V6 Cylinder Engine Gasoline Fuel,Transmission w/Dual Shift Mode,Black,Black,None reported,Yes,62425.0,7,,0,0,Moderate
Audi,S5 3.0T Prestige,2018,,Gasoline,354.0HP 3.0L V6 Cylinder Engine Gasoline Fuel,8-Speed A/T,Gray,Black,None reported,Yes,39000.0,8,,1,0,Moderate
Porsche,718 Boxster Base,2017,,Gasoline,300.0HP 2.0L 4 Cylinder Engine Gasoline Fuel,A/T,Gray,Black,None reported,Yes,45500.0,9,,0,0,Moderate
Chevrolet,Corvette Stingray w/2LT,2020,,Gasoline,490.0HP 6.2L 8 Cylinder Engine Gasoline Fuel,8-Speed A/T,Blue,Black,None reported,Yes,76000.0,6,,0,0,Moderate
Maserati,Quattroporte S,2012,,Gasoline,425.0HP 4.7L 8 Cylinder Engine Gasoline Fuel,6-Speed A/T,White,Black,None reported,Yes,26497.0,14,,0,0,Old
Subaru,Impreza 2.0i,2018,,Gasoline,152.0HP 2.0L 4 Cylinder Engine Gasoline Fuel,CVT Transmission,Silver,Black,At least 1 accident or damage reported,Yes,16000.0,8,,0,0,Moderate
Mazda,Mazda6 i Touring,2016,,Gasoline,184.0HP 2.5L 4 Cylinder Engine Gasoline Fuel,Transmission w/Dual Shift Mode,Silver,Black,None reported,Yes,15000.0,10,,0,0,Moderate
Porsche,Macan S,2016,,Gasoline,340.0HP 3.0L V6 Cylinder Engine Gasoline Fuel,7-Speed A/T,Blue,Red,None reported,Yes,36000.0,10,,0,0,Moderate
Porsche,Panamera 4,2011,,Gasoline,300.0HP 3.6L V6 Cylinder Engine Gasoline Fuel,A/T,Gray,Beige,,,21500.0,15,,0,0,Old
Genesis,G70 3.3T Advanced,2019,,Gasoline,365.0HP 3.3L V6 Cylinder Engine Gasoline Fuel,8-Speed A/T,Black,Black,None reported,Yes,29999.0,7,,0,0,Moderate
Jeep,Wrangler Sport,2021,,Gasoline,"2L I-4 gasoline direct injection, DOHC, intercooled turbo, engin",Automatic,Granite Crystal Metallic Clearcoat,Black,At least 1 accident or damage reported,,33400.0,5,,0,0,New
Audi,Q5 2.0T Premium Plus,2018,,Gasoline,252.0HP 2.0L 4 Cylinder Engine Gasoline Fuel,Transmission w/Dual Shift Mode,White,Beige,None reported,Yes,28500.0,8,,1,0,Moderate
BMW,335 i xDrive,2012,,Gasoline,300.0HP 3.0L Straight 6 Cylinder Engine Gasoline Fuel,6-Speed M/T,Black,Black,None reported,Yes,17500.0,14,,1,0,Old
Dodge,Durango SRT 392,2022,,Gasoline,475.0HP 6.4L 8 Cylinder Engine Gasoline Fuel,8-Speed A/T,Gray,Black,None reported,Yes,64683.0,4,,0,0,New
BMW,M3 Base,2016,,Gasoline,425.0HP 3.0L Straight 6 Cylinder Engine Gasoline Fuel,6-Speed M/T,Orange,Orange,None reported,Yes,50500.0,10,,1,0,Moderate
Ford,Fiesta ST,2019,,Gasoline,197.0HP 1.6L 4 Cylinder Engine Gasoline Fuel,6-Speed M/T,Gray,Black,At least 1 accident or damage reported,Yes,18300.0,7,,0,0,Moderate
Lincoln,MKS Base,2015,,Gasoline,305.0HP 3.7L V6 Cylinder Engine Gasoline Fuel,6-Speed A/T,White,Black,At least 1 accident or damage reported,Yes,9500.0,11,,0,0,Old
Chevrolet,Tahoe Premier,2020,,Gasoline,355.0HP 5.3L 8 Cylinder Engine Gasoline Fuel,6-Speed A/T,Black,Black,None reported,Yes,46000.0,6,,0,0,Moderate
Ford,F-250 Platinum,2022,,Gasoline,430.0HP 7.3L 8 Cylinder Engine Gasoline Fuel,10-Speed A/T,Blue,Black,At least 1 accident or damage reported,Yes,72900.0,4,,0,0,New
Mercedes-Benz,SLK-Class SLK280 Roadster,2007,,Gasoline,228.0HP 3.0L V6 Cylinder Engine Gasoline Fuel,A/T,Silver,Black,None reported,Yes,11500.0,19,,1,0,Old
Porsche,Macan,2021,,Gasoline,2.0 Liter,Automatic,White,Beige,None reported,,51698.0,5,,0,0,New
BMW,X5 PHEV xDrive45e,2023,,Plug-In Hybrid,389.0HP 3.0L Straight 6 Cylinder Engine Plug-In Electric/Gas,8-Speed A/T,Blue,Brown,None reported,Yes,67900.0,3,,1,0,New
Mercedes-Benz,E-Class E500,2005,,Gasoline,302.0HP 5.0L 8 Cylinder Engine Gasoline Fuel,A/T,Gold,Gold,At least 1 accident or damage reported,Yes,5800.0,21,,1,0,Very Old
Acura,TL 3.7,2012,,Gasoline,305.0HP 3.7L V6 Cylinder Engine Gasoline Fuel,A/T,Black,Black,At least 1 accident or damage reported,Yes,15051.0,14,,0,0,Old
Hyundai,Equus Signature,2011,,Gasoline,378.0HP 4.6L 8 Cylinder Engine Gasoline Fuel,6-Speed A/T,Gray,Brown,None reported,Yes,9950.0,15,,0,0,Old
Mercedes-Benz,SL-Class SL500 Roadster,2003,,Gasoline,302.0HP 5.0L 8 Cylinder Engine Gasoline Fuel,A/T,Gold,Beige,None reported,Yes,22000.0,23,,1,0,Very Old
Toyota,Land Cruiser Base,2000,,Gasoline,230.0HP 4.7L 8 Cylinder Engine Gasoline Fuel,A/T,Black,Beige,None reported,Yes,15900.0,26,,0,0,Very Old
RAM,2500 Big Horn,2018,,Gasoline,6.4L V8 16V MPFI OHV,6-Speed Automatic,Granite Crystal Clearcoat Metallic,Diesel Gray / Black,None reported,Yes,41688.0,8,,0,0,Moderate
Chevrolet,Silverado 2500 WT,2018,,E85 Flex Fuel,6.0L V8 16V MPFI OHV Flexible Fuel,6-Speed Automatic,Summit White,Dark Ash,,,28499.0,8,,0,0,Moderate
Porsche,Macan S,2022,,Gasoline,375.0HP 2.9L V6 Cylinder Engine Gasoline Fuel,7-Speed A/T,White,Beige,None reported,Yes,68500.0,4,,0,0,New
Jeep,Grand Cherokee L Limited,2022,,Gasoline,3.6L V6 24V MPFI DOHC,8-Speed Automatic,Velvet Red Pearlcoat,Global Black,None reported,,41599.0,4,,0,0,New
Mercedes-Benz,E-Class E 350,2014,,Gasoline,302.0HP 3.5L V6 Cylinder Engine Gasoline Fuel,7-Speed A/T,Red,Beige,None reported,Yes,29998.0,12,,1,0,Old
Dodge,Magnum Base,2006,,Gasoline,250.0HP 3.5L V6 Cylinder Engine Gasoline Fuel,A/T,Silver,Gray,None reported,Yes,4000.0,20,,0,0,Old
Porsche,Macan Turbo,2021,,Gasoline,2.9 Liter Turbo,Automatic,Black,–,None reported,,79998.0,5,,0,0,New
Mercedes-Benz,E-Class E 550,2014,,Gasoline,402.0HP 4.7L 8 Cylinder Engine Gasoline Fuel,A/T,Black,Black,None reported,Yes,23500.0,12,,1,0,Old
Porsche,Macan S,2020,,Gasoline,3.0 Liter Turbo,Automatic,White,Red,None reported,,58598.0,6,,0,0,Moderate
Cadillac,XT5 Luxury,2017,,Gasoline,3.6L V6 24V GDI DOHC,8-Speed Automatic,Stellar Black Metallic,Shara Beige,None reported,,24590.0,9,,0,0,Moderate
Toyota,Tundra Platinum,2023,,Gasoline,389.0HP 3.4L V6 Cylinder Engine Gasoline Fuel,A/T,Silver,Black,None reported,Yes,68500.0,3,,0,0,New
Nissan,Versa 1.6 SL,2015,,Gasoline,109.0HP 1.6L 4 Cylinder Engine Gasoline Fuel,CVT Transmission,White,Black,At least 1 accident or damage reported,Yes,8250.0,11,,0,0,Old
Buick,Enclave Avenir,2019,,Gasoline,3.6L V6 24V GDI DOHC,9-Speed Automatic,Dark Slate Metallic,Ebony / Ebony Accents,None reported,Yes,26772.0,7,,0,0,Moderate
BMW,328 i,2013,,Gasoline,230.0HP 3.0L Straight 6 Cylinder Engine Gasoline Fuel,A/T,White,Beige,None reported,Yes,11900.0,13,,1,0,Old
Acura,ILX Premium Package,2018,,Gasoline,201.0HP 2.4L 4 Cylinder Engine Gasoline Fuel,A/T,Black,Black,None reported,Yes,20999.0,8,,0,0,Moderate
Lexus,GX 460 Base,2015,,Gasoline,301.0HP 4.6L 8 Cylinder Engine Gasoline Fuel,6-Speed A/T,Black,Black,None reported,Yes,28000.0,11,,1,0,Old
Toyota,Land Cruiser Base,2010,,Gasoline,381.0HP 5.7L 8 Cylinder Engine Gasoline Fuel,6-Speed A/T,Black,Beige,At least 1 accident or damage reported,Yes,22500.0,16,,0,0,Old
Chevrolet,Corvette Base,2008,,Gasoline,430.0HP 6.2L 8 Cylinder Engine Gasoline Fuel,6-Speed A/T,Red,Red,None reported,Yes,35900.0,18,,0,0,Old
Mazda,Mazda6 i Touring,2015,,Gasoline,184.0HP 2.5L 4 Cylinder Engine Gasoline Fuel,6-Speed M/T,White,Beige,At least 1 accident or damage reported,Yes,12900.0,11,,0,0,Old
Jaguar,F-TYPE R,2015,,Gasoline,550.0HP 5.0L 8 Cylinder Engine Gasoline Fuel,8-Speed A/T,Blue,Red,None reported,Yes,52500.0,11,,0,0,Old
Audi,A3 2.0T Premium,2018,,Gasoline,220.0HP 2.0L 4 Cylinder Engine Gasoline Fuel,6-Speed A/T,Gray,Silver,At least 1 accident or damage reported,Yes,25500.0,8,,1,0,Moderate
Chevrolet,Camaro 2SS,2022,,Gasoline,455.0HP 6.2L 8 Cylinder Engine Gasoline Fuel,10-Speed A/T,Black,Black,None reported,Yes,54900.0,4,,0,0,New
Jeep,Wrangler Unlimited Sport S,2018,,Gasoline,285.0HP 3.6L V6 Cylinder Engine Gasoline Fuel,A/T,Black,Black,None reported,Yes,38500.0,8,,0,0,Moderate
Honda,Civic Sport,2021,,Gasoline,1.5L I4 16V GDI DOHC Turbo,Automatic CVT,Black,Black,None reported,Yes,25698.0,5,,0,0,New
Porsche,Cayman Base,2011,,Gasoline,265.0HP 2.9L Flat 6 Cylinder Engine Gasoline Fuel,6-Speed M/T,White,Beige,None reported,Yes,30000.0,15,,0,0,Old
Ford,Mustang GT,2008,,Gasoline,300.0HP 4.6L 8 Cylinder Engine Gasoline Fuel,5-Speed M/T,Black,Red,At least 1 accident or damage reported,Yes,16000.0,18,,0,0,Old
Toyota,FJ Cruiser Base,2007,,Gasoline,239.0HP 4.0L V6 Cylinder Engine Gasoline Fuel,6-Speed M/T,Blue,Black,None reported,Yes,24900.0,19,,0,0,Old
Land,Rover Discovery SE,2004,,Gasoline,217.0HP 4.6L 8 Cylinder Engine Gasoline Fuel,A/T,Green,Beige,None reported,Yes,15500.0,22,,0,0,Very Old
Porsche,718 Boxster S,2018,,Gasoline,350.0HP 2.5L 4 Cylinder Engine Gasoline Fuel,A/T,Blue,Black,At least 1 accident or damage reported,Yes,55000.0,8,,0,0,Moderate
Chevrolet,Corvette Base,2004,,Gasoline,350.0HP 5.7L 8 Cylinder Engine Gasoline Fuel,A/T,Blue,Beige,None reported,Yes,25500.0,22,,0,0,Very Old
Toyota,Avalon Limited,2006,,Gasoline,268.0HP 3.5L V6 Cylinder Engine Gasoline Fuel,5-Speed A/T,Green,Beige,None reported,Yes,9499.0,20,,0,0,Old
INFINITI,QX80 Base,2015,,Gasoline,5.6L V8 32V GDI DOHC,7-Speed Automatic,Black Obsidian,Black,None reported,Yes,20470.0,11,,0,0,Old
Cadillac,DeVille Base,1994,,–,–,A/T,Green,Beige,At least 1 accident or damage reported,Yes,2990.0,32,,0,0,Very Old
Chevrolet,Camaro 2SS,2015,,Gasoline,426.0HP 6.2L 8 Cylinder Engine Gasoline Fuel,Transmission w/Dual Shift Mode,Black,Beige,None reported,Yes,33000.0,11,,0,0,Old
Jeep,Liberty Renegade,2004,,Gasoline,210.0HP 3.7L V6 Cylinder Engine Gasoline Fuel,4-Speed A/T,Beige,Beige,At least 1 accident or damage reported,Yes,6500.0,22,,0,0,Very Old
Toyota,4Runner Trail,2011,,Gasoline,270.0HP 4.0L V6 Cylinder Engine Gasoline Fuel,Transmission w/Dual Shift Mode,Black,Beige,None reported,Yes,23500.0,15,,0,0,Old
BMW,328 i xDrive,2010,,Gasoline,230.0HP 3.0L Straight 6 Cylinder Engine Gasoline Fuel,Transmission w/Dual Shift Mode,Silver,Black,At least 1 accident or damage reported,Yes,8500.0,16,,1,0,Old
Ford,Excursion Limited Ultimate,2002,,Diesel,250.0HP 7.3L 8 Cylinder Engine Diesel Fuel,4-Speed A/T,Gold,Gold,None reported,Yes,15000.0,24,,0,0,Very Old
Lexus,IS 300 Base,2018,,Gasoline,260.0HP 3.5L V6 Cylinder Engine Gasoline Fuel,A/T,White,Gray,At least 1 accident or damage reported,Yes,28000.0,8,,1,0,Moderate
Cadillac,CTS Performance,2010,,Gasoline,270.0HP 3.0L V6 Cylinder Engine Gasoline Fuel,6-Speed A/T,Black,Black,None reported,Yes,12900.0,16,,0,0,Old
Lexus,LC 500 Base,2018,,Gasoline,471.0HP 5.0L 8 Cylinder Engine Gasoline Fuel,10-Speed A/T,Black,Black,None reported,Yes,68495.0,8,,1,0,Moderate
BMW,540 i xDrive,2019,,Gasoline,335.0HP 3.0L Straight 6 Cylinder Engine Gasoline Fuel,Transmission w/Dual Shift Mode,Blue,Black,At least 1 accident or damage reported,Yes,42000.0,7,,1,0,Moderate
Chevrolet,Corvette Base,1998,,Gasoline,340.0HP 5.7L 8 Cylinder Engine Gasoline Fuel,A/T,Black,Black,None reported,Yes,9900.0,28,,0,0,Very Old
Hummer,H2 Base,2006,,Gasoline,325.0HP 6.0L 8 Cylinder Engine Gasoline Fuel,A/T,Orange,Black,At least 1 accident or damage reported,Yes,16900.0,20,,0,0,Old
Volvo,XC90 3.2,2008,,Gasoline,235.0HP 3.2L Straight 6 Cylinder Engine Gasoline Fuel,A/T,Black,Beige,None reported,Yes,6499.0,18,,0,0,Old
Jeep,Wrangler Unlimited Sahara,2009,,Gasoline,202.0HP 3.8L V6 Cylinder Engine Gasoline Fuel,A/T,Black,Black,At least 1 accident or damage reported,Yes,9100.0,17,,0,0,Old
Land,Rover Discovery HSE LUXURY,2017,,Gasoline,340.0HP 3.0L V6 Cylinder Engine Gasoline Fuel,Transmission w/Dual Shift Mode,Gray,Gray,None reported,Yes,33500.0,9,,0,0,Moderate
BMW,340 i,2017,,Gasoline,320.0HP 3.0L Straight 6 Cylinder Engine Gasoline Fuel,8-Speed A/T,Silver,Black,None reported,Yes,26500.0,9,,1,0,Moderate
Ford,F-250 Lariat,2018,,Diesel,450.0HP 6.7L 8 Cylinder Engine Diesel Fuel,6-Speed A/T,Silver,Black,At least 1 accident or damage reported,Yes,55000.0,8,,0,0,Moderate
BMW,M3 Competition,2022,,Gasoline,503.0HP 3.0L Straight 6 Cylinder Engine Gasoline Fuel,8-Speed A/T,Gray,Orange,None reported,Yes,80000.0,4,,1,0,New
Lexus,LC 500 Base,2022,,Gasoline,471.0HP 5.0L 8 Cylinder Engine Gasoline Fuel,A/T,White,Black,None reported,Yes,89000.0,4,,1,0,New
Honda,CR-V Touring,2019,,Gasoline,1.5L I4 16V GDI DOHC Turbo,Automatic CVT,White,Gray,None reported,,28324.0,7,,0,0,Moderate
Porsche,Panamera S,2012,,Gasoline,400.0HP 4.8L 8 Cylinder Engine Gasoline Fuel,7-Speed A/T,White,Black,,,41500.0,14,,0,0,Old
BMW,750 i,2009,,Gasoline,400.0HP 4.4L 8 Cylinder Engine Gasoline Fuel,A/T,White,Brown,None reported,Yes,15000.0,17,,1,0,Old
Audi,A7 3.0T Premium,2019,,Hybrid,335.0HP 3.0L V6 Cylinder Engine Gasoline/Mild Electric Hybrid,Transmission w/Dual Shift Mode,Black,Black,At least 1 accident or damage reported,Yes,41500.0,7,,1,0,Moderate
Chrysler,200 Limited,2015,,E85 Flex Fuel,184.0HP 2.4L 4 Cylinder Engine Flex Fuel Capability,A/T,Black,Black,,,12468.0,11,,0,0,Old
Ford,F-150 XL,2021,,Gasoline,2.7L V6 24V PDI DOHC Twin Turbo,10-Speed Automatic,Agate Black Metallic,Black,None reported,Yes,33172.0,5,,0,0,New
Dodge,Grand Caravan R/T,2013,,E85 Flex Fuel,283.0HP 3.6L V6 Cylinder Engine Flex Fuel Capability,6-Speed A/T,Red,Black,None reported,Yes,35000.0,13,,0,0,Old
Ford,Focus SE,2018,,E85 Flex Fuel,160.0HP 2.0L 4 Cylinder Engine Flex Fuel Capability,A/T,Gray,Black,At least 1 accident or damage reported,Yes,12000.0,8,,0,0,Moderate
RAM,2500 Big Horn,2016,,Diesel,6.7L I6 24V DDI OHV Turbo Diesel,6-Speed Automatic,Bright White Clearcoat,Diesel Gray / Black,None reported,Yes,43640.0,10,,0,0,Moderate
Lotus,Elise Base,2005,,Gasoline,190.0HP 1.8L 4 Cylinder Engine Gasoline Fuel,M/T,Red,Black,,,44000.0,21,,0,0,Very Old
Chevrolet,Corvette Base,2007,,Gasoline,400.0HP 6.0L 8 Cylinder Engine Gasoline Fuel,6-Speed A/T,Red,Red,None reported,Yes,27500.0,19,,0,0,Old
Audi,allroad 2.0T Prestige,2013,,Gasoline,211.0HP 2.0L 4 Cylinder Engine Gasoline Fuel,8-Speed A/T,Silver,Black,None reported,Yes,17900.0,13,,1,0,Old
Chevrolet,Express 2500 Work Van,2017,,Gasoline,285.0HP 4.8L 8 Cylinder Engine Gasoline Fuel,A/T,Silver,–,None reported,Yes,41400.0,9,,0,0,Moderate
Chevrolet,Traverse High Country,2020,,Gasoline,3.6L V6 24V GDI DOHC,9-Speed Automatic,Stone Gray Metallic,Jet Black,None reported,Yes,39244.0,6,,0,0,Moderate
Jeep,Wrangler S,1994,,–,–,5-Speed M/T,Blue,Gray,None reported,Yes,15000.0,32,,0,0,Very Old
Acura,ILX Technology Plus Package,2016,,Gasoline,201.0HP 2.4L 4 Cylinder Engine Gasoline Fuel,A/T,Black,Black,At least 1 accident or damage reported,Yes,21000.0,10,,0,0,Moderate
Chevrolet,Camaro 1LT,2019,,Gasoline,3.6L V6 GDI DOHC,8-Speed Automatic,Summit White,Jet Black,None reported,,27599.0,7,,0,0,Moderate
Lexus,ES 350 Base,2015,,Gasoline,3.5 Liter,Automatic,Matador Red Mica,Parchment,None reported,,21998.0,11,,1,0,Old
Ford,F-150 XLT,2021,,Gasoline,2.7L V6 24V PDI DOHC Twin Turbo,10-Speed Automatic,Black,–,None reported,Yes,43430.0,5,,0,0,New
Tesla,Model Y Long Range,2022,,,Dual Motor - Standard,Automatic,Silver,Black,None reported,,47998.0,4,,0,0,New
Chevrolet,Corvette Z06,2006,,Gasoline,505.0HP 7.0L 8 Cylinder Engine Gasoline Fuel,6-Speed M/T,Silver,Black,None reported,Yes,47500.0,20,,0,0,Old
Cadillac,CTS 3.6L Premium Luxury,2019,,Gasoline,335.0HP 3.6L V6 Cylinder Engine Gasoline Fuel,Transmission w/Dual Shift Mode,Silver,Black,At least 1 accident or damage reported,Yes,22500.0,7,,0,0,Moderate
BMW,M3 Base,2009,,Gasoline,420.0HP 4.0L 8 Cylinder Engine Gasoline Fuel,7-Speed A/T,Silver,Gray,At least 1 accident or damage reported,Yes,28750.0,17,,1,0,Old
Mazda,Mazda3 FWD w/Preferred Package,2019,,Gasoline,186.0HP 2.5L 4 Cylinder Engine Gasoline Fuel,6-Speed A/T,Red,Beige,None reported,Yes,19900.0,7,,0,0,Moderate
Ford,Maverick XLT,2022,,Hybrid,191.0HP 2.5L 4 Cylinder Engine Gas/Electric Hybrid,CVT Transmission,Gray,Gray,None reported,Yes,34000.0,4,,0,0,New
Toyota,Highlander Hybrid Limited,2018,,Hybrid,306.0HP 3.5L V6 Cylinder Engine Gas/Electric Hybrid,CVT Transmission,Brown,Beige,None reported,Yes,35707.0,8,,0,0,Moderate
BMW,X6 xDrive40i,2021,,Hybrid,3.0 Liter Turbo,SCHEDULED FOR OR IN PRODUCTION,Black Sapphire Metallic,Black,At least 1 accident or damage reported,,53998.0,5,,1,0,New
Lincoln,Town Car Signature,2003,,Gasoline,239.0HP 4.6L 8 Cylinder Engine Gasoline Fuel,4-Speed A/T,Gray,Beige,None reported,Yes,5000.0,23,,0,0,Very Old
Mercedes-Benz,SL-Class SL550 Roadster,2007,,Gasoline,382.0HP 5.5L 8 Cylinder Engine Gasoline Fuel,A/T,Black,Black,None reported,Yes,8000.0,19,,1,0,Old
Ford,Mustang GT,1998,,Gasoline,225.0HP 4.6L 8 Cylinder Engine Gasoline Fuel,A/T,Silver,Black,None reported,Yes,12500.0,28,,0,0,Very Old
Chevrolet,Suburban 1500 LT,2015,,Gasoline,355.0HP 5.3L 8 Cylinder Engine Gasoline Fuel,6-Speed A/T,Silver,Black,None reported,Yes,18000.0,11,,0,0,Old
Ford,Fusion SE,2016,,Gasoline,231.0HP 2.0L 4 Cylinder Engine Gasoline Fuel,6-Speed A/T,Silver,Brown,None reported,Yes,11000.0,10,,0,0,Moderate
Audi,S4 3.0T Premium Plus,2014,,Gasoline,333.0HP 3.0L V6 Cylinder Engine Gasoline Fuel,6-Speed M/T,Gray,Black,At least 1 accident or damage reported,Yes,23000.0,12,,1,0,Old
Chevrolet,Suburban Premier,2017,,Gasoline,355.0HP 5.3L 8 Cylinder Engine Gasoline Fuel,6-Speed A/T,White,Black,None reported,Yes,34900.0,9,,0,0,Moderate
Ford,Bronco Big Bend,2022,,Gasoline,275.0HP 2.3L 4 Cylinder Engine Gasoline Fuel,A/T,Gray,–,None reported,Yes,44000.0,4,,0,0,New
Ford,F-250 XL,2016,,E85 Flex Fuel,385.0HP 6.2L 8 Cylinder Engine Flex Fuel Capability,6-Speed A/T,White,Gray,None reported,Yes,22000.0,10,,0,0,Moderate
Dodge,Challenger SRT Hellcat,2015,,Gasoline,707.0HP 6.2L 8 Cylinder Engine Gasoline Fuel,A/T,Green,Black,None reported,Yes,64990.0,11,,0,0,Old
Toyota,Tacoma TRD Sport,2019,,Gasoline,3.5 Liter,Automatic,Barcelona Red,Black,None reported,,39598.0,7,,0,0,Moderate
Audi,Q5 S line Premium Plus,2023,,Hybrid,2.0 Liter TFSI,Automatic,Mythos Black Metallic,Rock Gray,None reported,,47798.0,3,,1,0,New
Jeep,Wrangler Sport,2018,,Gasoline,2.0L I4 16V GDI DOHC Turbo,8-Speed Automatic,Black Clearcoat,Black,None reported,,28999.0,8,,0,0,Moderate
Genesis,G80 3.8,2017,,Gasoline,311.0HP 3.8L V6 Cylinder Engine Gasoline Fuel,8-Speed A/T,Brown,Beige,None reported,Yes,29500.0,9,,0,0,Moderate
Mercedes-Benz,SL-Class SL63 AMG Roadster,2009,,Gasoline,518.0HP 6.3L 8 Cylinder Engine Gasoline Fuel,A/T,Black,Black,None reported,Yes,44850.0,17,,1,0,Old
Lexus,LX 570 Three-Row,2020,,Gasoline,383.0HP 5.7L 8 Cylinder Engine Gasoline Fuel,A/T,Silver,Beige,None reported,Yes,73000.0,6,,1,0,Moderate
Kia,Stinger GT2,2018,,Gasoline,365.0HP 3.3L V6 Cylinder Engine Gasoline Fuel,8-Speed A/T,Red,Black,None reported,Yes,32500.0,8,,0,0,Moderate
Chevrolet,Trailblazer SS,2008,,Gasoline,390.0HP 6.0L 8 Cylinder Engine Gasoline Fuel,A/T,White,Black,None reported,Yes,47900.0,18,,0,0,Old
Chevrolet,Silverado 2500 WT,2021,,Gasoline,6.6L V8 16V GDI OHV,Automatic,Silver Ice Metallic,Jet Black,None reported,Yes,41885.0,5,,0,0,New
Chevrolet,Suburban LTZ,2016,,Gasoline,5.3L V8 16V GDI OHV,6-Speed Automatic,Tungsten Metallic,Cocoa / Dune,,,29748.0,10,,0,0,Moderate
Mercedes-Benz,E-Class E 350,2014,,Gasoline,302.0HP 3.5L V6 Cylinder Engine Gasoline Fuel,7-Speed A/T,Silver,Black,At least 1 accident or damage reported,Yes,17900.0,12,,1,0,Old
BMW,M3 Base,2012,,Gasoline,414.0HP 4.0L 8 Cylinder Engine Gasoline Fuel,7-Speed A/T,Silver,Red,,,51900.0,14,,1,0,Old
Volkswagen,Golf R Base,2022,,Gasoline,315.0HP 2.0L 4 Cylinder Engine Gasoline Fuel,7-Speed A/T,White,Blue,None reported,Yes,48000.0,4,,0,0,New
Ford,Explorer Limited,2017,,Gasoline,290.0HP 3.5L V6 Cylinder Engine Gasoline Fuel,6-Speed A/T,Gray,Black,None reported,Yes,15499.0,9,,0,0,Moderate
Honda,Odyssey LX,2011,,Gasoline,248.0HP 3.5L V6 Cylinder Engine Gasoline Fuel,A/T,Purple,–,None reported,Yes,8900.0,15,,0,0,Old
Dodge,Ram 2500 SLT Mega Cab,2007,,Diesel,350.0HP 6.7L Straight 6 Cylinder Engine Diesel Fuel,A/T,Red,Gray,None reported,Yes,19998.0,19,,0,0,Old
Honda,Civic Sport,2020,,Gasoline,2.0L I4 16V MPFI DOHC,Automatic CVT,Red,Black,,,25980.0,6,,0,0,Moderate
Honda,Civic LX,2016,,Gasoline,158.0HP 2.0L 4 Cylinder Engine Gasoline Fuel,A/T,Blue,Black,None reported,Yes,13000.0,10,,0,0,Moderate
Ford,F-250 XLT,2019,,E85 Flex Fuel,385.0HP 6.2L 8 Cylinder Engine Flex Fuel Capability,6-Speed A/T,White,Gray,None reported,Yes,46500.0,7,,0,0,Moderate
Nissan,Pathfinder SV,2019,,Gasoline,3.5 Liter,Automatic,Gray,Black,None reported,,18998.0,7,,0,0,Moderate
Land,Rover Range Rover HSE SWB,2020,,Hybrid,395.0HP 3.0L Straight 6 Cylinder Engine Gasoline/Mild Electric Hybrid,A/T,Black,Black,None reported,Yes,63995.0,6,,0,0,Moderate
BMW,M3 Base,2002,,Gasoline,333.0HP 3.2L Straight 6 Cylinder Engine Gasoline Fuel,6-Speed M/T,Silver,Black,At least 1 accident or damage reported,Yes,21500.0,24,,1,0,Very Old
Hummer,H2 Base,2003,,Gasoline,316.0HP 6.0L 8 Cylinder Engine Gasoline Fuel,A/T,White,Brown,At least 1 accident or damage reported,Yes,15000.0,23,,0,0,Very Old
Mazda,RX-8 R3,2009,,Gasoline,232.0HP 1.3L Rotary engine Gasoline Fuel,6-Speed M/T,Red,Black,None reported,Yes,14000.0,17,,0,0,Old
Lexus,LX 570 Three-Row,2021,,Gasoline,383.0HP 5.7L 8 Cylinder Engine Gasoline Fuel,A/T,Green,Brown,None reported,Yes,87000.0,5,,1,0,New
Chevrolet,Suburban Z71,2022,,Gasoline,5.3L V8 16V GDI OHV,Automatic,Summit White,Jet Black,None reported,Yes,64288.0,4,,0,0,New
Chevrolet,Corvette Base,2007,,Gasoline,400.0HP 6.0L 8 Cylinder Engine Gasoline Fuel,Transmission w/Dual Shift Mode,Red,Gray,None reported,Yes,32000.0,19,,0,0,Old
Ford,Mustang GT Premium,2019,,Gasoline,460.0HP 5.0L 8 Cylinder Engine Gasoline Fuel,10-Speed A/T,Red,Gray,None reported,Yes,40000.0,7,,0,0,Moderate
Chevrolet,Equinox Premier w/2LZ,2020,,Gasoline,2.0L I4 16V GDI DOHC Turbo,9-Speed Automatic,Iridescent Pearl Tricoat,Jet Black,At least 1 accident or damage reported,,25800.0,6,,0,0,Moderate
Chevrolet,Camaro Z28,1999,,Gasoline,305.0HP 5.7L 8 Cylinder Engine Gasoline Fuel,A/T,White,White,None reported,Yes,15000.0,27,,0,0,Very Old
Land,Rover Discovery HSE,2018,,Gasoline,340.0HP 3.0L V6 Cylinder Engine Gasoline Fuel,8-Speed A/T,Gray,Black,None reported,Yes,33000.0,8,,0,0,Moderate
Jeep,Wrangler SE,2000,,Gasoline,120.0HP 2.5L 4 Cylinder Engine Gasoline Fuel,5-Speed M/T,Black,Black,None reported,Yes,11999.0,26,,0,0,Very Old
Toyota,Highlander XLE,2015,,Gasoline,270.0HP 3.5L V6 Cylinder Engine Gasoline Fuel,A/T,Silver,Gray,At least 1 accident or damage reported,Yes,26000.0,11,,0,0,Old
Chevrolet,Corvette Grand Sport,2011,,Gasoline,430.0HP 6.2L 8 Cylinder Engine Gasoline Fuel,6-Speed A/T,Red,Black,None reported,Yes,45000.0,15,,0,0,Old
Chevrolet,Corvette Stingray,2018,,Gasoline,455.0HP 6.2L 8 Cylinder Engine Gasoline Fuel,8-Speed A/T,White,Red,None reported,Yes,54490.0,8,,0,0,Moderate
Mercedes-Benz,SLK-Class SLK230 Kompressor,2001,,Gasoline,190.0HP 2.3L 4 Cylinder Engine Gasoline Fuel,A/T,Silver,Black,None reported,Yes,9000.0,25,,1,0,Very Old
Nissan,Juke NISMO RS,2016,,Gasoline,215.0HP 1.6L 4 Cylinder Engine Gasoline Fuel,6-Speed M/T,Black,Black,At least 1 accident or damage reported,Yes,21500.0,10,,0,0,Moderate
Porsche,911 Carrera C2S,2005,,Gasoline,355.0HP 3.8L Flat 6 Cylinder Engine Gasoline Fuel,6-Speed M/T,Silver,Black,None reported,Yes,44800.0,21,,0,0,Very Old
Chevrolet,Colorado LT,2019,,Gasoline,3.6L V6 24V GDI DOHC,Automatic,Red,Jet Black,At least 1 accident or damage reported,Yes,24899.0,7,,0,0,Moderate
Porsche,Macan S,2019,,Gasoline,348.0HP 3.0L V6 Cylinder Engine Gasoline Fuel,7-Speed A/T,Blue,Blue,At least 1 accident or damage reported,Yes,48990.0,7,,0,0,Moderate
Mercedes-Benz,GLE 350 Base 4MATIC,2022,,Gasoline,255.0HP 2.0L 4 Cylinder Engine Gasoline Fuel,9-Speed A/T,White,Beige,None reported,Yes,82150.0,4,,1,0,New
Toyota,Land Cruiser Base,2017,,Gasoline,381.0HP 5.7L 8 Cylinder Engine Gasoline Fuel,A/T,Black,Brown,At least 1 accident or damage reported,Yes,65000.0,9,,0,0,Moderate
BMW,X6 xDrive40i,2021,,Hybrid,3.0 Liter Turbo,Automatic,Mineral White,Black,None reported,,61998.0,5,,1,0,New
Rivian,R1S Adventure Package,2023,,,835.0HP Electric Motor Electric Fuel System,A/T,Black,Black,None reported,Yes,92500.0,3,,0,0,New
Toyota,Highlander Platinum,2020,,Gasoline,295.0HP 3.5L V6 Cylinder Engine Gasoline Fuel,8-Speed A/T,Blue,Black,None reported,Yes,38700.0,6,,0,0,Moderate
Mercedes-Benz,SL-Class SL 63 AMG,2011,,Gasoline,518.0HP 6.3L 8 Cylinder Engine Gasoline Fuel,7-Speed A/T,White,Black,At least 1 accident or damage reported,Yes,41000.0,15,,1,0,Old
Ford,Thunderbird Deluxe,2002,,Gasoline,252.0HP 3.9L 8 Cylinder Engine Gasoline Fuel,A/T,Yellow,Black,None reported,Yes,18500.0,24,,0,0,Very Old
RAM,2500 Big Horn,2014,,Gasoline,410.0HP 6.4L 8 Cylinder Engine Gasoline Fuel,6-Speed A/T,Silver,–,None reported,Yes,30000.0,12,,0,0,Old
Ford,F-350 XLT,2013,,E85 Flex Fuel,316.0HP 6.2L 8 Cylinder Engine Flex Fuel Capability,A/T,Black,Gray,At least 1 accident or damage reported,Yes,35000.0,13,,0,0,Old
Toyota,RAV4 Prime XSE,2022,,Plug-In Hybrid,302.0HP 2.5L 4 Cylinder Engine Plug-In Electric/Gas,A/T,Gray,Black,None reported,Yes,49000.0,4,,0,0,New
Jeep,Grand Cherokee Limited,2018,,Gasoline,3.6L V6 24V MPFI DOHC,8-Speed Automatic,Granite Crystal Clearcoat Metallic,Black,None reported,,26816.0,8,,0,0,Moderate
Ford,Focus SE,2009,,Gasoline,132.0HP 2.0L 4 Cylinder Engine Gasoline Fuel,A/T,White,Black,None reported,Yes,9500.0,17,,0,0,Old
Chevrolet,Corvette Stingray w/2LT,2023,,Gasoline,490.0HP 6.2L 8 Cylinder Engine Gasoline Fuel,8-Speed A/T,White,Red,None reported,Yes,88900.0,3,,0,0,New
Ford,F-150 XLT SuperCab,1999,,Gasoline,220.0HP 4.6L 8 Cylinder Engine Gasoline Fuel,A/T,White,Gray,None reported,Yes,9500.0,27,,0,0,Very Old
Porsche,Macan Base,2018,,Gasoline,252.0HP 2.0L 4 Cylinder Engine Gasoline Fuel,Transmission w/Dual Shift Mode,Blue,Beige,None reported,Yes,28000.0,8,,0,0,Moderate
Acura,ZDX Base,2012,,Gasoline,300.0HP 3.7L V6 Cylinder Engine Gasoline Fuel,6-Speed A/T,White,Gray,None reported,Yes,19000.0,14,,0,0,Old
Chevrolet,Suburban Premier,2017,,Gasoline,5.3L V8 16V GDI OHV,6-Speed Automatic,Siren Red Tintcoat,Jet Black,At least 1 accident or damage reported,Yes,29999.0,9,,0,0,Moderate
Chevrolet,Traverse Premier,2018,,Gasoline,3.6L V6 24V GDI DOHC,9-Speed Automatic,Silver Ice Metallic,Jet Black,None reported,Yes,30989.0,8,,0,0,Moderate
Mercedes-Benz,E-Class E 400,2018,,Gasoline,329.0HP 3.0L V6 Cylinder Engine Gasoline Fuel,A/T,White,Beige,None reported,Yes,38880.0,8,,1,0,Moderate
BMW,M3 Base,2012,,Gasoline,414.0HP 4.0L 8 Cylinder Engine Gasoline Fuel,7-Speed A/T,Black,Red,At least 1 accident or damage reported,Yes,31000.0,14,,1,0,Old
Ford,F-250 XLT,2019,,Diesel,450.0HP 6.7L 8 Cylinder Engine Diesel Fuel,6-Speed A/T,Blue,–,None reported,Yes,54500.0,7,,0,0,Moderate
Toyota,Highlander SE,2019,,Gasoline,295.0HP 3.5L V6 Cylinder Engine Gasoline Fuel,A/T,Red,Beige,At least 1 accident or damage reported,Yes,30000.0,7,,0,0,Moderate
Saturn,Sky Red Line,2009,,Gasoline,260.0HP 2.0L 4 Cylinder Engine Gasoline Fuel,5-Speed M/T,Blue,Black,At least 1 accident or damage reported,Yes,9500.0,17,,0,0,Old
Lexus,LS 460 Base,2012,,Gasoline,380.0HP 4.6L 8 Cylinder Engine Gasoline Fuel,A/T,White,Beige,None reported,Yes,20500.0,14,,1,0,Old
Honda,CR-V LX,2004,,Gasoline,160.0HP 2.4L 4 Cylinder Engine Gasoline Fuel,M/T,Gray,Gray,None reported,Yes,3750.0,22,,0,0,Very Old
Ford,Mustang GT Premium,2010,,Gasoline,315.0HP 4.6L 8 Cylinder Engine Gasoline Fuel,5-Speed M/T,White,Red,At least 1 accident or damage reported,Yes,20000.0,16,,0,0,Old
Ford,F-250 Limited,2018,,Diesel,450.0HP 6.7L 8 Cylinder Engine Diesel Fuel,A/T,Red,Beige,None reported,Yes,64000.0,8,,0,0,Moderate
Porsche,Boxster Black Edition,2016,,Gasoline,265.0HP 2.7L Flat 6 Cylinder Engine Gasoline Fuel,Transmission w/Dual Shift Mode,Black,Black,At least 1 accident or damage reported,Yes,49999.0,10,,0,0,Moderate
Chevrolet,Corvette Base,1998,,Gasoline,340.0HP 5.7L 8 Cylinder Engine Gasoline Fuel,A/T,Red,Beige,None reported,Yes,11500.0,28,,0,0,Very Old
Ford,Explorer XLT,2013,,Gasoline,290.0HP 3.5L V6 Cylinder Engine Gasoline Fuel,6-Speed A/T,White,Gray,At least 1 accident or damage reported,Yes,16000.0,13,,0,0,Old
BMW,Z4 3.0si,2008,,Gasoline,255.0HP 3.0L Straight 6 Cylinder Engine Gasoline Fuel,6-Speed M/T,Gray,Black,None reported,Yes,18200.0,18,,1,0,Old
Lexus,RX 350 F Sport,2016,,Gasoline,295.0HP 3.5L V6 Cylinder Engine Gasoline Fuel,8-Speed A/T,Gray,Red,At least 1 accident or damage reported,Yes,26000.0,10,,1,0,Moderate
Hyundai,Accent SEL,2022,,Gasoline,120.0HP 1.6L 4 Cylinder Engine Gasoline Fuel,A/T,Blue,Black,None reported,Yes,19500.0,4,,0,0,New
Ford,Expedition Max XLT,2020,,Gasoline,375.0HP 3.5L V6 Cylinder Engine Gasoline Fuel,A/T,Purple,Black,None reported,Yes,38500.0,6,,0,0,Moderate
BMW,328 i xDrive,2016,,Gasoline,240.0HP 2.0L 4 Cylinder Engine Gasoline Fuel,Transmission w/Dual Shift Mode,Silver,Black,None reported,Yes,19500.0,10,,1,0,Moderate
Ford,Fusion SE,2014,,Gasoline,175.0HP 2.5L 4 Cylinder Engine Gasoline Fuel,A/T,Blue,Beige,None reported,Yes,10000.0,12,,0,0,Old
Ford,F-150 XLT,2020,,Gasoline,375.0HP 3.5L V6 Cylinder Engine Gasoline Fuel,10-Speed A/T,Gray,Black,None reported,Yes,39500.0,6,,0,0,Moderate
Ford,F-150 Platinum,2021,,Gasoline,5.0L 8 Cylinder,10-Speed Automatic,Blue,Black,None reported,Yes,62890.0,5,,0,0,New
Dodge,Ram 1500 SLT Mega Cab,2006,,Gasoline,345.0HP 5.7L 8 Cylinder Engine Gasoline Fuel,5-Speed A/T,Gray,Gray,At least 1 accident or damage reported,Yes,11000.0,20,,0,0,Old
Honda,Civic EX,2013,,Gasoline,140.0HP 1.8L 4 Cylinder Engine Gasoline Fuel,A/T,Silver,Black,None reported,Yes,14000.0,13,,0,0,Old
Land,Rover Range Rover Velar P250 S R-Dynamic,2020,,Gasoline,247.0HP 2.0L 4 Cylinder Engine Gasoline Fuel,A/T,Silver,Beige,None reported,Yes,44000.0,6,,0,0,Moderate
Toyota,Tacoma Base,2011,,Gasoline,159.0HP 2.7L 4 Cylinder Engine Gasoline Fuel,5-Speed M/T,Gray,Gray,None reported,Yes,20000.0,15,,0,0,Old
Ford,F-250 XLT,2019,,E85 Flex Fuel,385.0HP 6.2L 8 Cylinder Engine Flex Fuel Capability,A/T,Black,Gray,At least 1 accident or damage reported,Yes,45998.0,7,,0,0,Moderate
Mercedes-Benz,Sprinter 2500 Standard Roof,2022,,Gasoline,188.0HP 2.0L 4 Cylinder Engine Gasoline Fuel,A/T,White,Black,None reported,Yes,64000.0,4,,1,0,New
RAM,2500 Big Horn,2019,,Diesel,370.0HP 6.7L Straight 6 Cylinder Engine Diesel Fuel,A/T,White,Gray,At least 1 accident or damage reported,Yes,45000.0,7,,0,0,Moderate
BMW,328 i xDrive,2011,,Gasoline,230.0HP 3.0L Straight 6 Cylinder Engine Gasoline Fuel,6-Speed A/T,Black,Beige,At least 1 accident or damage reported,Yes,6000.0,15,,1,0,Old
Ford,Explorer XLT,2017,,E85 Flex Fuel,290.0HP 3.5L V6 Cylinder Engine Flex Fuel Capability,6-Speed A/T,Red,Gray,At least 1 accident or damage reported,Yes,25000.0,9,,0,0,Moderate
Chevrolet,Suburban LTZ,2016,,E85 Flex Fuel,355.0HP 5.3L 8 Cylinder Engine Flex Fuel Capability,A/T,Brown,Brown,None reported,Yes,30999.0,10,,0,0,Moderate
Mazda,MX-5 Miata Sport,2006,,Gasoline,170.0HP 2.0L 4 Cylinder Engine Gasoline Fuel,6-Speed M/T,Black,Black,At least 1 accident or damage reported,Yes,4999.0,20,,0,0,Old
INFINITI,G35 Base,2003,,Gasoline,280.0HP 3.5L V6 Cylinder Engine Gasoline Fuel,6-Speed M/T,Red,Beige,None reported,Yes,9500.0,23,,0,0,Very Old
Chevrolet,Express 2500 Work Van,2012,,E85 Flex Fuel,324.0HP 6.0L 8 Cylinder Engine Flex Fuel Capability,A/T,White,Gray,None reported,Yes,11800.0,14,,0,0,Old
Ford,Explorer Eddie Bauer,2010,,Gasoline,210.0HP 4.0L V6 Cylinder Engine Gasoline Fuel,5-Speed A/T,Black,Beige,None reported,Yes,9999.0,16,,0,0,Old
Chevrolet,Suburban RST,2022,,Diesel,277.0HP 3.0L Straight 6 Cylinder Engine Diesel Fuel,10-Speed A/T,Gray,Black,None reported,Yes,69000.0,4,,0,0,New
Mercedes-Benz,GL-Class GL 550 4MATIC,2015,,Gasoline,429.0HP 4.7L 8 Cylinder Engine Gasoline Fuel,7-Speed A/T,Blue,Black,None reported,Yes,24500.0,11,,1,0,Old
Ford,Focus SE,2012,,Gasoline,160.0HP 2.0L 4 Cylinder Engine Gasoline Fuel,6-Speed A/T,Blue,Gray,None reported,Yes,6500.0,14,,0,0,Old
Subaru,Crosstrek Premium,2022,,Gasoline,152.0HP 2.0L 4 Cylinder Engine Gasoline Fuel,CVT Transmission,White,Black,None reported,Yes,28000.0,4,,0,0,New
Hyundai,Genesis Coupe 3.8 Track,2011,,Gasoline,306.0HP 3.8L V6 Cylinder Engine Gasoline Fuel,Transmission w/Dual Shift Mode,Red,Black,At least 1 accident or damage reported,Yes,12000.0,15,,0,0,Old
Chrysler,Town & Country LX,2009,,Gasoline,170.0HP 3.3L V6 Cylinder Engine Gasoline Fuel,A/T,Silver,Gray,At least 1 accident or damage reported,Yes,7858.0,17,,0,0,Old
Porsche,Panamera Turbo,2018,,Gasoline,550.0HP 4.0L 8 Cylinder Engine Gasoline Fuel,8-Speed A/T,Silver,Red,None reported,Yes,89750.0,8,,0,0,Moderate
Honda,Pilot EX-L,2016,,Gasoline,280.0HP 3.5L V6 Cylinder Engine Gasoline Fuel,6-Speed A/T,White,Beige,At least 1 accident or damage reported,Yes,19900.0,10,,0,0,Moderate
Mercedes-Benz,GLC 300 GLC 300,2022,,Gasoline,2.0 Liter Turbo,Automatic,Black,Black,None reported,,40998.0,4,,1,0,New
Audi,A8 L 55,2019,,Hybrid,335.0HP 3.0L V6 Cylinder Engine Gasoline/Mild Electric Hybrid,8-Speed A/T,Black,Black,None reported,Yes,49500.0,7,,1,0,Moderate
Ford,Edge SE,2020,,Gasoline,250.0HP 2.0L 4 Cylinder Engine Gasoline Fuel,8-Speed A/T,White,Beige,None reported,Yes,18900.0,6,,0,0,Moderate
Dodge,Durango GT,2022,,Gasoline,3.6L V6 24V MPFI DOHC,8-Speed Automatic,Octane Red Pearlcoat,Black,At least 1 accident or damage reported,,36599.0,4,,0,0,New
BMW,328 i,2015,,Gasoline,240.0HP 2.0L 4 Cylinder Engine Gasoline Fuel,A/T,Black,Beige,None reported,Yes,13349.0,11,,1,0,Old
Alfa,Romeo Stelvio Ti,2023,,Gasoline,2.0L I4 16V GDI SOHC Turbo,8-Speed Automatic,Alfa White,Black,None reported,,43900.0,3,,0,0,New
Mercedes-Benz,GL-Class GL 450 4MATIC,2007,,Gasoline,335.0HP 4.7L 8 Cylinder Engine Gasoline Fuel,7-Speed A/T,Silver,Beige,None reported,Yes,10199.0,19,,1,0,Old
Ford,Ranger XLT SuperCab,2002,,Gasoline,207.0HP 4.0L V6 Cylinder Engine Gasoline Fuel,5-Speed A/T,Gold,Beige,At least 1 accident or damage reported,Yes,6450.0,24,,0,0,Very Old
BMW,M3 CS,2018,,Gasoline,453.0HP 3.0L Straight 6 Cylinder Engine Gasoline Fuel,Transmission w/Dual Shift Mode,White,Black,None reported,Yes,70000.0,8,,1,0,Moderate
Volkswagen,Golf GTI 2.0T Autobahn,2022,,Gasoline,241.0HP 2.0L 4 Cylinder Engine Gasoline Fuel,A/T,Green,Black,None reported,Yes,41500.0,4,,0,0,New
Toyota,4Runner SR5 Premium,2021,,Gasoline,270.0HP 4.0L V6 Cylinder Engine Gasoline Fuel,A/T,Black,–,None reported,Yes,36990.0,5,,0,0,New
GMC,Yukon SLT,2014,,E85 Flex Fuel,320.0HP 5.3L 8 Cylinder Engine Flex Fuel Capability,A/T,Black,Black,At least 1 accident or damage reported,Yes,13500.0,12,,0,0,Old
Cadillac,ATS 2.0L Turbo Luxury,2016,,Gasoline,272.0HP 2.0L 4 Cylinder Engine Gasoline Fuel,8-Speed A/T,Red,Beige,None reported,Yes,16500.0,10,,0,0,Moderate
Nissan,Xterra S,2012,,Gasoline,261.0HP 4.0L V6 Cylinder Engine Gasoline Fuel,A/T,Black,Gray,None reported,Yes,14800.0,14,,0,0,Old
Ford,Bronco Badlands,2021,,Gasoline,315.0HP 2.7L V6 Cylinder Engine Gasoline Fuel,10-Speed A/T,Gray,Black,None reported,Yes,51000.0,5,,0,0,New
BMW,328 i,2011,,Gasoline,230.0HP 3.0L Straight 6 Cylinder Engine Gasoline Fuel,6-Speed A/T,White,Beige,None reported,Yes,18000.0,15,,1,0,Old
Toyota,4Runner Limited,2021,,Gasoline,"4L V-6 DOHC, VVT-i variable valve control, engine with 270HP",Automatic,Midnight Black Metallic,–,None reported,,43837.0,5,,0,0,New
Toyota,Tundra SR5 Double Cab,2005,,Gasoline,282.0HP 4.7L 8 Cylinder Engine Gasoline Fuel,A/T,Silver,Beige,At least 1 accident or damage reported,Yes,11200.0,21,,0,0,Very Old
Ford,F-250 Lariat,2023,,Diesel,475.0HP 6.7L 8 Cylinder Engine Diesel Fuel,10-Speed A/T,Red,Black,None reported,Yes,92000.0,3,,0,0,New
Land,Rover Range Rover Velar P380 S,2018,,Gasoline,380.0HP 3.0L V6 Cylinder Engine Gasoline Fuel,A/T,Red,Beige,None reported,Yes,40000.0,8,,0,0,Moderate
Ford,F-250 XLT Crew Cab Super Duty,2008,,Diesel,350.0HP 6.4L 8 Cylinder Engine Diesel Fuel,A/T,White,Beige,None reported,Yes,15900.0,18,,0,0,Old
Porsche,Macan S,2018,,Gasoline,340.0HP 3.0L V6 Cylinder Engine Gasoline Fuel,7-Speed A/T,Black,Black,None reported,Yes,39750.0,8,,0,0,Moderate
Mercedes-Benz,C-Class C 63 AMG,2014,,Gasoline,451.0HP 6.2L 8 Cylinder Engine Gasoline Fuel,7-Speed A/T,Gray,Black,None reported,Yes,45000.0,12,,1,0,Old
Nissan,Pathfinder S,2014,,Gasoline,260.0HP 3.5L V6 Cylinder Engine Gasoline Fuel,A/T,White,Brown,None reported,Yes,8500.0,12,,0,0,Old
Jeep,Gladiator Overland,2020,,Gasoline,3.6L V6 24V MPFI DOHC,8-Speed Automatic,Firecracker Red Clearcoat,Black,,,42850.0,6,,0,0,Moderate
Ford,F-250 XLT,2019,,Diesel,450.0HP 6.7L 8 Cylinder Engine Diesel Fuel,6-Speed A/T,Black,Gray,None reported,Yes,59000.0,7,,0,0,Moderate
Ford,Fusion SE,2016,,Gasoline,175.0HP 2.5L 4 Cylinder Engine Gasoline Fuel,A/T,Black,Black,None reported,Yes,12500.0,10,,0,0,Moderate
Honda,Accord Sport,2013,,Gasoline,185.0HP 2.4L 4 Cylinder Engine Gasoline Fuel,CVT Transmission,Black,Black,None reported,Yes,6000.0,13,,0,0,Old
BMW,330 i xDrive,2018,,Gasoline,248.0HP 2.0L 4 Cylinder Engine Gasoline Fuel,8-Speed A/T,Black,Beige,None reported,Yes,17000.0,8,,1,0,Moderate
Acura,MDX Sport,2007,,Gasoline,300.0HP 3.7L V6 Cylinder Engine Gasoline Fuel,5-Speed A/T,White,Beige,At least 1 accident or damage reported,Yes,7700.0,19,,0,0,Old
Chevrolet,Suburban Premier,2021,,Gasoline,5.3L V8 16V GDI OHV,10-Speed Automatic,Shadow Gray Metallic,Jet Black,None reported,Yes,59980.0,5,,0,0,New
Chevrolet,Suburban High Country,2021,,Gasoline,6.2L V8 16V GDI OHV,10-Speed Automatic,Satin Steel Metallic,Jet Black,None reported,Yes,68995.0,5,,0,0,New
Cadillac,CTS-V Base,2006,,Gasoline,400.0HP 6.0L 8 Cylinder Engine Gasoline Fuel,6-Speed M/T,Black,Black,None reported,Yes,15000.0,20,,0,0,Old
Kia,Niro EV EX,2022,,,201.0HP Electric Motor Electric Fuel System,1-Speed A/T,Silver,Black,None reported,Yes,29998.0,4,,0,0,New
BMW,X3 xDrive30i,2021,,Gasoline,2.0L I4 16V GDI DOHC Turbo,8-Speed Automatic,Phytonic Blue Metallic,Canberra Beige,None reported,,37400.0,5,,1,0,New
Porsche,Taycan Base,2021,,,321.0HP Electric Motor Electric Fuel System,2-Speed A/T,Black,Beige,At least 1 accident or damage reported,Yes,83499.0,5,,0,0,New
Honda,S2000 CR,2008,,Gasoline,237.0HP 2.2L 4 Cylinder Engine Gasoline Fuel,M/T,Yellow,Black,None reported,Yes,62000.0,18,,0,0,Old
Lexus,HS 250h Premium,2010,,Hybrid,147.0HP 2.4L 4 Cylinder Engine Gas/Electric Hybrid,A/T,Red,Black,At least 1 accident or damage reported,Yes,9500.0,16,,1,0,Old
Lincoln,Navigator Base,2013,,E85 Flex Fuel,310.0HP 5.4L 8 Cylinder Engine Flex Fuel Capability,6-Speed A/T,Red,Black,None reported,Yes,21500.0,13,,0,0,Old
Ford,F-150 XLT,2020,,Gasoline,375.0HP 3.5L V6 Cylinder Engine Gasoline Fuel,10-Speed A/T,Gray,Gray,At least 1 accident or damage reported,Yes,37500.0,6,,0,0,Moderate
Kia,K5 GT-Line,2021,,Gasoline,1.6L I4 16V GDI DOHC Turbo,8-Speed Automatic,Wolf Gray,Black,None reported,,19980.0,5,,0,0,New
Tesla,Model S Performance,2012,,,416.0HP Electric Motor Electric Fuel System,A/T,Green,Black,None reported,Yes,29000.0,14,,0,0,Old
BMW,Z4 sDrive28i,2014,,Gasoline,240.0HP 2.0L 4 Cylinder Engine Gasoline Fuel,8-Speed A/T,Blue,Beige,None reported,Yes,34500.0,12,,1,0,Old
BMW,528 i xDrive,2015,,Gasoline,240.0HP 2.0L 4 Cylinder Engine Gasoline Fuel,A/T,Black,Black,At least 1 accident or damage reported,Yes,12950.0,11,,1,0,Old
Ford,Expedition Limited,2013,,E85 Flex Fuel,310.0HP 5.4L 8 Cylinder Engine Flex Fuel Capability,A/T,Gray,Black,None reported,Yes,16490.0,13,,0,0,Old
Buick,Enclave Leather,2015,,Gasoline,288.0HP 3.6L V6 Cylinder Engine Gasoline Fuel,A/T,White,Brown,None reported,Yes,16000.0,11,,0,0,Old
Mercedes-Benz,SL-Class SL600 Roadster,2005,,Gasoline,493.0HP 5.5L 12 Cylinder Engine Gasoline Fuel,A/T,Black,Black,None reported,Yes,22500.0,21,,1,0,Very Old
MINI,Cooper S Base,2012,,Gasoline,181.0HP 1.6L 4 Cylinder Engine Gasoline Fuel,6-Speed A/T,Black,Black,None reported,Yes,8500.0,14,,0,0,Old
Porsche,Cayenne Turbo,2017,,Gasoline,520.0HP 4.8L 8 Cylinder Engine Gasoline Fuel,Transmission w/Dual Shift Mode,White,Black,None reported,Yes,52999.0,9,,0,0,Moderate
Saturn,Vue Hybrid Base,2009,,Hybrid,172.0HP 2.4L 4 Cylinder Engine Gas/Electric Hybrid,A/T,Blue,Beige,None reported,Yes,4400.0,17,,0,0,Old
RAM,2500 Laramie,2018,,Diesel,350.0HP 6.7L Straight 6 Cylinder Engine Diesel Fuel,6-Speed A/T,Black,Black,None reported,Yes,56750.0,8,,0,0,Moderate
RAM,1500 Limited,2019,,Hybrid,395.0HP 5.7L 8 Cylinder Engine Gasoline/Mild Electric Hybrid,A/T,Silver,Black,None reported,Yes,44000.0,7,,0,0,Moderate
Chevrolet,Traverse RS,2023,,Gasoline,310.0HP 3.6L V6 Cylinder Engine Gasoline Fuel,9-Speed A/T,Gray,Black,None reported,Yes,48500.0,3,,0,0,New
Lexus,RX 350 F SPORT Appearance,2021,,Gasoline,3.5 Liter,Automatic,Obsidian,–,None reported,,49998.0,5,,1,0,New
Mazda,CX-50 2.5 Turbo Premium Package,2023,,Gasoline,227.0HP 2.5L 4 Cylinder Engine Gasoline Fuel,6-Speed A/T,Blue,Beige,None reported,Yes,36900.0,3,,0,0,New
Cadillac,SRX Luxury Collection,2012,,E85 Flex Fuel,308.0HP 3.6L V6 Cylinder Engine Flex Fuel Capability,A/T,White,Beige,None reported,Yes,11499.0,14,,0,0,Old
FIAT,500 Lounge,2013,,Gasoline,101.0HP 1.4L 4 Cylinder Engine Gasoline Fuel,A/T,White,Beige,None reported,Yes,9000.0,13,,0,0,Old
Mercedes-Benz,EQS 450+ Base,2022,,,329.0HP Electric Motor Electric Fuel System,A/T,Blue,White,None reported,Yes,69500.0,4,,1,0,New
MINI,Cooper S Clubman Base,2009,,Gasoline,172.0HP 1.6L 4 Cylinder Engine Gasoline Fuel,6-Speed M/T,Gray,Black,At least 1 accident or damage reported,Yes,6950.0,17,,0,0,Old
BMW,X6 M50i,2022,,Gasoline,523.0HP 4.4L 8 Cylinder Engine Gasoline Fuel,Transmission w/Dual Shift Mode,Black,–,At least 1 accident or damage reported,Yes,74999.0,4,,1,0,New
Lexus,LS 460 Base,2013,,Gasoline,386.0HP 4.6L 8 Cylinder Engine Gasoline Fuel,8-Speed A/T,Gray,Black,At least 1 accident or damage reported,Yes,24900.0,13,,1,0,Old
Genesis,GV80 2.5T,2023,,Gasoline,300.0HP 2.5L 4 Cylinder Engine Gasoline Fuel,Transmission w/Dual Shift Mode,Silver,Beige,None reported,Yes,57300.0,3,,0,0,New
MINI,Hardtop Cooper S,2016,,Gasoline,2.0L I4 16V GDI DOHC Turbo,6-Speed Automatic,Volcanic Orange,Carbon Black,None reported,,17999.0,10,,0,0,Moderate
Land,Rover Range Rover Velar R-Dynamic S,2023,,Gasoline,I4,Automatic,Firenze Red,Ebony,None reported,,57619.0,3,,0,0,New
BMW,530 i xDrive,2020,,Gasoline,2.0L I4 16V GDI DOHC Turbo,8-Speed Automatic,Dark Graphite Metallic,Black,None reported,,38900.0,6,,1,0,Moderate
Jeep,Grand Cherokee Laredo,2011,,Gasoline,360.0HP 5.7L 8 Cylinder Engine Gasoline Fuel,A/T,Gold,Black,At least 1 accident or damage reported,Yes,12500.0,15,,0,0,Old
Toyota,Tacoma SR5,2018,,Gasoline,278.0HP 3.5L V6 Cylinder Engine Gasoline Fuel,6-Speed A/T,Blue,Black,At least 1 accident or damage reported,Yes,26450.0,8,,0,0,Moderate
Porsche,911 Carrera Cabriolet,2001,,Gasoline,300.0HP 3.4L Flat 6 Cylinder Engine Gasoline Fuel,6-Speed M/T,Gray,Black,,,31995.0,25,,0,0,Very Old
Jeep,Gladiator Sport S,2020,,Gasoline,285.0HP 3.6L V6 Cylinder Engine Gasoline Fuel,8-Speed A/T,Gray,–,None reported,Yes,39500.0,6,,0,0,Moderate
Dodge,Challenger SRT Hellcat,2018,,Gasoline,707.0HP 6.2L 8 Cylinder Engine Gasoline Fuel,8-Speed A/T,Orange,Black,None reported,Yes,62999.0,8,,0,0,Moderate
Jeep,Renegade Trailhawk,2017,,Gasoline,180.0HP 2.4L 4 Cylinder Engine Gasoline Fuel,A/T,Black,Black,None reported,Yes,17500.0,9,,0,0,Moderate
Ford,F-150 Lariat,2021,,Hybrid,430.0HP 3.5L V6 Cylinder Engine Gas/Electric Hybrid,10-Speed A/T,Black,Gray,None reported,Yes,61500.0,5,,0,0,New
Jaguar,XF Premium,2011,,Gasoline,385.0HP 5.0L 8 Cylinder Engine Gasoline Fuel,6-Speed A/T,Brown,Beige,At least 1 accident or damage reported,Yes,9400.0,15,,0,0,Old
RAM,1500 Laramie,2022,,Gasoline,5.7L V8 16V MPFI OHV,Automatic,Diamond Black,Black,None reported,Yes,51074.0,4,,0,0,New
Volkswagen,Golf GTI 2.0T SE 4-Door,2016,,Gasoline,210.0HP 2.0L 4 Cylinder Engine Gasoline Fuel,6-Speed A/T,Gray,Black,None reported,Yes,16750.0,10,,0,0,Moderate
Porsche,Macan Turbo,2016,,Gasoline,400.0HP 3.6L V6 Cylinder Engine Gasoline Fuel,Transmission w/Dual Shift Mode,Gray,–,None reported,Yes,38000.0,10,,0,0,Moderate
BMW,X4 M Competition,2020,,Gasoline,503.0HP 3.0L Straight 6 Cylinder Engine Gasoline Fuel,A/T,Black,Orange,None reported,Yes,60000.0,6,,1,0,Moderate
Lexus,RX 350 Base,2013,,Gasoline,270.0HP 3.5L V6 Cylinder Engine Gasoline Fuel,6-Speed A/T,White,Black,At least 1 accident or damage reported,Yes,16500.0,13,,1,0,Old
GMC,Terrain SLT,2020,,Gasoline,170.0HP 1.5L 4 Cylinder Engine Gasoline Fuel,9-Speed A/T,Black,Black,At least 1 accident or damage reported,Yes,25500.0,6,,0,0,Moderate
Nissan,Maxima SV,2022,,Gasoline,3.5L V6 24V GDI DOHC,Automatic CVT,Brilliant Silver Metallic,Charcoal,None reported,,24980.0,4,,0,0,New
Volvo,S60 B5 Inscription,2022,,Hybrid,247.0HP 2.0L 4 Cylinder Engine Gasoline/Mild Electric Hybrid,A/T,Blue,Black,None reported,Yes,36500.0,4,,0,0,New
Subaru,Outback 2.5i Premium,2013,,Gasoline,173.0HP 2.5L 4 Cylinder Engine Gasoline Fuel,A/T,Blue,Beige,At least 1 accident or damage reported,Yes,12500.0,13,,0,0,Old
RAM,1500 Laramie,2022,,Gasoline,5.7L V8 16V MPFI OHV,8-Speed Automatic,Granite Crystal Clearcoat Metallic,Black,None reported,,46999.0,4,,0,0,New
Porsche,Boxster Base,1997,,Gasoline,201.0HP 2.5L Flat 6 Cylinder Engine Gasoline Fuel,5-Speed M/T,Red,Beige,,,8500.0,29,,0,0,Very Old
Ford,Explorer XLT,2020,,Gasoline,300.0HP 2.3L 4 Cylinder Engine Gasoline Fuel,10-Speed A/T,Silver,Black,None reported,Yes,33500.0,6,,0,0,Moderate
Ford,F-150 Lariat,2013,,Gasoline,365.0HP 3.5L V6 Cylinder Engine Gasoline Fuel,6-Speed A/T,White,Black,None reported,Yes,23000.0,13,,0,0,Old
Ford,Excursion XLS,2004,,Diesel,325.0HP 6.0L 8 Cylinder Engine Diesel Fuel,5-Speed A/T,Silver,Gray,At least 1 accident or damage reported,Yes,18000.0,22,,0,0,Very Old
Porsche,Panamera GTS,2016,,Gasoline,440.0HP 4.8L 8 Cylinder Engine Gasoline Fuel,7-Speed A/T,Blue,Black,None reported,Yes,66200.0,10,,0,0,Moderate
Mazda,Mazda3 i Touring,2012,,Gasoline,155.0HP 2.0L 4 Cylinder Engine Gasoline Fuel,Transmission w/Dual Shift Mode,Black,–,None reported,Yes,6000.0,14,,0,0,Old
GMC,Sierra 1500 SLT,2016,,Gasoline,355.0HP 5.3L 8 Cylinder Engine Gasoline Fuel,A/T,White,Black,None reported,Yes,32750.0,10,,0,0,Moderate
Mercedes-Benz,GL-Class GL 450,2011,,Gasoline,335.0HP 4.7L 8 Cylinder Engine Gasoline Fuel,A/T,Gray,Beige,At least 1 accident or damage reported,Yes,11900.0,15,,1,0,Old
RAM,1500 Big Horn,2022,,Gasoline,5.7L V8 16V MPFI OHV,Automatic,Bright White Clearcoat,Black,None reported,Yes,50204.0,4,,0,0,New
Lexus,NX 300 Base,2019,,Gasoline,235.0HP 2.0L 4 Cylinder Engine Gasoline Fuel,Transmission w/Dual Shift Mode,Silver,Red,None reported,Yes,32500.0,7,,1,0,Moderate
BMW,435 i xDrive,2014,,Gasoline,300.0HP 3.0L Straight 6 Cylinder Engine Gasoline Fuel,8-Speed A/T,Silver,Black,None reported,Yes,21800.0,12,,1,0,Old
GMC,Yukon SLE,2017,,Gasoline,355.0HP 5.3L 8 Cylinder Engine Gasoline Fuel,A/T,Gray,Black,None reported,Yes,34000.0,9,,0,0,Moderate
Honda,Pilot EX-L,2016,,Gasoline,280.0HP 3.5L V6 Cylinder Engine Gasoline Fuel,6-Speed A/T,Gray,Black,None reported,Yes,23000.0,10,,0,0,Moderate
Audi,A5 Sportback S line Premium Plus,2021,,Hybrid,261.0HP 2.0L 4 Cylinder Engine Gasoline/Mild Electric Hybrid,7-Speed A/T,Black,Black,None reported,Yes,37499.0,5,,1,0,New
Porsche,911 Carrera,1995,,–,–,6-Speed M/T,Silver,Gray,At least 1 accident or damage reported,Yes,97993.0,31,,0,0,Very Old
Honda,Civic Sport,2020,,Gasoline,1.5L I4 16V GDI DOHC Turbo,Automatic CVT,White,Sport,At least 1 accident or damage reported,Yes,18387.0,6,,0,0,Moderate
Porsche,Panamera Platinum Edition,2022,,Gasoline,325.0HP 2.9L V6 Cylinder Engine Gasoline Fuel,8-Speed A/T,Green,Black,None reported,Yes,86999.0,4,,0,0,New
BMW,740e xDrive iPerformance,2019,,Plug-In Hybrid,322.0HP 2.0L 4 Cylinder Engine Plug-In Electric/Gas,A/T,White,Black,None reported,Yes,43500.0,7,,1,0,Moderate
Ford,F-250 XLT,2017,,E85 Flex Fuel,385.0HP 6.2L 8 Cylinder Engine Flex Fuel Capability,A/T,White,Gray,None reported,Yes,31000.0,9,,0,0,Moderate
Lincoln,Corsair Standard,2022,,Gasoline,250.0HP 2.0L 4 Cylinder Engine Gasoline Fuel,8-Speed A/T,Beige,Beige,None reported,Yes,38500.0,4,,0,0,New
Hyundai,Sonata Sport,2017,,Gasoline,2.4L I4 16V GDI DOHC,6-Speed Automatic,Phantom Black,Graphite,None reported,,14599.0,9,,0,0,Moderate
Nissan,Maxima 3.5 SR,2019,,Gasoline,300.0HP 3.5L V6 Cylinder Engine Gasoline Fuel,CVT Transmission,White,Black,At least 1 accident or damage reported,Yes,26999.0,7,,0,0,Moderate
GMC,Yukon SLT,2015,,Gasoline,355.0HP 5.3L 8 Cylinder Engine Gasoline Fuel,A/T,White,Beige,At least 1 accident or damage reported,Yes,30000.0,11,,0,0,Old
Mercedes-Benz,GLS 550 Base 4MATIC,2017,,Gasoline,449.0HP 4.7L 8 Cylinder Engine Gasoline Fuel,9-Speed A/T,White,Beige,None reported,Yes,39999.0,9,,1,0,Moderate
Cadillac,CTS Base,2010,,Gasoline,270.0HP 3.0L V6 Cylinder Engine Gasoline Fuel,6-Speed A/T,Silver,Beige,At least 1 accident or damage reported,Yes,9499.0,16,,0,0,Old
Cadillac,CTS Base,2005,,Gasoline,255.0HP 3.6L V6 Cylinder Engine Gasoline Fuel,6-Speed M/T,White,Beige,None reported,Yes,6099.0,21,,0,0,Very Old
Ford,Explorer Limited,2022,,Hybrid,318.0HP 3.3L V6 Cylinder Engine Gas/Electric Hybrid,10-Speed A/T,White,Black,None reported,Yes,46000.0,4,,0,0,New
Acura,RDX,2016,,Gasoline,3.5 Liter,Automatic,Crystal Black,Black,None reported,,18998.0,10,,0,0,Moderate
Toyota,Highlander XLE,2022,,Gasoline,295.0HP 3.5L V6 Cylinder Engine Gasoline Fuel,Transmission w/Dual Shift Mode,Gray,Black,None reported,Yes,42000.0,4,,0,0,New
Volkswagen,Golf GTI 2.0T SE 4-Door,2018,,Gasoline,220.0HP 2.0L 4 Cylinder Engine Gasoline Fuel,Transmission w/Dual Shift Mode,White,Black,None reported,Yes,23000.0,8,,0,0,Moderate
Nissan,Pickup Truck XE,1994,,–,–,A/T,Red,Gray,None reported,Yes,5899.0,32,,0,0,Very Old
Toyota,Corolla CE,2008,,Gasoline,126.0HP 1.8L 4 Cylinder Engine Gasoline Fuel,A/T,Gray,Gray,None reported,Yes,5199.0,18,,0,0,Old
Honda,Element EX,2008,,Gasoline,166.0HP 2.4L 4 Cylinder Engine Gasoline Fuel,A/T,Blue,Gray,None reported,Yes,10500.0,18,,0,0,Old
Toyota,Camry Solara SE,2008,,Gasoline,210.0HP 3.3L V6 Cylinder Engine Gasoline Fuel,A/T,Silver,Gray,,,13900.0,18,,0,0,Old
Hyundai,Genesis 4.6,2010,,Gasoline,378.0HP 4.6L 8 Cylinder Engine Gasoline Fuel,Transmission w/Dual Shift Mode,White,Beige,None reported,Yes,10500.0,16,,0,0,Old
BMW,325 Ci,2004,,Gasoline,184.0HP 2.5L Straight 6 Cylinder Engine Gasoline Fuel,5-Speed A/T,Blue,Brown,None reported,Yes,5750.0,22,,1,0,Very Old
BMW,M3 Base,2002,,Gasoline,333.0HP 3.2L Straight 6 Cylinder Engine Gasoline Fuel,6-Speed M/T,Yellow,Black,None reported,Yes,28750.0,24,,1,0,Very Old
Land,Rover Range Rover Sport HSE Dynamic,2019,,Gasoline,380.0HP 3.0L V6 Cylinder Engine Gasoline Fuel,8-Speed A/T,White,Beige,None reported,Yes,43500.0,7,,0,0,Moderate
Chevrolet,Corvette ZR-1,2009,,Gasoline,638.0HP 6.2L 8 Cylinder Engine Gasoline Fuel,6-Speed M/T,Gray,Black,None reported,Yes,78000.0,17,,0,0,Old
Honda,Prelude Type SH,2001,,Gasoline,200.0HP 2.2L 4 Cylinder Engine Gasoline Fuel,5-Speed M/T,Red,Black,None reported,Yes,18000.0,25,,0,0,Very Old
Lexus,NX 300 Base,2021,,Gasoline,2.0L I4 16V PDI DOHC Turbo,6-Speed Automatic,Silver,Black,At least 1 accident or damage reported,,35999.0,5,,1,0,New
Volkswagen,Golf GTI 2.0T SE 4-Door,2019,,Gasoline,228.0HP 2.0L 4 Cylinder Engine Gasoline Fuel,6-Speed M/T,Black,Black,None reported,Yes,27500.0,7,,0,0,Moderate
Nissan,Armada LE,2009,,Gasoline,317.0HP 5.6L 8 Cylinder Engine Gasoline Fuel,A/T,Brown,Black,None reported,Yes,20000.0,17,,0,0,Old
Lexus,SC 300 Base,1998,,Gasoline,225.0HP 3.0L Straight 6 Cylinder Engine Gasoline Fuel,A/T,Purple,Beige,None reported,Yes,8700.0,28,,1,0,Very Old
Toyota,Camry Solara SLE,2008,,Gasoline,210.0HP 3.3L V6 Cylinder Engine Gasoline Fuel,5-Speed A/T,Blue,Beige,At least 1 accident or damage reported,Yes,11500.0,18,,0,0,Old
Porsche,Macan S,2020,,Gasoline,3.0L V6 24V GDI DOHC Turbo,7-Speed Automatic with Auto-Shift,Black,Black,None reported,,54900.0,6,,0,0,Moderate
Tesla,Model Y Performance,2023,,,455.0HP Electric Motor Electric Fuel System,A/T,Gray,White,None reported,Yes,53900.0,3,,0,0,New
GMC,Terrain SLT,2019,,Gasoline,2.0L I4 16V GDI DOHC Turbo,9-Speed Automatic,Red Quartz Tintcoat,Medium Ash Gray,At least 1 accident or damage reported,Yes,25925.0,7,,0,0,Moderate
Jeep,Compass Latitude,2014,,Gasoline,158.0HP 2.0L 4 Cylinder Engine Gasoline Fuel,A/T,Black,Black,None reported,Yes,10950.0,12,,0,0,Old
Audi,Q7 3.0T Prestige,2018,,Gasoline,333.0HP 3.0L V6 Cylinder Engine Gasoline Fuel,A/T,Black,Black,None reported,Yes,29900.0,8,,1,0,Moderate
Ford,F-250 Platinum,2022,,Gasoline,430.0HP 7.3L 8 Cylinder Engine Gasoline Fuel,10-Speed A/T,Black,Black,None reported,Yes,86500.0,4,,0,0,New
Jeep,Gladiator Overland,2020,,Gasoline,3.6L V6 24V MPFI DOHC,8-Speed Automatic,Firecracker Red Clearcoat,Black,None reported,Yes,42433.0,6,,0,0,Moderate
Lincoln,Navigator L Reserve,2019,,Gasoline,3.5L V6 24V PDI DOHC Twin Turbo,10-Speed Automatic,Tan,–,,,55460.0,7,,0,0,Moderate
Tesla,Model X P100D,2017,,,Electric Motor Electric Fuel System,1-Speed A/T,Silver,White,None reported,Yes,45999.0,9,,0,0,Moderate
Mercedes-Benz,CLS-Class CLS 400 4MATIC,2016,,Gasoline,329.0HP 3.0L V6 Cylinder Engine Gasoline Fuel,7-Speed A/T,Black,Black,At least 1 accident or damage reported,Yes,29950.0,10,,1,0,Moderate
Lexus,RX 350 Base,2021,,Gasoline,295.0HP 3.5L V6 Cylinder Engine Gasoline Fuel,8-Speed A/T,Beige,Beige,At least 1 accident or damage reported,Yes,48900.0,5,,1,0,New
RAM,1500 Laramie,2022,,Gasoline,5.7L V8 16V MPFI OHV,8-Speed Automatic,Bright White Clearcoat,Black,At least 1 accident or damage reported,,46999.0,4,,0,0,New
Mitsubishi,Outlander Sport ES,2015,,Gasoline,166.0HP 2.4L 4 Cylinder Engine Gasoline Fuel,CVT Transmission,Silver,Black,At least 1 accident or damage reported,Yes,10500.0,11,,0,0,Old
Hyundai,Sonata SE,2013,,Gasoline,200.0HP 2.4L 4 Cylinder Engine Gasoline Fuel,A/T,Red,Black,At least 1 accident or damage reported,Yes,12500.0,13,,0,0,Old
Ford,Mustang EcoBoost Premium,2017,,Gasoline,310.0HP 2.3L 4 Cylinder Engine Gasoline Fuel,A/T,Blue,Black,None reported,Yes,23600.0,9,,0,0,Moderate
BMW,X5 PHEV xDrive45e,2022,,Plug-In Hybrid,389.0HP 3.0L Straight 6 Cylinder Engine Plug-In Electric/Gas,Transmission w/Dual Shift Mode,White,Black,None reported,Yes,60500.0,4,,1,0,New
Hyundai,Sonata Hybrid Limited,2013,,Hybrid,199.0HP 2.4L 4 Cylinder Engine Gas/Electric Hybrid,6-Speed A/T,Black,Gray,At least 1 accident or damage reported,Yes,14999.0,13,,0,0,Old
Honda,Odyssey EX-L,2007,,Gasoline,244.0HP 3.5L V6 Cylinder Engine Gasoline Fuel,A/T,Black,Beige,None reported,Yes,7700.0,19,,0,0,Old
Chevrolet,Colorado LT Crew Cab,2009,,Gasoline,300.0HP 5.3L 8 Cylinder Engine Gasoline Fuel,A/T,Black,Black,None reported,Yes,14500.0,17,,0,0,Old
Buick,Enclave Premium,2016,,Gasoline,3.6L V6 24V GDI DOHC,6-Speed Automatic,Ebony Twilight Metallic,Ebony,None reported,Yes,18051.0,10,,0,0,Moderate
BMW,M235 i,2015,,Gasoline,320.0HP 3.0L Straight 6 Cylinder Engine Gasoline Fuel,6-Speed M/T,White,Red,None reported,Yes,27890.0,11,,1,0,Old
Kia,Telluride SX,2022,,Gasoline,3.8L V6 24V GDI DOHC,8-Speed Automatic,Glacial White Pearl,Black,None reported,,46120.0,4,,0,0,New
Chevrolet,Corvette Base,2007,,Gasoline,400.0HP 6.0L 8 Cylinder Engine Gasoline Fuel,6-Speed M/T,Yellow,Gray,None reported,Yes,38000.0,19,,0,0,Old
Mercedes-Benz,S-Class S 63 AMG,2015,,Gasoline,577.0HP 5.5L 8 Cylinder Engine Gasoline Fuel,7-Speed A/T,Black,White,None reported,Yes,45750.0,11,,1,0,Old
Toyota,Mirai Limited,2021,,not supported,182.0HP Electric Motor Hydrogen Fuel,A/T,Gray,Black,None reported,Yes,18500.0,5,,0,0,New
Alfa,Romeo Giulia Ti,2017,,Gasoline,280.0HP 2.0L 4 Cylinder Engine Gasoline Fuel,Transmission w/Dual Shift Mode,Blue,Black,,,23000.0,9,,0,0,Moderate
Land,Rover Range Rover Sport HSE,2019,,Gasoline,340.0HP 3.0L V6 Cylinder Engine Gasoline Fuel,A/T,Black,Beige,None reported,Yes,40500.0,7,,0,0,Moderate
Nissan,370Z Touring,2009,,Gasoline,332.0HP 3.7L V6 Cylinder Engine Gasoline Fuel,6-Speed M/T,Silver,Gray,At least 1 accident or damage reported,Yes,14999.0,17,,0,0,Old
BMW,330 i xDrive,2018,,Gasoline,248.0HP 2.0L 4 Cylinder Engine Gasoline Fuel,8-Speed A/T,White,Brown,At least 1 accident or damage reported,Yes,22995.0,8,,1,0,Moderate
Porsche,Macan,2023,,Gasoline,2.0L I4 16V GDI DOHC Turbo,7-Speed Automatic with Auto-Shift,Carrara White Metallic,Black,None reported,Yes,73300.0,3,,0,0,New
BMW,128 i,2013,,Gasoline,230.0HP 3.0L Straight 6 Cylinder Engine Gasoline Fuel,6-Speed A/T,Gray,Black,None reported,Yes,18000.0,13,,1,0,Old
Mercedes-Benz,AMG GLE 63 S Coupe 4MATIC,2018,,Gasoline,577.0HP 5.5L 8 Cylinder Engine Gasoline Fuel,7-Speed A/T,White,White,None reported,Yes,61000.0,8,,1,0,Moderate
Jeep,Wrangler Sport,2014,,Gasoline,285.0HP 3.6L V6 Cylinder Engine Gasoline Fuel,5-Speed A/T,Gray,Black,None reported,Yes,22000.0,12,,0,0,Old
Ford,F-150 Raptor,2018,,Gasoline,450.0HP 3.5L V6 Cylinder Engine Gasoline Fuel,10-Speed A/T,Black,Black,None reported,Yes,47995.0,8,,0,0,Moderate
Dodge,Sprinter 2500 High Roof,2004,,Diesel,154.0HP 2.7L 5 Cylinder Engine Diesel Fuel,A/T,White,Gray,None reported,Yes,24000.0,22,,0,0,Very Old
BMW,M550 i xDrive,2019,,Gasoline,456.0HP 4.4L 8 Cylinder Engine Gasoline Fuel,Transmission w/Dual Shift Mode,Black,Black,None reported,Yes,51500.0,7,,1,0,Moderate
Hyundai,Sonata GLS,2010,,Gasoline,168.0HP 2.4L 4 Cylinder Engine Gasoline Fuel,Transmission w/Dual Shift Mode,Blue,Gray,None reported,Yes,3999.0,16,,0,0,Old
Honda,Accord EX-L,2019,,Gasoline,192.0HP 1.5L 4 Cylinder Engine Gasoline Fuel,A/T,White,Black,At least 1 accident or damage reported,Yes,21500.0,7,,0,0,Moderate
Cadillac,CTS 3.6L Premium,2014,,Gasoline,321.0HP 3.6L V6 Cylinder Engine Gasoline Fuel,6-Speed A/T,Red,Black,None reported,Yes,19500.0,12,,0,0,Old
Toyota,4Runner Venture Special Edition,2021,,Gasoline,"4L V-6 DOHC, VVT-i variable valve control, regular unleaded, eng",Automatic,–,Black/Graphite,None reported,,44775.0,5,,0,0,New
Jaguar,XJ8 L,2006,,Gasoline,300.0HP 4.2L 8 Cylinder Engine Gasoline Fuel,6-Speed A/T,White,Beige,None reported,Yes,13980.0,20,,0,0,Old
Ford,F-150 Lariat,2021,,Gasoline,3.5L V6 24V PDI DOHC Twin Turbo,Automatic,Agate Black Metallic,Black,,,49273.0,5,,0,0,New
Chevrolet,Suburban High Country,2021,,Gasoline,420.0HP 6.2L 8 Cylinder Engine Gasoline Fuel,10-Speed A/T,Brown,Black,None reported,Yes,73500.0,5,,0,0,New
Chevrolet,Suburban 1500 LTZ,2010,,E85 Flex Fuel,320.0HP 5.3L 8 Cylinder Engine Flex Fuel Capability,A/T,Black,Black,None reported,Yes,12000.0,16,,0,0,Old
Land,Rover LR2 HSE,2010,,Gasoline,230.0HP 3.2L Straight 6 Cylinder Engine Gasoline Fuel,6-Speed A/T,Gray,Beige,None reported,Yes,9975.0,16,,0,0,Old
Subaru,WRX Limited,2017,,Gasoline,268.0HP 2.0L 4 Cylinder Engine Gasoline Fuel,CVT Transmission,White,Black,At least 1 accident or damage reported,Yes,19950.0,9,,0,0,Moderate
Ford,Expedition Timberline,2022,,Gasoline,440.0HP 3.5L V6 Cylinder Engine Gasoline Fuel,10-Speed A/T,Green,Green,None reported,Yes,67500.0,4,,0,0,New
Honda,Clarity Plug-In Hybrid Base,2018,,Plug-In Hybrid,212.0HP 1.5L 4 Cylinder Engine Plug-In Electric/Gas,A/T,Red,Beige,At least 1 accident or damage reported,Yes,17500.0,8,,0,0,Moderate
RAM,3500 Laramie,2022,,Diesel,6.7L I6 24V DDI OHV Turbo Diesel,6-Speed Automatic,Flame Red Clearcoat,Black,None reported,,70999.0,4,,0,0,New
Chevrolet,Silverado 2500 LT,2011,,Diesel,335.0HP 6.6L 8 Cylinder Engine Diesel Fuel,6-Speed A/T,White,Black,None reported,Yes,18500.0,15,,0,0,Old
Lexus,RX 450h Base,2013,,Hybrid,295.0HP 3.5L V6 Cylinder Engine Gas/Electric Hybrid,Transmission w/Dual Shift Mode,Silver,Black,None reported,Yes,19500.0,13,,1,0,Old
Mercedes-Benz,M-Class ML 350 4MATIC,2015,,E85 Flex Fuel,302.0HP 3.5L V6 Cylinder Engine Flex Fuel Capability,A/T,Silver,Gray,None reported,Yes,19500.0,11,,1,0,Old
BMW,X5 xDrive40i,2021,,Hybrid,335.0HP 3.0L Straight 6 Cylinder Engine Gasoline/Mild Electric Hybrid,8-Speed A/T,White,Black,None reported,Yes,50000.0,5,,1,0,New
Chevrolet,Camaro 2SS,2022,,Gasoline,455.0HP 6.2L 8 Cylinder Engine Gasoline Fuel,6-Speed M/T,Red,Black,None reported,Yes,47500.0,4,,0,0,New
Jeep,Gladiator Sport S,2022,,Gasoline,285.0HP 3.6L V6 Cylinder Engine Gasoline Fuel,A/T,Green,Black,None reported,Yes,43000.0,4,,0,0,New
Land,Rover Discovery LSE,1998,,Gasoline,182.0HP 4.0L 8 Cylinder Engine Gasoline Fuel,A/T,Green,Beige,None reported,Yes,9995.0,28,,0,0,Very Old
Ford,F-250 XLT,2017,,Diesel,440.0HP 6.7L 8 Cylinder Engine Diesel Fuel,6-Speed A/T,Red,Beige,None reported,Yes,35500.0,9,,0,0,Moderate
RAM,1500 Rebel,2019,,Hybrid,305.0HP 3.6L V6 Cylinder Engine Gasoline/Mild Electric Hybrid,8-Speed A/T,White,–,None reported,Yes,37900.0,7,,0,0,Moderate
Audi,Q5 S line Premium Plus,2022,,Hybrid,2.0 Liter TFSI,Automatic,Silver,Black,None reported,,42998.0,4,,1,0,New
RAM,1500 SLT,2017,,Gasoline,395.0HP 5.7L 8 Cylinder Engine Gasoline Fuel,A/T,Black,Gray,None reported,Yes,29999.0,9,,0,0,Moderate
Mazda,CX-30 Premium Package,2021,,Gasoline,2.5L I4 16V GDI DOHC,6-Speed Automatic,Soul Red Crystal Metallic,White / Brown,None reported,Yes,29255.0,5,,0,0,New
BMW,840 Gran Coupe i xDrive,2020,,Gasoline,3.0L I6 24V GDI DOHC Turbo,8-Speed Automatic,Black Sapphire Metallic,Black,None reported,,52999.0,6,,1,0,Moderate
Porsche,Boxster S,2005,,Gasoline,280.0HP 3.2L Flat 6 Cylinder Engine Gasoline Fuel,6-Speed M/T,Silver,Black,None reported,Yes,29800.0,21,,0,0,Very Old
Chevrolet,Malibu Limited LT,2016,,Gasoline,2.5L 4 Cylinder Engine Gasoline Fuel,6-Speed A/T,Silver,Gray,None reported,Yes,10500.0,10,,0,0,Moderate
MINI,Cooper S Base,2007,,Gasoline,172.0HP 1.6L 4 Cylinder Engine Gasoline Fuel,6-Speed M/T,Yellow,Black,None reported,Yes,7900.0,19,,0,0,Old
Jeep,Gladiator Mojave,2022,,Gasoline,285.0HP 3.6L V6 Cylinder Engine Gasoline Fuel,8-Speed A/T,Blue,Black,None reported,Yes,64000.0,4,,0,0,New
Buick,Encore GX Essence,2020,,Gasoline,1.3L I3 12V MPFI DOHC Turbo,Automatic CVT,Satin Steel Metallic,Ebony,None reported,,21999.0,6,,0,0,Moderate
Toyota,Highlander XLE,2020,,Gasoline,295.0HP 3.5L V6 Cylinder Engine Gasoline Fuel,A/T,Silver,Black,None reported,Yes,36999.0,6,,0,0,Moderate
Acura,MDX Touring,2003,,Gasoline,260.0HP 3.5L V6 Cylinder Engine Gasoline Fuel,A/T,Silver,Black,At least 1 accident or damage reported,Yes,4000.0,23,,0,0,Very Old
Land,Rover Range Rover Sport SE MHEV,2021,,Hybrid,355.0HP 3.0L Straight 6 Cylinder Engine Gasoline/Mild Electric Hybrid,A/T,Black,Black,None reported,Yes,69000.0,5,,0,0,New
BMW,535 i xDrive,2014,,Gasoline,300.0HP 3.0L Straight 6 Cylinder Engine Gasoline Fuel,8-Speed A/T,White,Beige,None reported,Yes,15499.0,12,,1,0,Old
Nissan,350Z Touring,2007,,Gasoline,306.0HP 3.5L V6 Cylinder Engine Gasoline Fuel,M/T,White,Green,At least 1 accident or damage reported,Yes,12000.0,19,,0,0,Old
Ford,Transit Connect XLT,2015,,Gasoline,169.0HP 2.5L 4 Cylinder Engine Gasoline Fuel,A/T,White,Black,At least 1 accident or damage reported,Yes,14500.0,11,,0,0,Old
Mercedes-Benz,SL-Class SL550 Roadster,2008,,Gasoline,382.0HP 5.5L 8 Cylinder Engine Gasoline Fuel,7-Speed A/T,Black,Beige,None reported,Yes,16800.0,18,,1,0,Old
Hyundai,Sonata Sport 2.0T,2015,,Gasoline,245.0HP 2.0L 4 Cylinder Engine Gasoline Fuel,A/T,Black,Black,At least 1 accident or damage reported,Yes,13995.0,11,,0,0,Old
Audi,TT 1.8T,2004,,Gasoline,180.0HP 1.8L 4 Cylinder Engine Gasoline Fuel,A/T,Silver,Black,None reported,Yes,12000.0,22,,1,0,Very Old
Volvo,XC90 T6 Inscription,2019,,Gasoline,316.0HP 2.0L 4 Cylinder Engine Gasoline Fuel,8-Speed A/T,White,Black,None reported,Yes,37000.0,7,,0,0,Moderate
RAM,1500 Big Horn,2021,,Diesel,260.0HP 3.0L V6 Cylinder Engine Diesel Fuel,8-Speed A/T,White,Black,None reported,Yes,44900.0,5,,0,0,New
Chevrolet,Tahoe LT,2021,,Gasoline,5.3L V8 16V GDI OHV,10-Speed Automatic,Black,Jet Black,None reported,Yes,49685.0,5,,0,0,New
Ford,Explorer XLT,2014,,Gasoline,3.5L V6 24V MPFI DOHC,6-Speed Automatic,Green,Charcoal Black,None reported,Yes,13715.0,12,,0,0,Old
Ford,Mustang Mach-E Premium,2023,,,346.0HP Electric Motor Electric Fuel System,1-Speed A/T,Gray,Black,None reported,Yes,45000.0,3,,0,0,New
Chevrolet,Camaro 1SS,2017,,Gasoline,455.0HP 6.2L 8 Cylinder Engine Gasoline Fuel,8-Speed A/T,Yellow,Black,None reported,Yes,31500.0,9,,0,0,Moderate
Ford,Bronco Big Bend Advanced,2023,,Gasoline,315.0HP 2.7L V6 Cylinder Engine Gasoline Fuel,10-Speed A/T,Gray,Black,None reported,Yes,54490.0,3,,0,0,New
Chrysler,Pacifica Launch Edition,2020,,Gasoline,287.0HP 3.6L V6 Cylinder Engine Gasoline Fuel,9-Speed A/T,Black,Black,None reported,Yes,36800.0,6,,0,0,Moderate
Tesla,Model Y Long Range,2023,,,425.0HP Electric Motor Electric Fuel System,A/T,Black,White,None reported,Yes,56515.0,3,,0,0,New
RAM,1500 Rebel,2021,,Hybrid,395.0HP 5.7L 8 Cylinder Engine Gasoline/Mild Electric Hybrid,8-Speed A/T,White,Black,None reported,Yes,50927.0,5,,0,0,New
Toyota,86 Base,2020,,Gasoline,200.0HP 2.0L 4 Cylinder Engine Gasoline Fuel,A/T,White,Black,None reported,Yes,27350.0,6,,0,0,Moderate
BMW,X5 xDrive50i,2016,,Gasoline,445.0HP 4.4L 8 Cylinder Engine Gasoline Fuel,Transmission w/Dual Shift Mode,Black,Black,None reported,Yes,23995.0,10,,1,0,Moderate
GMC,Yukon Denali,2018,,Gasoline,420.0HP 6.2L 8 Cylinder Engine Gasoline Fuel,A/T,Black,Black,None reported,Yes,44500.0,8,,0,0,Moderate
Honda,Accord EX-L,2014,,Gasoline,185.0HP 2.4L 4 Cylinder Engine Gasoline Fuel,CVT Transmission,Gray,Black,At least 1 accident or damage reported,Yes,18987.0,12,,0,0,Old
Maserati,Ghibli S Q4,2017,,Gasoline,404.0HP 3.0L V6 Cylinder Engine Gasoline Fuel,8-Speed A/T,Gray,Black,None reported,Yes,28700.0,9,,0,0,Moderate
Hyundai,Kona EV SEL,2022,,,201.0HP Electric Motor Electric Fuel System,1-Speed A/T,Red,Black,None reported,Yes,31999.0,4,,0,0,New
BMW,435 i,2014,,Gasoline,300.0HP 3.0L Straight 6 Cylinder Engine Gasoline Fuel,A/T,Silver,Black,None reported,Yes,20900.0,12,,1,0,Old
Mercedes-Benz,GL-Class GL 450,2011,,Gasoline,335.0HP 4.7L 8 Cylinder Engine Gasoline Fuel,A/T,Black,Black,At least 1 accident or damage reported,Yes,9900.0,15,,1,0,Old
GMC,Sierra 1500 SLE,2014,,E85 Flex Fuel,285.0HP 4.3L V6 Cylinder Engine Flex Fuel Capability,6-Speed A/T,White,Gray,None reported,Yes,22989.0,12,,0,0,Old
BMW,X5 PHEV xDrive45e,2023,,Plug-In Hybrid,389.0HP 3.0L Straight 6 Cylinder Engine Plug-In Electric/Gas,8-Speed A/T,Black,Black,None reported,Yes,74995.0,3,,1,0,New
Dodge,Durango R/T,2020,,Gasoline,360.0HP 5.7L 8 Cylinder Engine Gasoline Fuel,8-Speed A/T,Black,Red,At least 1 accident or damage reported,Yes,29500.0,6,,0,0,Moderate
Ford,Bronco Sport Big Bend,2022,,Gasoline,181.0HP 1.5L 3 Cylinder Engine Gasoline Fuel,8-Speed A/T,Blue,Black,None reported,Yes,31000.0,4,,0,0,New
Honda,Civic LX,2015,,Gasoline,143.0HP 1.8L 4 Cylinder Engine Gasoline Fuel,5-Speed M/T,Black,Black,None reported,Yes,17500.0,11,,0,0,Old
Ford,Shelby GT350 Base,2018,,Gasoline,526.0HP 5.2L 8 Cylinder Engine Gasoline Fuel,6-Speed M/T,Gray,Black,None reported,Yes,62900.0,8,,0,0,Moderate
Volkswagen,Jetta S,2010,,Gasoline,170.0HP 2.5L 5 Cylinder Engine Gasoline Fuel,A/T,Gray,Black,At least 1 accident or damage reported,Yes,6000.0,16,,0,0,Old
Mazda,CX-5 Grand Touring,2021,,Gasoline,2.5L I4 16V,6-Speed Automatic,Jet Black Mica,Black,None reported,Yes,26288.0,5,,0,0,New
Jeep,Wrangler Rubicon,2009,,Gasoline,202.0HP 3.8L V6 Cylinder Engine Gasoline Fuel,6-Speed M/T,Black,Gray,None reported,Yes,15500.0,17,,0,0,Old
Ford,F-250 XLT,2016,,E85 Flex Fuel,385.0HP 6.2L 8 Cylinder Engine Flex Fuel Capability,6-Speed A/T,Silver,Gray,At least 1 accident or damage reported,Yes,28999.0,10,,0,0,Moderate
Tesla,Model Y Performance,2022,,,455.0HP Electric Motor Electric Fuel System,A/T,Gray,White,None reported,Yes,46500.0,4,,0,0,New
BMW,528 i,2016,,Gasoline,240.0HP 2.0L 4 Cylinder Engine Gasoline Fuel,8-Speed A/T,Silver,Black,At least 1 accident or damage reported,Yes,16995.0,10,,1,0,Moderate
Kia,Rio S,2021,,Gasoline,120.0HP 1.6L 4 Cylinder Engine Gasoline Fuel,A/T,Silver,Black,None reported,Yes,15700.0,5,,0,0,New
Tesla,Model S 85,2014,,,362.0HP Electric Motor Electric Fuel System,A/T,Blue,Black,None reported,Yes,28450.0,12,,0,0,Old
Jeep,Wrangler Sport,1997,,Gasoline,181.0HP 4.0L Straight 6 Cylinder Engine Gasoline Fuel,5-Speed M/T,Green,Gray,At least 1 accident or damage reported,Yes,5500.0,29,,0,0,Very Old
Tesla,Model 3 Standard Range,2020,,,271.0HP Electric Motor Electric Fuel System,A/T,Black,Black,None reported,Yes,29900.0,6,,0,0,Moderate
BMW,X5 M50i,2021,,Gasoline,523.0HP 4.4L 8 Cylinder Engine Gasoline Fuel,A/T,Black,Orange,None reported,Yes,71000.0,5,,1,0,New
Mazda,MX-5 Miata RF Club,2022,,Gasoline,181.0HP 2.0L 4 Cylinder Engine Gasoline Fuel,6-Speed M/T,Gray,Black,None reported,Yes,35619.0,4,,0,0,New
Ford,F-250 XLT,2014,,Diesel,400.0HP 6.7L 8 Cylinder Engine Diesel Fuel,6-Speed A/T,Black,Silver,At least 1 accident or damage reported,Yes,40999.0,12,,0,0,Old
Jeep,Wrangler Sahara,2012,,Gasoline,285.0HP 3.6L V6 Cylinder Engine Gasoline Fuel,5-Speed A/T,Beige,Black,At least 1 accident or damage reported,Yes,22000.0,14,,0,0,Old
RAM,1500 Laramie,2021,,Gasoline,395.0HP 5.7L 8 Cylinder Engine Gasoline Fuel,8-Speed A/T,White,Black,None reported,Yes,46500.0,5,,0,0,New
RAM,1500 Laramie,2020,,Gasoline,5.7L V8 16V MPFI OHV,8-Speed Automatic,Bright White Clearcoat,Black,None reported,,46105.0,6,,0,0,Moderate
GMC,Yukon Denali,2016,,Gasoline,420.0HP 6.2L 8 Cylinder Engine Gasoline Fuel,8-Speed A/T,Black,Black,None reported,Yes,35500.0,10,,0,0,Moderate
Ford,F-150 Lariat,2016,,Gasoline,365.0HP 3.5L V6 Cylinder Engine Gasoline Fuel,A/T,White,Black,None reported,Yes,26500.0,10,,0,0,Moderate
Chevrolet,Corvette Base,2006,,Gasoline,400.0HP 6.0L 8 Cylinder Engine Gasoline Fuel,Transmission w/Dual Shift Mode,Red,Beige,None reported,Yes,35000.0,20,,0,0,Old
BMW,Z4 2.5i,2004,,Gasoline,184.0HP 2.5L Straight 6 Cylinder Engine Gasoline Fuel,5-Speed M/T,Gray,Black,None reported,Yes,9000.0,22,,1,0,Very Old
Subaru,Crosstrek 2.0i Premium,2017,,Gasoline,148.0HP 2.0L 4 Cylinder Engine Gasoline Fuel,A/T,Red,Beige,At least 1 accident or damage reported,Yes,21495.0,9,,0,0,Moderate
Lexus,GX 470 Base,2004,,Gasoline,235.0HP 4.7L 8 Cylinder Engine Gasoline Fuel,5-Speed A/T,White,Beige,At least 1 accident or damage reported,Yes,7350.0,22,,1,0,Very Old
RAM,1500 Laramie,2022,,Gasoline,5.7L V8 16V MPFI OHV,8-Speed Automatic,Diamond Black,Black,None reported,,45999.0,4,,0,0,New
Ford,F-150 XLT,2022,,Gasoline,5.0L V8 32V PDI DOHC,Automatic,Agate Black Metallic,Black,None reported,Yes,46552.0,4,,0,0,New
Jeep,Wagoneer Series III,2022,,Gasoline,5.7L V8 16V MPFI OHV,8-Speed Automatic,Velvet Red Pearlcoat,Global Black,None reported,Yes,68362.0,4,,0,0,New
Volkswagen,GTI Base,2008,,Gasoline,200.0HP 2.0L 4 Cylinder Engine Gasoline Fuel,6-Speed M/T,White,Black,None reported,Yes,9850.0,18,,0,0,Old
Mercedes-Benz,AMG GLE AMG GLE 63 S-Model 4MATIC,2016,,Gasoline,577.0HP 5.5L 8 Cylinder Engine Gasoline Fuel,7-Speed A/T,Black,White,None reported,Yes,51700.0,10,,1,0,Moderate
Mazda,Mazda6 iSport VE,2008,,Gasoline,156.0HP 2.3L 4 Cylinder Engine Gasoline Fuel,5-Speed A/T,Black,Beige,None reported,Yes,4300.0,18,,0,0,Old
Kia,Telluride EX X-Line,2023,,Gasoline,291.0HP 3.8L V6 Cylinder Engine Gasoline Fuel,8-Speed A/T,Green,Green,None reported,Yes,48000.0,3,,0,0,New
Chevrolet,Tahoe LT,2022,,Gasoline,355.0HP 5.3L 8 Cylinder Engine Gasoline Fuel,10-Speed A/T,Blue,Beige,None reported,Yes,63900.0,4,,0,0,New
Dodge,Durango GT,2022,,Gasoline,3.6L V6 24V MPFI DOHC,8-Speed Automatic,DB Black Clearcoat,Black,None reported,Yes,39985.0,4,,0,0,New
Mercedes-Benz,AMG C 63 Base,2020,,Gasoline,469.0HP 4.0L 8 Cylinder Engine Gasoline Fuel,9-Speed A/T,Silver,Black,None reported,Yes,57999.0,6,,1,0,Moderate
BMW,320 i xDrive,2016,,Gasoline,180.0HP 2.0L 4 Cylinder Engine Gasoline Fuel,8-Speed A/T,Black,Beige,At least 1 accident or damage reported,Yes,7500.0,10,,1,0,Moderate
Porsche,Macan GTS,2023,,Gasoline,2.9L V6 24V GDI DOHC Twin Turbo,7-Speed Automatic with Auto-Shift,Chalk,Black,None reported,,96900.0,3,,0,0,New
Honda,Pilot EX-L,2020,,Gasoline,3.5L V6 24V GDI SOHC,6-Speed Automatic,Gray,Gray,,,35645.0,6,,0,0,Moderate
Mercedes-Benz,GLE 350 Base,2020,,Gasoline,2.0 Liter Turbo,Automatic,designo Diamond White Bright,Macchiato/Magmagrey,None reported,,49998.0,6,,1,0,Moderate
Chevrolet,Camaro 2SS,2017,,Gasoline,455.0HP 6.2L 8 Cylinder Engine Gasoline Fuel,Transmission w/Dual Shift Mode,Blue,Black,None reported,Yes,34500.0,9,,0,0,Moderate
Jaguar,XF 35t Prestige,2017,,Gasoline,340.0HP 3.0L V6 Cylinder Engine Gasoline Fuel,A/T,White,Beige,At least 1 accident or damage reported,Yes,18500.0,9,,0,0,Moderate
RAM,3500 Laramie,2013,,Diesel,385.0HP 6.7L Straight 6 Cylinder Engine Diesel Fuel,6-Speed A/T,White,Black,At least 1 accident or damage reported,Yes,42900.0,13,,0,0,Old
BMW,335 is,2012,,Gasoline,320.0HP 3.0L Straight 6 Cylinder Engine Gasoline Fuel,7-Speed A/T,White,Red,None reported,Yes,20995.0,14,,1,0,Old
Audi,S6 4.0T Premium Plus,2018,,Gasoline,450.0HP 4.0L 8 Cylinder Engine Gasoline Fuel,7-Speed A/T,White,Black,None reported,Yes,49999.0,8,,1,0,Moderate
Chrysler,300 S,2014,,Gasoline,363.0HP 5.7L 8 Cylinder Engine Gasoline Fuel,5-Speed A/T,Blue,Black,None reported,Yes,15999.0,12,,0,0,Old
GMC,Sierra 1500 AT4,2022,,Diesel,277.0HP 3.0L Straight 6 Cylinder Engine Diesel Fuel,10-Speed A/T,White,Black,None reported,Yes,62499.0,4,,0,0,New
Chrysler,200 C,2015,,E85 Flex Fuel,295.0HP 3.6L V6 Cylinder Engine Flex Fuel Capability,9-Speed A/T,Silver,Black,At least 1 accident or damage reported,Yes,5995.0,11,,0,0,Old
Ford,F-150 XLT SuperCab,2010,,Gasoline,292.0HP 4.6L 8 Cylinder Engine Gasoline Fuel,A/T,Blue,Gray,None reported,Yes,3000.0,16,,0,0,Old
MINI,Cooper S Base,2006,,Gasoline,168.0HP 1.6L 4 Cylinder Engine Gasoline Fuel,6-Speed M/T,Gray,–,None reported,Yes,12500.0,20,,0,0,Old
Toyota,Venza XLE,2013,,Gasoline,268.0HP 3.5L V6 Cylinder Engine Gasoline Fuel,A/T,White,Gray,At least 1 accident or damage reported,Yes,14200.0,13,,0,0,Old
Toyota,Camry Hybrid Base,2011,,Hybrid,147.0HP 2.4L 4 Cylinder Engine Gas/Electric Hybrid,A/T,White,White,At least 1 accident or damage reported,Yes,7900.0,15,,0,0,Old
Chevrolet,Tahoe LT,2012,,E85 Flex Fuel,320.0HP 5.3L 8 Cylinder Engine Flex Fuel Capability,A/T,Brown,Gray,None reported,Yes,14500.0,14,,0,0,Old
Mercedes-Benz,CLS-Class CLS 63 AMG S-Model 4MATIC,2014,,Gasoline,577.0HP 5.5L 8 Cylinder Engine Gasoline Fuel,7-Speed A/T,Silver,Black,,,37500.0,12,,1,0,Old
Ford,Shelby GT500 Base,2021,,Gasoline,760.0HP 5.2L 8 Cylinder Engine Gasoline Fuel,7-Speed A/T,Orange,Black,None reported,Yes,90788.0,5,,0,0,New
Lexus,RX 300 4WD,1999,,Gasoline,220.0HP 3.0L V6 Cylinder Engine Gasoline Fuel,A/T,Red,Beige,At least 1 accident or damage reported,Yes,3500.0,27,,1,0,Very Old
Porsche,Macan S,2015,,Gasoline,340.0HP 3.0L V6 Cylinder Engine Gasoline Fuel,7-Speed A/T,Gray,Beige,None reported,Yes,23999.0,11,,0,0,Old
Ford,F-150 XLT SuperCab,2004,,Gasoline,300.0HP 5.4L 8 Cylinder Engine Gasoline Fuel,A/T,Beige,Beige,None reported,Yes,6299.0,22,,0,0,Very Old
Subaru,Outback 2.5 i Special Edition,2009,,Gasoline,169.0HP 2.5L 4 Cylinder Engine Gasoline Fuel,A/T,Black,Black,None reported,Yes,6500.0,17,,0,0,Old
GMC,Sierra 2500 AT4,2022,,Diesel,6.6L V8 32V DDI OHV Turbo Diesel,Automatic,Ebony Twilight Metallic,Jet Black,,,76740.0,4,,0,0,New
BMW,X5 xDrive40i,2020,,Gasoline,335.0HP 3.0L Straight 6 Cylinder Engine Gasoline Fuel,8-Speed A/T,Black,Black,At least 1 accident or damage reported,Yes,50000.0,6,,1,0,Moderate
Porsche,Taycan Base,2022,,,375.0HP Electric Motor Electric Fuel System,A/T,White,Beige,None reported,Yes,89000.0,4,,0,0,New
Lexus,GX 470 Base,2006,,Gasoline,263.0HP 4.7L 8 Cylinder Engine Gasoline Fuel,A/T,Blue,Gray,At least 1 accident or damage reported,Yes,13995.0,20,,1,0,Old
Ford,F-150 Heritage XL SuperCab Flareside,2004,,Gasoline,380.0HP 5.4L 8 Cylinder Engine Gasoline Fuel,4-Speed A/T,Blue,Gray,At least 1 accident or damage reported,Yes,30500.0,22,,0,0,Very Old
Mazda,MazdaSpeed Miata MX-5 Base,2004,,Gasoline,178.0HP 1.8L 4 Cylinder Engine Gasoline Fuel,6-Speed M/T,Silver,Black,At least 1 accident or damage reported,Yes,17599.0,22,,0,0,Very Old
GMC,Acadia Denali,2021,,Gasoline,3.6L V6 24V GDI DOHC,9-Speed Automatic,Ebony Twilight Metallic,Jet Black,None reported,Yes,38436.0,5,,0,0,New
Mercedes-Benz,Metris Base,2016,,Gasoline,208.0HP 2.0L 4 Cylinder Engine Gasoline Fuel,A/T,White,Black,None reported,Yes,29000.0,10,,1,0,Moderate
Cadillac,DeVille Base,1994,,–,–,A/T,White,Blue,None reported,Yes,7900.0,32,,0,0,Very Old
Ford,Expedition EL XLT,2011,,E85 Flex Fuel,310.0HP 5.4L 8 Cylinder Engine Flex Fuel Capability,6-Speed A/T,White,Beige,None reported,Yes,8999.0,15,,0,0,Old
Chevrolet,Monte Carlo SS,2000,,Gasoline,200.0HP 3.8L V6 Cylinder Engine Gasoline Fuel,4-Speed A/T,Red,–,None reported,Yes,4700.0,26,,0,0,Very Old
RAM,1500 Big Horn,2015,,Gasoline,395.0HP 5.7L 8 Cylinder Engine Gasoline Fuel,8-Speed A/T,Red,Gray,At least 1 accident or damage reported,Yes,14000.0,11,,0,0,Old
Jeep,Commander Base,2006,,Gasoline,210.0HP 3.7L V6 Cylinder Engine Gasoline Fuel,A/T,Black,Gray,None reported,Yes,6500.0,20,,0,0,Old
Lexus,IS-F Base,2010,,Gasoline,416.0HP 5.0L 8 Cylinder Engine Gasoline Fuel,8-Speed A/T,White,Red,At least 1 accident or damage reported,Yes,34500.0,16,,1,0,Old
Ford,Utility Police Interceptor Base,2017,,Gasoline,365.0HP 3.5L V6 Cylinder Engine Gasoline Fuel,6-Speed A/T,Black,Black,None reported,Yes,15000.0,9,,0,0,Moderate
Cadillac,Escalade ESV Luxury,2016,,Gasoline,420.0HP 6.2L 8 Cylinder Engine Gasoline Fuel,8-Speed A/T,White,Beige,None reported,Yes,24500.0,10,,0,0,Moderate
Tesla,Model Y Performance,2020,,,455.0HP Electric Motor Electric Fuel System,1-Speed A/T,Silver,Black,None reported,Yes,43000.0,6,,0,0,Moderate
Chevrolet,Avalanche 1500 LS,2005,,E85 Flex Fuel,295.0HP 5.3L 8 Cylinder Engine Flex Fuel Capability,A/T,Red,Gray,None reported,Yes,7200.0,21,,0,0,Very Old
Ford,F-150 Lariat,2021,,Gasoline,325.0HP 2.7L V6 Cylinder Engine Gasoline Fuel,10-Speed A/T,White,Black,None reported,Yes,47850.0,5,,0,0,New
Mercedes-Benz,GLB 250 Base 4MATIC,2023,,Gasoline,2.0L I4 16V GDI DOHC Turbo,Automatic,Midnight Black,Classic Red,None reported,,46479.0,3,,1,0,New
Jeep,Wrangler Sport,2016,,Gasoline,285.0HP 3.6L V6 Cylinder Engine Gasoline Fuel,5-Speed A/T,White,Black,None reported,Yes,25000.0,10,,0,0,Moderate
Nissan,350Z Touring,2004,,Gasoline,287.0HP 3.5L V6 Cylinder Engine Gasoline Fuel,6-Speed M/T,Black,Orange,At least 1 accident or damage reported,Yes,11500.0,22,,0,0,Very Old
Chevrolet,Corvette Z06,2016,,Gasoline,650.0HP 6.2L 8 Cylinder Engine Gasoline Fuel,7-Speed M/T,Orange,–,None reported,Yes,75000.0,10,,0,0,Moderate
Pontiac,Solstice GXP,2007,,Gasoline,260.0HP 2.0L 4 Cylinder Engine Gasoline Fuel,5-Speed M/T,Black,Black,None reported,Yes,13300.0,19,,0,0,Old
Hyundai,Sonata SE,2018,,Gasoline,185.0HP 2.4L 4 Cylinder Engine Gasoline Fuel,A/T,Gray,Gray,At least 1 accident or damage reported,Yes,15900.0,8,,0,0,Moderate
Lincoln,Navigator Reserve,2018,,Gasoline,450.0HP 3.5L V6 Cylinder Engine Gasoline Fuel,10-Speed A/T,Brown,Orange,At least 1 accident or damage reported,Yes,46500.0,8,,0,0,Moderate
Nissan,Maxima SL,2007,,Gasoline,255.0HP 3.5L V6 Cylinder Engine Gasoline Fuel,A/T,Silver,Black,None reported,Yes,6700.0,19,,0,0,Old
Ford,Ranger XLT,2021,,Gasoline,270.0HP 2.3L 4 Cylinder Engine Gasoline Fuel,10-Speed A/T,Black,Black,None reported,Yes,34000.0,5,,0,0,New
Tesla,Model 3 Long Range,2021,,,Electric Motor Electric Fuel System,A/T,Black,Black,None reported,Yes,42500.0,5,,0,0,New
Jaguar,XE 35t Premium,2017,,Gasoline,340.0HP 3.0L V6 Cylinder Engine Gasoline Fuel,A/T,Gray,Black,None reported,Yes,25000.0,9,,0,0,Moderate
Lincoln,MKZ Reserve,2017,,Gasoline,240.0HP 2.0L 4 Cylinder Engine Gasoline Fuel,6-Speed A/T,Blue,Black,None reported,Yes,18750.0,9,,0,0,Moderate
Cadillac,Escalade ESV Platinum,2020,,Gasoline,420.0HP 6.2L 8 Cylinder Engine Gasoline Fuel,A/T,Black,Black,None reported,Yes,50000.0,6,,0,0,Moderate
Ford,Fusion SE,2012,,E85 Flex Fuel,240.0HP 3.0L V6 Cylinder Engine Flex Fuel Capability,A/T,Gray,Black,None reported,Yes,4500.0,14,,0,0,Old
Mercedes-Benz,E-Class E 350,2012,,Gasoline,302.0HP 3.5L V6 Cylinder Engine Gasoline Fuel,7-Speed A/T,White,Beige,None reported,Yes,12000.0,14,,1,0,Old
Jeep,Wrangler Unlimited Sport,2014,,Gasoline,285.0HP 3.6L V6 Cylinder Engine Gasoline Fuel,5-Speed A/T,White,–,At least 1 accident or damage reported,Yes,17000.0,12,,0,0,Old
Cadillac,DeVille Base,1994,,–,–,A/T,White,Blue,None reported,Yes,5990.0,32,,0,0,Very Old
Jeep,Wrangler Sport,2010,,Gasoline,202.0HP 3.8L V6 Cylinder Engine Gasoline Fuel,4-Speed A/T,Black,Black,None reported,Yes,10700.0,16,,0,0,Old
Jeep,Wrangler Sport,2011,,Gasoline,3.8L V6 12V MPFI OHV,4-Speed Automatic,Mango Tango Pearlcoat,Black,None reported,,16998.0,15,,0,0,Old
Acura,MDX 3.5L w/Technology Package,2019,,Gasoline,3.5 Liter,Automatic,White,Parchment,None reported,,27698.0,7,,0,0,Moderate
Volkswagen,Jetta 1.4T S,2019,,Gasoline,147.0HP 1.4L 4 Cylinder Engine Gasoline Fuel,A/T,Gray,Black,None reported,Yes,17000.0,7,,0,0,Moderate
Chevrolet,Camaro Z28,2002,,Gasoline,310.0HP 5.7L 8 Cylinder Engine Gasoline Fuel,A/T,White,Black,None reported,Yes,21999.0,24,,0,0,Very Old
Chevrolet,Corvette Z06,2016,,Gasoline,650.0HP 6.2L 8 Cylinder Engine Gasoline Fuel,7-Speed M/T,White,Black,None reported,Yes,66000.0,10,,0,0,Moderate
Porsche,Cayman R,2012,,Gasoline,330.0HP 3.4L Flat 6 Cylinder Engine Gasoline Fuel,7-Speed A/T,Black,Gray,None reported,Yes,75000.0,14,,0,0,Old
Porsche,Cayenne Base,2018,,Gasoline,300.0HP 3.6L V6 Cylinder Engine Gasoline Fuel,8-Speed A/T,White,Black,None reported,Yes,45855.0,8,,0,0,Moderate
Subaru,Crosstrek 2.0i Limited,2018,,Gasoline,152.0HP 2.0L 4 Cylinder Engine Gasoline Fuel,CVT Transmission,Gray,Black,None reported,Yes,21499.0,8,,0,0,Moderate
BMW,750 Li,2007,,Gasoline,360.0HP 4.8L 8 Cylinder Engine Gasoline Fuel,A/T,Black,Black,None reported,Yes,9000.0,19,,1,0,Old
Jeep,Wrangler Sahara,2013,,Gasoline,285.0HP 3.6L V6 Cylinder Engine Gasoline Fuel,A/T,Red,Black,At least 1 accident or damage reported,Yes,26500.0,13,,0,0,Old
GMC,Sierra 2500 AT4,2020,,Diesel,445.0HP 6.6L 8 Cylinder Engine Diesel Fuel,6-Speed A/T,Black,Beige,None reported,Yes,69500.0,6,,0,0,Moderate
BMW,X3 M AWD,2021,,Gasoline,473.0HP 3.0L Straight 6 Cylinder Engine Gasoline Fuel,8-Speed A/T,Black,Black,None reported,Yes,54500.0,5,,1,0,New
BMW,335 i,2011,,Gasoline,300.0HP 3.0L Straight 6 Cylinder Engine Gasoline Fuel,Transmission w/Dual Shift Mode,Red,Beige,None reported,Yes,16000.0,15,,1,0,Old
Jeep,Wrangler Unlimited Sahara,2019,,Gasoline,285.0HP 3.6L V6 Cylinder Engine Gasoline Fuel,8-Speed A/T,Gray,Black,None reported,Yes,35900.0,7,,0,0,Moderate
Toyota,Corolla S Plus,2016,,Gasoline,132.0HP 1.8L 4 Cylinder Engine Gasoline Fuel,Transmission w/Dual Shift Mode,White,Black,None reported,Yes,16000.0,10,,0,0,Moderate
Land,Rover Discovery HSE LUXURY,2017,,Gasoline,340.0HP 3.0L V6 Cylinder Engine Gasoline Fuel,8-Speed A/T,Black,Beige,At least 1 accident or damage reported,Yes,29000.0,9,,0,0,Moderate
Mercedes-Benz,E-Class E 450 4MATIC,2021,,Hybrid,362.0HP 3.0L Straight 6 Cylinder Engine Gasoline/Mild Electric Hybrid,9-Speed A/T,Gray,Black,At least 1 accident or damage reported,Yes,62000.0,5,,1,0,New
Ford,Fusion Hybrid Base,2012,,Hybrid,191.0HP 2.5L 4 Cylinder Engine Gas/Electric Hybrid,A/T,Gray,Black,At least 1 accident or damage reported,Yes,8250.0,14,,0,0,Old
BMW,X1 xDrive 28i,2017,,Gasoline,228.0HP 2.0L 4 Cylinder Engine Gasoline Fuel,8-Speed A/T,Blue,Black,None reported,Yes,26000.0,9,,1,0,Moderate
GMC,Terrain SLE,2010,,Gasoline,182.0HP 2.4L 4 Cylinder Engine Gasoline Fuel,A/T,Brown,Gray,None reported,Yes,12250.0,16,,0,0,Old
BMW,i3 120Ah w/Range Extender,2019,,,170.0HP 0.65L Electric Motor Electric Fuel System,A/T,Black,Black,None reported,Yes,26990.0,7,,1,0,Moderate
Ford,Mustang SVT Cobra,2003,,Gasoline,390.0HP 4.6L 8 Cylinder Engine Gasoline Fuel,M/T,Red,Beige,None reported,Yes,35500.0,23,,0,0,Very Old
Land,Rover Range Rover Supercharged LWB,2020,,Gasoline,518.0HP 5.0L 8 Cylinder Engine Gasoline Fuel,A/T,White,White,None reported,Yes,67500.0,6,,0,0,Moderate
RAM,2500 Big Horn,2016,,Gasoline,410.0HP 6.4L 8 Cylinder Engine Gasoline Fuel,A/T,Black,Gray,None reported,Yes,35000.0,10,,0,0,Moderate
Ford,E250 Cargo,2013,,E85 Flex Fuel,225.0HP 4.6L 8 Cylinder Engine Flex Fuel Capability,4-Speed A/T,White,Gray,At least 1 accident or damage reported,Yes,17777.0,13,,0,0,Old
MINI,Countryman Cooper S ALL4,2018,,Gasoline,189.0HP 2.0L 4 Cylinder Engine Gasoline Fuel,8-Speed A/T,Blue,Black,None reported,Yes,28900.0,8,,0,0,Moderate
RAM,1500 Classic Tradesman,2019,,Gasoline,395.0HP 5.7L 8 Cylinder Engine Gasoline Fuel,8-Speed A/T,Gray,Gray,None reported,Yes,28995.0,7,,0,0,Moderate
Volvo,C70 T5,2011,,Gasoline,227.0HP 2.5L 5 Cylinder Engine Gasoline Fuel,Transmission w/Dual Shift Mode,Red,Beige,At least 1 accident or damage reported,Yes,5500.0,15,,0,0,Old
Mercedes-Benz,SL-Class SL600 Roadster,2007,,Gasoline,510.0HP 5.5L 12 Cylinder Engine Gasoline Fuel,5-Speed A/T,Black,Brown,At least 1 accident or damage reported,Yes,22999.0,19,,1,0,Old
Toyota,Camry Hybrid XLE,2018,,Hybrid,208.0HP 2.5L 4 Cylinder Engine Gas/Electric Hybrid,A/T,White,Beige,None reported,Yes,29500.0,8,,0,0,Moderate
GMC,Acadia SLE-2,2016,,Gasoline,3.6L V6 24V GDI DOHC,6-Speed Automatic,White Frost Tri-Coat,Ebony,At least 1 accident or damage reported,Yes,12995.0,10,,0,0,Moderate
Chevrolet,Impala 1LT,2019,,Gasoline,3.6L V6 24V GDI DOHC,6-Speed Automatic,Silver Ice Metallic,Jet Black,None reported,Yes,17816.0,7,,0,0,Moderate
Jeep,Grand Cherokee L Laredo,2021,,Gasoline,3.6L V6 24V MPFI DOHC,8-Speed Automatic,Metallic,Global Black,,,38633.0,5,,0,0,New
Jeep,Liberty Sport,2003,,Gasoline,210.0HP 3.7L V6 Cylinder Engine Gasoline Fuel,A/T,Black,Gray,None reported,Yes,5200.0,23,,0,0,Very Old
Jaguar,XF Luxury,2009,,Gasoline,300.0HP 4.2L 8 Cylinder Engine Gasoline Fuel,6-Speed A/T,Blue,Beige,None reported,Yes,7000.0,17,,0,0,Old
Honda,Civic Sport,2020,,Gasoline,2.0L I4 16V MPFI DOHC,Automatic CVT,Crystal Black Pearl,Black,At least 1 accident or damage reported,,23739.0,6,,0,0,Moderate
Subaru,Outback 2.5i Premium,2019,,Gasoline,175.0HP 2.5L 4 Cylinder Engine Gasoline Fuel,CVT Transmission,Gray,Gray,At least 1 accident or damage reported,Yes,18749.0,7,,0,0,Moderate
Land,Rover Range Rover Sport HSE Dynamic,2019,,Gasoline,380.0HP 3.0L V6 Cylinder Engine Gasoline Fuel,A/T,White,White,None reported,Yes,76000.0,7,,0,0,Moderate
Tesla,Model Y Long Range,2022,,,425.0HP Electric Motor Electric Fuel System,A/T,White,Black,None reported,Yes,45900.0,4,,0,0,New
Lexus,ES 350 Base,2019,,Gasoline,302.0HP 3.5L V6 Cylinder Engine Gasoline Fuel,8-Speed A/T,Gray,Black,At least 1 accident or damage reported,Yes,33900.0,7,,1,0,Moderate
Honda,CR-V Touring,2022,,Gasoline,1.5L I4 16V GDI DOHC Turbo,Automatic CVT,Black,Black,None reported,,36727.0,4,,0,0,New
Alfa,Romeo Giulia Quadrifoglio,2021,,Gasoline,505.0HP 2.9L V6 Cylinder Engine Gasoline Fuel,8-Speed A/T,White,Black,None reported,Yes,75000.0,5,,0,0,New
BMW,330 i,2005,,Gasoline,225.0HP 3.0L Straight 6 Cylinder Engine Gasoline Fuel,M/T,Red,Black,None reported,Yes,30900.0,21,,1,0,Very Old
Maybach,Type 57 Base,2004,,Gasoline,543.0HP 5.5L 12 Cylinder Engine Gasoline Fuel,5-Speed A/T,Brown,–,None reported,Yes,64250.0,22,,0,0,Very Old
Lexus,ES 250 Base,2021,,Gasoline,2.5 Liter,Automatic,Eminent White Pearl,Chateau,None reported,,37998.0,5,,1,0,New
Mercedes-Benz,Sprinter 2500,2016,,Diesel,161.0HP 2.1L 4 Cylinder Engine Diesel Fuel,A/T,White,Black,At least 1 accident or damage reported,Yes,22000.0,10,,1,0,Moderate
Mercedes-Benz,E-Class E 350,2012,,Gasoline,302.0HP 3.5L V6 Cylinder Engine Gasoline Fuel,7-Speed A/T,Black,Beige,None reported,Yes,13999.0,14,,1,0,Old
Dodge,Dakota Sport,1997,,Gasoline,230.0HP 5.2L 8 Cylinder Engine Gasoline Fuel,4-Speed A/T,White,Gray,None reported,Yes,6399.0,29,,0,0,Very Old
RAM,1500 Tradesman/Express,2017,,E85 Flex Fuel,3.6L V6 24V MPFI DOHC Flexible Fuel,8-Speed Automatic,Bright White Clearcoat,Black,At least 1 accident or damage reported,,25307.0,9,,0,0,Moderate
Mazda,CX-9 Touring,2016,,Gasoline,227.0HP 2.5L 4 Cylinder Engine Gasoline Fuel,A/T,Brown,–,At least 1 accident or damage reported,Yes,16770.0,10,,0,0,Moderate
BMW,X3 xDrive30i,2021,,Gasoline,248.0HP 2.0L 4 Cylinder Engine Gasoline Fuel,8-Speed A/T,Black,Brown,None reported,Yes,38400.0,5,,1,0,New
Jeep,Grand Cherokee Limited,2015,,E85 Flex Fuel,290.0HP 3.6L V6 Cylinder Engine Flex Fuel Capability,A/T,White,Black,None reported,Yes,18900.0,11,,0,0,Old
BMW,X7 xDrive40i,2021,,Hybrid,335.0HP 3.0L Straight 6 Cylinder Engine Gasoline/Mild Electric Hybrid,8-Speed A/T,White,Brown,At least 1 accident or damage reported,Yes,71200.0,5,,1,0,New
Mercedes-Benz,SL-Class SL 550,2014,,Gasoline,429.0HP 4.7L 8 Cylinder Engine Gasoline Fuel,7-Speed A/T,Brown,Beige,At least 1 accident or damage reported,Yes,32999.0,12,,1,0,Old
Bentley,Continental GT W12,2016,,Gasoline,582.0HP 6.0L 12 Cylinder Engine Gasoline Fuel,A/T,Black,Black,At least 1 accident or damage reported,Yes,98000.0,10,,0,0,Moderate
Jeep,Wrangler Unlimited,2005,,Gasoline,190.0HP 4.0L Straight 6 Cylinder Engine Gasoline Fuel,A/T,Red,Black,At least 1 accident or damage reported,Yes,15900.0,21,,0,0,Very Old
Tesla,Model S 100D,2017,,,Electric Motor Electric Fuel System,1-Speed A/T,Silver,Beige,None reported,Yes,46750.0,9,,0,0,Moderate
Volkswagen,Golf SportWagen TSI SE,2017,,Gasoline,170.0HP 1.8L 4 Cylinder Engine Gasoline Fuel,6-Speed A/T,Blue,Beige,None reported,Yes,16500.0,9,,0,0,Moderate
Jeep,Wrangler Unlimited Sahara,2020,,Gasoline,2.0L I4 16V GDI DOHC Turbo,8-Speed Automatic,Granite Crystal Clearcoat Metallic,Black,At least 1 accident or damage reported,,39860.0,6,,0,0,Moderate
Kia,Sorento SXL,2017,,Gasoline,3.3L V6 24V GDI DOHC,6-Speed Automatic,Titanium Silver,Satin Black,None reported,,15998.0,9,,0,0,Moderate
Lexus,LS 430 Base,2006,,Gasoline,278.0HP 4.3L 8 Cylinder Engine Gasoline Fuel,6-Speed A/T,Silver,Gray,At least 1 accident or damage reported,Yes,7390.0,20,,1,0,Old
Mercedes-Benz,E-Class E 350 4MATIC,2014,,Gasoline,302.0HP 3.5L V6 Cylinder Engine Gasoline Fuel,7-Speed A/T,Black,Black,None reported,Yes,15500.0,12,,1,0,Old
Tesla,Model X 75D,2016,,,518.0HP Electric Motor Electric Fuel System,A/T,Black,Beige,None reported,Yes,52000.0,10,,0,0,Moderate
RAM,1500 Rebel,2020,,Gasoline,395.0HP 5.7L 8 Cylinder Engine Gasoline Fuel,8-Speed A/T,Black,Black,None reported,Yes,43500.0,6,,0,0,Moderate
MINI,Cooper Base,2008,,Gasoline,118.0HP 1.6L 4 Cylinder Engine Gasoline Fuel,6-Speed A/T,Red,Black,At least 1 accident or damage reported,Yes,4100.0,18,,0,0,Old
Jeep,Cherokee Sport,1996,,Gasoline,190.0HP 4.0L Straight 6 Cylinder Engine Gasoline Fuel,4-Speed A/T,Black,Gray,At least 1 accident or damage reported,Yes,6500.0,30,,0,0,Very Old
Ford,Mustang GT Premium,2013,,Gasoline,412.0HP 5.0L 8 Cylinder Engine Gasoline Fuel,6-Speed A/T,Silver,Black,None reported,Yes,29000.0,13,,0,0,Old
Lincoln,Navigator Reserve,2019,,Gasoline,450.0HP 3.5L V6 Cylinder Engine Gasoline Fuel,10-Speed A/T,Black,Black,None reported,Yes,51999.0,7,,0,0,Moderate
Jeep,Gladiator Rubicon,2020,,Gasoline,285.0HP 3.6L V6 Cylinder Engine Gasoline Fuel,8-Speed A/T,Black,Black,None reported,Yes,45000.0,6,,0,0,Moderate
Honda,Civic EX,2012,,Gasoline,140.0HP 1.8L 4 Cylinder Engine Gasoline Fuel,A/T,Black,–,None reported,Yes,6500.0,14,,0,0,Old
Jeep,Grand Cherokee Laredo,2012,,E85 Flex Fuel,290.0HP 3.6L V6 Cylinder Engine Flex Fuel Capability,A/T,White,Gray,At least 1 accident or damage reported,Yes,13000.0,14,,0,0,Old
Ford,Shelby GT500 Base,2021,,Gasoline,760.0HP 5.2L 8 Cylinder Engine Gasoline Fuel,Transmission w/Dual Shift Mode,Black,Black,None reported,Yes,82950.0,5,,0,0,New
Land,Rover Defender SE,2022,,Hybrid,395.0HP 3.0L Straight 6 Cylinder Engine Gasoline/Mild Electric Hybrid,8-Speed A/T,Green,Beige,None reported,Yes,75000.0,4,,0,0,New
Hummer,H3 Base,2007,,Gasoline,242.0HP 3.7L 5 Cylinder Engine Gasoline Fuel,A/T,White,Black,At least 1 accident or damage reported,Yes,7200.0,19,,0,0,Old
Kia,Sportage LX,2014,,Gasoline,182.0HP 2.4L 4 Cylinder Engine Gasoline Fuel,A/T,Black,Black,At least 1 accident or damage reported,Yes,8900.0,12,,0,0,Old
GMC,Yukon XL 1500 SLT,2015,,Gasoline,355.0HP 5.3L 8 Cylinder Engine Gasoline Fuel,6-Speed A/T,White,Beige,None reported,Yes,24950.0,11,,0,0,Old
Jeep,Wrangler Unlimited Sport,2020,,Gasoline,285.0HP 3.6L V6 Cylinder Engine Gasoline Fuel,8-Speed A/T,White,Black,None reported,Yes,36500.0,6,,0,0,Moderate
Ford,Bronco XLT,1995,,–,–,A/T,Blue,Gray,None reported,Yes,15000.0,31,,0,0,Very Old
Tesla,Model S Long Range Plus,2021,,,557.0HP Electric Motor Electric Fuel System,A/T,Gray,Black,None reported,Yes,67800.0,5,,0,0,New
Audi,A6 3.0T Prestige,2014,,Gasoline,310.0HP 3.0L V6 Cylinder Engine Gasoline Fuel,Transmission w/Dual Shift Mode,Gray,Black,None reported,Yes,18000.0,12,,1,0,Old
Jeep,Wrangler 80th Anniversary,2021,,Hybrid,285.0HP 3.6L V6 Cylinder Engine Gasoline/Mild Electric Hybrid,8-Speed A/T,Red,Black,None reported,Yes,37500.0,5,,0,0,New
Jeep,Wrangler Sport,2010,,Gasoline,202.0HP 3.8L V6 Cylinder Engine Gasoline Fuel,6-Speed M/T,Blue,Black,None reported,Yes,18500.0,16,,0,0,Old
Volkswagen,CC 2.0T Sport,2016,,Gasoline,200.0HP 2.0L 4 Cylinder Engine Gasoline Fuel,A/T,White,Black,At least 1 accident or damage reported,Yes,13000.0,10,,0,0,Moderate
Cadillac,SRX Luxury Collection,2016,,Gasoline,308.0HP 3.6L V6 Cylinder Engine Gasoline Fuel,6-Speed A/T,Silver,Beige,None reported,Yes,15500.0,10,,0,0,Moderate
Porsche,Cayenne Turbo,2009,,Gasoline,500.0HP 4.8L 8 Cylinder Engine Gasoline Fuel,Transmission w/Dual Shift Mode,Black,Beige,At least 1 accident or damage reported,Yes,35000.0,17,,0,0,Old
Toyota,4Runner 4WD,1999,,Gasoline,150.0HP 2.7L 4 Cylinder Engine Gasoline Fuel,5-Speed M/T,Silver,Beige,At least 1 accident or damage reported,Yes,8000.0,27,,0,0,Very Old
Mitsubishi,Eclipse GT,2003,,Gasoline,200.0HP 3.0L V6 Cylinder Engine Gasoline Fuel,4-Speed A/T,Gray,Black,At least 1 accident or damage reported,Yes,4200.0,23,,0,0,Very Old
Chevrolet,Corvette Stingray w/1LT,2023,,Gasoline,490.0HP 6.2L 8 Cylinder Engine Gasoline Fuel,8-Speed A/T,White,White,None reported,Yes,82500.0,3,,0,0,New
Toyota,GR86 Premium,2022,,Gasoline,228.0HP 2.4L 4 Cylinder Engine Gasoline Fuel,6-Speed A/T,Gray,Black,None reported,Yes,40000.0,4,,0,0,New
Land,Rover Range Rover P525 Westminster,2021,,Gasoline,5.0L V8 32V GDI DOHC Supercharged,8-Speed Automatic,Gray,Ebony,None reported,,89900.0,5,,0,0,New
Ford,Mustang GT Premium,2012,,Gasoline,412.0HP 5.0L 8 Cylinder Engine Gasoline Fuel,6-Speed A/T,White,Black,None reported,Yes,26500.0,14,,0,0,Old
Tesla,Model Y Long Range,2020,,,425.0HP Electric Motor Electric Fuel System,1-Speed A/T,White,White,None reported,Yes,44990.0,6,,0,0,Moderate
RAM,1500 Sport,2012,,Gasoline,390.0HP 5.7L 8 Cylinder Engine Gasoline Fuel,A/T,Black,Black,None reported,Yes,17900.0,14,,0,0,Old
INFINITI,Q60 3.0t Red Sport 400,2022,,Gasoline,400.0HP 3.0L V6 Cylinder Engine Gasoline Fuel,Transmission w/Dual Shift Mode,Red,Black,None reported,Yes,54000.0,4,,0,0,New
Volkswagen,e-Golf SE,2016,,,115.0HP Electric Motor Electric Fuel System,1-Speed A/T,Blue,Gray,None reported,Yes,12000.0,10,,0,0,Moderate
Tesla,Model X Long Range,2022,,,670.0HP Electric Motor Electric Fuel System,A/T,White,White,None reported,Yes,92500.0,4,,0,0,New
BMW,M5 Base,2015,,Gasoline,560.0HP 4.4L 8 Cylinder Engine Gasoline Fuel,7-Speed A/T,Black,Black,None reported,Yes,52500.0,11,,1,0,Old
Kia,K5 GT-Line,2022,,Gasoline,1.6L I4 16V GDI DOHC Turbo,8-Speed Automatic,Glacial White Pearl,Black,At least 1 accident or damage reported,Yes,29430.0,4,,0,0,New
Chevrolet,Caprice Classic Base,1996,,Gasoline,260.0HP 5.7L 8 Cylinder Engine Gasoline Fuel,A/T,Purple,Gray,,,18500.0,30,,0,0,Very Old
Subaru,BRZ Limited,2013,,Gasoline,200.0HP 2.0L 4 Cylinder Engine Gasoline Fuel,6-Speed M/T,Gray,Black,None reported,Yes,22888.0,13,,0,0,Old
Lincoln,MKZ Reserve I,2019,,Gasoline,245.0HP 2.0L 4 Cylinder Engine Gasoline Fuel,6-Speed A/T,White,Beige,None reported,Yes,26500.0,7,,0,0,Moderate
Chevrolet,Corvette Grand Sport,2019,,Gasoline,460.0HP 6.2L 8 Cylinder Engine Gasoline Fuel,7-Speed M/T,Silver,Red,None reported,Yes,61950.0,7,,0,0,Moderate
Audi,Q5 2.0T Premium Plus,2019,,Gasoline,248.0HP 2.0L 4 Cylinder Engine Gasoline Fuel,7-Speed A/T,White,Beige,At least 1 accident or damage reported,Yes,27000.0,7,,1,0,Moderate
Mazda,CX-9 Signature,2018,,Gasoline,227.0HP 2.5L 4 Cylinder Engine Gasoline Fuel,Transmission w/Dual Shift Mode,White,Brown,None reported,Yes,32250.0,8,,0,0,Moderate
Ford,Mustang GT,2016,,Gasoline,435.0HP 5.0L 8 Cylinder Engine Gasoline Fuel,6-Speed M/T,Orange,Black,At least 1 accident or damage reported,Yes,31000.0,10,,0,0,Moderate
Chevrolet,Camaro 1SS,2022,,Gasoline,455.0HP 6.2L 8 Cylinder Engine Gasoline Fuel,A/T,Orange,Black,None reported,Yes,51999.0,4,,0,0,New
BMW,X5 xDrive35i,2016,,Gasoline,300.0HP 3.0L Straight 6 Cylinder Engine Gasoline Fuel,A/T,White,Brown,At least 1 accident or damage reported,Yes,21900.0,10,,1,0,Moderate
Nissan,Maxima SV,2014,,Gasoline,290.0HP 3.5L V6 Cylinder Engine Gasoline Fuel,Transmission w/Dual Shift Mode,White,Black,At least 1 accident or damage reported,Yes,10900.0,12,,0,0,Old
Toyota,Tundra TRD Pro,2016,,E85 Flex Fuel,381.0HP 5.7L 8 Cylinder Engine Flex Fuel Capability,6-Speed A/T,Black,Black,,,39900.0,10,,0,0,Moderate
INFINITI,QX60 AUTOGRAPH,2022,,Gasoline,295.0HP 3.5L V6 Cylinder Engine Gasoline Fuel,9-Speed A/T,Gold,Brown,None reported,Yes,57999.0,4,,0,0,New
Mitsubishi,Lancer Evolution MR,2006,,Gasoline,286.0HP 2.0L 4 Cylinder Engine Gasoline Fuel,6-Speed M/T,Silver,Black,None reported,Yes,37999.0,20,,0,0,Old
BMW,X3 xDrive30i,2021,,Gasoline,248.0HP 2.0L 4 Cylinder Engine Gasoline Fuel,Transmission w/Dual Shift Mode,White,Brown,None reported,Yes,39995.0,5,,1,0,New
Toyota,Tundra SR5,2016,,Gasoline,381.0HP 5.7L 8 Cylinder Engine Gasoline Fuel,6-Speed A/T,Red,Black,None reported,Yes,29950.0,10,,0,0,Moderate
Lincoln,Mark LT Base,2006,,Gasoline,300.0HP 5.4L 8 Cylinder Engine Gasoline Fuel,A/T,Silver,Black,At least 1 accident or damage reported,Yes,12999.0,20,,0,0,Old
Ford,Flex SEL,2011,,Gasoline,262.0HP 3.5L V6 Cylinder Engine Gasoline Fuel,6-Speed A/T,Black,Beige,None reported,Yes,7999.0,15,,0,0,Old
Audi,Q5 2.0T Premium Plus,2015,,E85 Flex Fuel,220.0HP 2.0L 4 Cylinder Engine Flex Fuel Capability,8-Speed A/T,Gray,Brown,At least 1 accident or damage reported,Yes,20995.0,11,,1,0,Old
Ford,F-150 XL,2021,,Gasoline,3.5L V6 24V PDI DOHC Twin Turbo,10-Speed Automatic,Agate Black Metallic,Black,None reported,Yes,38532.0,5,,0,0,New
Lincoln,Continental Reserve,2017,,Gasoline,335.0HP 2.7L V6 Cylinder Engine Gasoline Fuel,Transmission w/Dual Shift Mode,White,Beige,None reported,Yes,29000.0,9,,0,0,Moderate
Tesla,Model X 75D,2017,,,518.0HP Electric Motor Electric Fuel System,A/T,Black,Orange,At least 1 accident or damage reported,Yes,49900.0,9,,0,0,Moderate
Jeep,Grand Cherokee Limited,2017,,Gasoline,293.0HP 3.6L V6 Cylinder Engine Gasoline Fuel,8-Speed A/T,Blue,Black,At least 1 accident or damage reported,Yes,22500.0,9,,0,0,Moderate
GMC,Terrain SLT-1,2013,,Gasoline,182.0HP 2.4L 4 Cylinder Engine Gasoline Fuel,A/T,Blue,Black,At least 1 accident or damage reported,Yes,12300.0,13,,0,0,Old
Tesla,Model X Long Range,2022,,,670.0HP Electric Motor Electric Fuel System,A/T,Silver,Black,None reported,Yes,84000.0,4,,0,0,New
Mercedes-Benz,AMG E 53 Base 4MATIC,2021,,Hybrid,429.0HP 3.0L Straight 6 Cylinder Engine Gasoline/Mild Electric Hybrid,9-Speed A/T,Gray,Black,None reported,Yes,78000.0,5,,1,0,New
Subaru,Impreza WRX Base,2013,,Gasoline,265.0HP 2.5L 4 Cylinder Engine Gasoline Fuel,5-Speed M/T,Blue,Black,At least 1 accident or damage reported,Yes,16000.0,13,,0,0,Old
Kia,Optima S,2018,,Gasoline,185.0HP 2.4L 4 Cylinder Engine Gasoline Fuel,6-Speed A/T,White,Black,None reported,Yes,15000.0,8,,0,0,Moderate
Mercedes-Benz,M-Class ML 350,2011,,Gasoline,268.0HP 3.5L V6 Cylinder Engine Gasoline Fuel,A/T,Black,Black,None reported,Yes,11900.0,15,,1,0,Old
Volkswagen,Beetle 2.0T S,2018,,Gasoline,174.0HP 2.0L 4 Cylinder Engine Gasoline Fuel,6-Speed A/T,Red,Red,None reported,Yes,23999.0,8,,0,0,Moderate
Acura,RSX Base,2005,,Gasoline,160.0HP 2.0L 4 Cylinder Engine Gasoline Fuel,A/T,Gray,Beige,At least 1 accident or damage reported,Yes,6700.0,21,,0,0,Very Old
GMC,Acadia SLE,2020,,Gasoline,310.0HP 3.6L V6 Cylinder Engine Gasoline Fuel,9-Speed A/T,Black,Black,None reported,Yes,27700.0,6,,0,0,Moderate
Ford,F-150 Lariat,2020,,Gasoline,325.0HP 2.7L V6 Cylinder Engine Gasoline Fuel,A/T,Blue,Gray,None reported,Yes,42500.0,6,,0,0,Moderate
Jeep,Gladiator Overland,2020,,Gasoline,285.0HP 3.6L V6 Cylinder Engine Gasoline Fuel,A/T,White,Beige,None reported,Yes,46500.0,6,,0,0,Moderate
Toyota,Tacoma TRD Sport,2020,,Gasoline,3.5 Liter,6 Speed Mt,Black,Black/Gun Metal,None reported,,41598.0,6,,0,0,Moderate
Kia,EV6 GT-Line,2022,,,320.0HP Electric Motor Electric Fuel System,1-Speed A/T,Gray,Black,None reported,Yes,45000.0,4,,0,0,New
Genesis,GV70 3.5T Sport,2022,,Gasoline,375.0HP 3.5L V6 Cylinder Engine Gasoline Fuel,8-Speed A/T,Gray,White,None reported,Yes,53000.0,4,,0,0,New
Ford,Explorer ST,2022,,Gasoline,400.0HP 3.0L V6 Cylinder Engine Gasoline Fuel,Transmission w/Dual Shift Mode,Black,Black,,,50000.0,4,,0,0,New
MINI,Countryman Cooper,2020,,Gasoline,1.5L I3 12V GDI DOHC Turbo,7-Speed Automatic with Auto-Shift,Black,Black,None reported,Yes,21612.0,6,,0,0,Moderate
Mazda,CX-5 Grand Touring,2021,,Gasoline,2.5L I4 16V GDI DOHC,6-Speed Automatic,Sonic Silver Metallic,Black,None reported,Yes,26485.0,5,,0,0,New
BMW,325 i,2003,,Gasoline,184.0HP 2.5L Straight 6 Cylinder Engine Gasoline Fuel,5-Speed M/T,Silver,Black,At least 1 accident or damage reported,Yes,4800.0,23,,1,0,Very Old
Ford,Mustang EcoBoost Premium,2019,,–,–,6-Speed M/T,Gray,Black,None reported,Yes,34700.0,7,,0,0,Moderate
Toyota,Yaris L,2012,,Gasoline,106.0HP 1.5L 4 Cylinder Engine Gasoline Fuel,4-Speed A/T,Black,Gray,At least 1 accident or damage reported,Yes,7950.0,14,,0,0,Old
Chevrolet,Express 1500 Base,2010,,E85 Flex Fuel,310.0HP 5.3L 8 Cylinder Engine Flex Fuel Capability,4-Speed A/T,White,Gray,At least 1 accident or damage reported,Yes,4900.0,16,,0,0,Old
Lincoln,Navigator L Select,2016,,Gasoline,380.0HP 3.5L V6 Cylinder Engine Gasoline Fuel,6-Speed A/T,Black,Black,None reported,Yes,22500.0,10,,0,0,Moderate
Jeep,Wrangler Sahara Altitude,2023,,Hybrid,285.0HP 3.6L V6 Cylinder Engine Gasoline/Mild Electric Hybrid,A/T,Gray,Black,None reported,Yes,62500.0,3,,0,0,New
Bentley,Continental GT Base,2007,,Gasoline,552.0HP 6.0L 12 Cylinder Engine Gasoline Fuel,A/T,Black,Black,At least 1 accident or damage reported,Yes,35995.0,19,,0,0,Old
Lexus,RX 350 F Sport,2018,,Gasoline,295.0HP 3.5L V6 Cylinder Engine Gasoline Fuel,8-Speed A/T,Gray,Red,None reported,Yes,37899.0,8,,1,0,Moderate
BMW,430 i,2017,,Gasoline,248.0HP 2.0L 4 Cylinder Engine Gasoline Fuel,8-Speed A/T,White,Brown,None reported,Yes,21000.0,9,,1,0,Moderate
Honda,Civic EX,2008,,Gasoline,140.0HP 1.8L 4 Cylinder Engine Gasoline Fuel,5-Speed M/T,Silver,Silver,At least 1 accident or damage reported,Yes,5500.0,18,,0,0,Old
Porsche,Cayenne AWD,2020,,Gasoline,335.0HP 3.0L V6 Cylinder Engine Gasoline Fuel,8-Speed A/T,White,Black,None reported,Yes,59900.0,6,,0,0,Moderate
Ford,Mustang Mach-E GT,2022,,,480.0HP Electric Motor Electric Fuel System,1-Speed A/T,White,Black,None reported,Yes,54000.0,4,,0,0,New
Cadillac,ATS 2.5L Luxury,2013,,Gasoline,202.0HP 2.5L 4 Cylinder Engine Gasoline Fuel,6-Speed A/T,Blue,Black,None reported,Yes,13600.0,13,,0,0,Old
Lexus,LS 460 Base,2014,,Gasoline,386.0HP 4.6L 8 Cylinder Engine Gasoline Fuel,8-Speed A/T,White,Beige,None reported,Yes,24995.0,12,,1,0,Old
Cadillac,Escalade Premium Luxury,2021,,Gasoline,420.0HP 6.2L 8 Cylinder Engine Gasoline Fuel,10-Speed A/T,White,Brown,None reported,Yes,88900.0,5,,0,0,New
Mercedes-Benz,C-Class C 300 4MATIC Sport,2016,,Gasoline,241.0HP 2.0L 4 Cylinder Engine Gasoline Fuel,7-Speed A/T,White,Gray,None reported,Yes,20490.0,10,,1,0,Moderate
Hyundai,Veloster Base,2013,,Gasoline,132.0HP 1.6L 4 Cylinder Engine Gasoline Fuel,Transmission w/Dual Shift Mode,Silver,Black,At least 1 accident or damage reported,Yes,10500.0,13,,0,0,Old
Chevrolet,Corvette Base,2002,,Gasoline,350.0HP 5.7L 8 Cylinder Engine Gasoline Fuel,4-Speed A/T,Orange,Black,None reported,Yes,30000.0,24,,0,0,Very Old
Mercedes-Benz,C-Class C 300 4MATIC,2019,,Gasoline,2.0L I4 16V GDI DOHC Turbo,9-Speed Automatic,Lunar Blue Metallic,Macchiato,None reported,,26900.0,7,,1,0,Moderate
Kia,Stinger GT,2018,,Gasoline,365.0HP 3.3L V6 Cylinder Engine Gasoline Fuel,A/T,Silver,Black,None reported,Yes,29950.0,8,,0,0,Moderate
Volvo,S60 R,2004,,Gasoline,300.0HP 2.5L 5 Cylinder Engine Gasoline Fuel,6-Speed M/T,Black,Beige,None reported,Yes,8000.0,22,,0,0,Very Old
Chevrolet,Silverado 2500 LT,2015,,E85 Flex Fuel,360.0HP 6.0L 8 Cylinder Engine Flex Fuel Capability,A/T,Brown,Black,None reported,Yes,27499.0,11,,0,0,Old
Land,Rover Range Rover 3.0L V6 Supercharged HSE,2019,,Gasoline,380.0HP 3.0L V6 Cylinder Engine Gasoline Fuel,A/T,Black,Black,None reported,Yes,54995.0,7,,0,0,Moderate
GMC,Sierra 1500 SLE,2015,,Gasoline,355.0HP 5.3L 8 Cylinder Engine Gasoline Fuel,6-Speed A/T,Silver,Black,At least 1 accident or damage reported,Yes,24500.0,11,,0,0,Old
Chevrolet,Silverado 1500 RST,2020,,Gasoline,5.3L V8 16V GDI OHV,Automatic,Cajun Red Tintcoat,Jet Black,At least 1 accident or damage reported,Yes,44800.0,6,,0,0,Moderate
Chevrolet,Suburban Z71,2022,,Gasoline,420.0HP 6.2L 8 Cylinder Engine Gasoline Fuel,10-Speed A/T,White,Black,None reported,Yes,69790.0,4,,0,0,New
Land,Rover Range Rover Sport HSE,2011,,Gasoline,375.0HP 5.0L 8 Cylinder Engine Gasoline Fuel,A/T,Black,Black,None reported,Yes,10000.0,15,,0,0,Old
Ford,F-250 Lariat,2016,,Diesel,440.0HP 6.7L 8 Cylinder Engine Diesel Fuel,6-Speed A/T,Gray,Black,None reported,Yes,38900.0,10,,0,0,Moderate
Subaru,BRZ Limited,2022,,Gasoline,228.0HP 2.4L 4 Cylinder Engine Gasoline Fuel,6-Speed M/T,White,Black,None reported,Yes,34999.0,4,,0,0,New
Lexus,LS 460 Base,2008,,Gasoline,380.0HP 4.6L 8 Cylinder Engine Gasoline Fuel,8-Speed A/T,Black,Beige,None reported,Yes,15397.0,18,,1,0,Old
Land,Rover Range Rover Sport HSE,2013,,Gasoline,375.0HP 5.0L 8 Cylinder Engine Gasoline Fuel,6-Speed A/T,Black,Black,At least 1 accident or damage reported,Yes,15000.0,13,,0,0,Old
Cadillac,Escalade Sport Platinum,2021,,Gasoline,420.0HP 6.2L 8 Cylinder Engine Gasoline Fuel,A/T,White,Black,At least 1 accident or damage reported,Yes,94995.0,5,,0,0,New
Nissan,Pathfinder S,2020,,Gasoline,284.0HP 3.5L V6 Cylinder Engine Gasoline Fuel,CVT Transmission,White,–,None reported,Yes,21865.0,6,,0,0,Moderate
MINI,Cooper S Base,2006,,Gasoline,168.0HP 1.6L 4 Cylinder Engine Gasoline Fuel,6-Speed A/T,Orange,Black,None reported,Yes,5500.0,20,,0,0,Old
Acura,ILX 2.0L w/Premium Package,2013,,Gasoline,150.0HP 2.0L 4 Cylinder Engine Gasoline Fuel,Transmission w/Dual Shift Mode,White,Black,At least 1 accident or damage reported,Yes,11000.0,13,,0,0,Old
Lexus,RX 350 Base,2021,,Gasoline,3.5L V6 24V PDI DOHC,8-Speed Automatic,Atomic Silver,Gray,At least 1 accident or damage reported,,42599.0,5,,1,0,New
Porsche,911 Carrera S,2013,,Gasoline,400.0HP 3.8L Flat 6 Cylinder Engine Gasoline Fuel,7-Speed M/T,White,Gray,None reported,Yes,76500.0,13,,0,0,Old
MINI,Hardtop Cooper S,2022,,Gasoline,189.0HP 2.0L 4 Cylinder Engine Gasoline Fuel,6-Speed M/T,Gray,Black,None reported,Yes,30000.0,4,,0,0,New
Ford,F-150 Platinum,2018,,Gasoline,375.0HP 3.5L V6 Cylinder Engine Gasoline Fuel,A/T,Gold,Black,At least 1 accident or damage reported,Yes,46900.0,8,,0,0,Moderate
BMW,i3 Base,2015,,,170.0HP 0.65L Electric Motor Electric Fuel System,1-Speed A/T,White,Beige,None reported,Yes,14999.0,11,,1,0,Old
Mazda,CX-5 Touring,2018,,Gasoline,187.0HP 2.5L 4 Cylinder Engine Gasoline Fuel,Transmission w/Dual Shift Mode,Gray,Black,None reported,Yes,21800.0,8,,0,0,Moderate
Lexus,RX 350 F Sport Performance,2020,,Gasoline,295.0HP 3.5L V6 Cylinder Engine Gasoline Fuel,A/T,Black,Red,None reported,Yes,32600.0,6,,1,0,Moderate
BMW,X5 M50i,2023,,Gasoline,4.4L V8 32V GDI DOHC Twin Turbo,8-Speed Automatic,Black Sapphire Metallic,Black,None reported,,77897.0,3,,1,0,New
Mercedes-Benz,E-Class E 300,2019,,Gasoline,2.0 Liter Turbo,Automatic,Obsidian Black Metallic,Beige,None reported,,33998.0,7,,1,0,Moderate
Porsche,911 Carrera Cabriolet,2006,,Gasoline,325.0HP 3.6L Flat 6 Cylinder Engine Gasoline Fuel,6-Speed M/T,Silver,Black,At least 1 accident or damage reported,Yes,52500.0,20,,0,0,Old
Ford,F-350 Lariat,2015,,Diesel,440.0HP 6.7L 8 Cylinder Engine Diesel Fuel,Transmission w/Dual Shift Mode,Red,Beige,None reported,Yes,32000.0,11,,0,0,Old
BMW,X3 xDrive30i,2019,,Gasoline,2.0L I4 16V GDI DOHC Turbo,8-Speed Automatic,Alpine White,Black,None reported,Yes,24999.0,7,,1,0,Moderate
RAM,1500 SLT,2017,,Gasoline,395.0HP 5.7L 8 Cylinder Engine Gasoline Fuel,8-Speed A/T,Blue,Gray,At least 1 accident or damage reported,Yes,27000.0,9,,0,0,Moderate
Toyota,Tacoma Base,2009,,Gasoline,159.0HP 2.7L 4 Cylinder Engine Gasoline Fuel,M/T,Brown,Silver,None reported,Yes,17900.0,17,,0,0,Old
Cadillac,SRX Performance Collection,2011,,Gasoline,265.0HP 3.0L V6 Cylinder Engine Gasoline Fuel,6-Speed A/T,Gray,Beige,None reported,Yes,8450.0,15,,0,0,Old
Ford,Mustang GT Premium,2010,,Gasoline,315.0HP 4.6L 8 Cylinder Engine Gasoline Fuel,5-Speed A/T,White,Black,None reported,Yes,20000.0,16,,0,0,Old
Dodge,Ram 2500 Laramie Quad Cab,2004,,Diesel,250.0HP 5.9L Straight 6 Cylinder Engine Diesel Fuel,4-Speed A/T,Black,Beige,None reported,Yes,19000.0,22,,0,0,Very Old
BMW,650 i,2006,,Gasoline,360.0HP 4.8L 8 Cylinder Engine Gasoline Fuel,6-Speed M/T,Silver,Black,None reported,Yes,10500.0,20,,1,0,Old
Subaru,Impreza WRX,2012,,Gasoline,265.0HP 2.5L 4 Cylinder Engine Gasoline Fuel,M/T,Black,Black,None reported,Yes,15000.0,14,,0,0,Old
Ford,Edge Titanium,2017,,Gasoline,245.0HP 2.0L 4 Cylinder Engine Gasoline Fuel,6-Speed A/T,Gray,Black,At least 1 accident or damage reported,Yes,16500.0,9,,0,0,Moderate
Kia,Telluride SX,2021,,Gasoline,3.8L V6 24V GDI DOHC,8-Speed Automatic,Black,Black,None reported,,44315.0,5,,0,0,New
Tesla,Model S Long Range,2022,,,670.0HP Electric Motor Electric Fuel System,1-Speed A/T,Gray,White,None reported,Yes,68750.0,4,,0,0,New
RAM,1500 Rebel,2018,,Gasoline,395.0HP 5.7L 8 Cylinder Engine Gasoline Fuel,A/T,White,Black,At least 1 accident or damage reported,Yes,37050.0,8,,0,0,Moderate
Ford,Explorer XLT,2017,,Gasoline,290.0HP 3.5L V6 Cylinder Engine Gasoline Fuel,6-Speed A/T,Gray,Black,None reported,Yes,17500.0,9,,0,0,Moderate
Mercedes-Benz,AMG GLE 43 4MATIC Coupe,2019,,Gasoline,385.0HP 3.0L V6 Cylinder Engine Gasoline Fuel,9-Speed A/T,Black,Black,None reported,Yes,61350.0,7,,1,0,Moderate
Audi,Q5 2.0T Premium Plus,2016,,E85 Flex Fuel,220.0HP 2.0L 4 Cylinder Engine Flex Fuel Capability,A/T,White,Beige,At least 1 accident or damage reported,Yes,20499.0,10,,1,0,Moderate
Nissan,Armada Platinum,2018,,Gasoline,390.0HP 5.6L 8 Cylinder Engine Gasoline Fuel,Transmission w/Dual Shift Mode,Black,Black,None reported,Yes,20999.0,8,,0,0,Moderate
Mercedes-Benz,SL-Class SL500 Roadster,2003,,Gasoline,302.0HP 5.0L 8 Cylinder Engine Gasoline Fuel,5-Speed A/T,White,Beige,None reported,Yes,12500.0,23,,1,0,Very Old
Jeep,Gladiator Overland,2021,,Gasoline,285.0HP 3.6L V6 Cylinder Engine Gasoline Fuel,A/T,Black,Black,None reported,Yes,55000.0,5,,0,0,New
Dodge,Charger SE,2017,,Gasoline,292.0HP 3.6L V6 Cylinder Engine Gasoline Fuel,A/T,Red,Black,None reported,Yes,18650.0,9,,0,0,Moderate
Lincoln,MKX Black Label,2017,,Gasoline,335.0HP 2.7L V6 Cylinder Engine Gasoline Fuel,6-Speed A/T,Silver,Black,None reported,Yes,26500.0,9,,0,0,Moderate
Toyota,Tundra SR5,2015,,Gasoline,5.7L V8 32V MPFI DOHC,6-Speed Automatic,Black,–,None reported,Yes,31380.0,11,,0,0,Old
BMW,335 i,2008,,Gasoline,300.0HP 3.0L Straight 6 Cylinder Engine Gasoline Fuel,Transmission w/Dual Shift Mode,Black,Brown,None reported,Yes,13998.0,18,,1,0,Old
BMW,X1 xDrive28i,2019,,Gasoline,228.0HP 2.0L 4 Cylinder Engine Gasoline Fuel,Transmission w/Dual Shift Mode,White,Black,None reported,Yes,34500.0,7,,1,0,Moderate
Mercedes-Benz,Sprinter High Roof,2015,,Diesel,188.0HP 3.0L V6 Cylinder Engine Diesel Fuel,A/T,White,Gray,None reported,Yes,39500.0,11,,1,0,Old
Dodge,Challenger GT,2021,,Gasoline,303.0HP 3.6L V6 Cylinder Engine Gasoline Fuel,A/T,Black,Black,None reported,Yes,32500.0,5,,0,0,New
Audi,S4 3.0 Prestige,2012,,Gasoline,333.0HP 3.0L V6 Cylinder Engine Gasoline Fuel,7-Speed A/T,Black,Black,None reported,Yes,31000.0,14,,1,0,Old
Toyota,Tacoma TRD Sport,2018,,Gasoline,3.5 Liter,Automatic,Magnetic Gray Metallic,Graphite w/Gun Metal,None reported,,35998.0,8,,0,0,Moderate
Mercedes-Benz,Sprinter 2500 Standard Roof,2021,,Diesel,188.0HP 3.0L V6 Cylinder Engine Diesel Fuel,7-Speed A/T,Red,Black,None reported,Yes,56500.0,5,,1,0,New
INFINITI,Q50 3.0t Red Sport 400,2018,,Gasoline,400.0HP 3.0L V6 Cylinder Engine Gasoline Fuel,Transmission w/Dual Shift Mode,Black,Black,None reported,Yes,28900.0,8,,0,0,Moderate
Porsche,911 Carrera 4S,2002,,Gasoline,320.0HP 3.6L Flat 6 Cylinder Engine Gasoline Fuel,6-Speed M/T,Black,Black,At least 1 accident or damage reported,Yes,36995.0,24,,0,0,Very Old
Ford,Expedition Max Limited,2021,,Gasoline,375.0HP 3.5L V6 Cylinder Engine Gasoline Fuel,10-Speed A/T,White,Beige,None reported,Yes,51999.0,5,,0,0,New
Chevrolet,Corvette Stingray w/3LT,2023,,Gasoline,490.0HP 6.2L 8 Cylinder Engine Gasoline Fuel,8-Speed A/T,Gray,Beige,None reported,Yes,92000.0,3,,0,0,New
Mercedes-Benz,C-Class C 300,2019,,Gasoline,255.0HP 2.0L 4 Cylinder Engine Gasoline Fuel,A/T,Blue,Black,None reported,Yes,27900.0,7,,1,0,Moderate
Jeep,Grand Cherokee Limited,2005,,Gasoline,325.0HP 5.7L 8 Cylinder Engine Gasoline Fuel,A/T,Black,Gray,None reported,Yes,9998.0,21,,0,0,Very Old
Dodge,Charger SRT Hellcat,2020,,Gasoline,707.0HP 6.2L 8 Cylinder Engine Gasoline Fuel,8-Speed A/T,Gray,Black,At least 1 accident or damage reported,Yes,67000.0,6,,0,0,Moderate
Mercedes-Benz,C-Class C 300 4MATIC,2018,,Gasoline,241.0HP 2.0L 4 Cylinder Engine Gasoline Fuel,A/T,Black,Black,None reported,Yes,23450.0,8,,1,0,Moderate
Cadillac,DTS Luxury,2007,,Gasoline,275.0HP 4.6L 8 Cylinder Engine Gasoline Fuel,A/T,Gold,Beige,At least 1 accident or damage reported,Yes,3499.0,19,,0,0,Old
Maserati,Grecale Modena,2023,,Gasoline,2.0L I4 16V GDI DOHC Turbo,8-Speed Automatic,White,Red,None reported,Yes,69645.0,3,,0,0,New
Mercedes-Benz,S-Class S 550,2016,,Gasoline,449.0HP 4.7L 8 Cylinder Engine Gasoline Fuel,7-Speed A/T,Black,Black,None reported,Yes,34500.0,10,,1,0,Moderate
Chevrolet,Malibu 1LT,2017,,Gasoline,160.0HP 1.5L 4 Cylinder Engine Gasoline Fuel,A/T,Gray,Gray,At least 1 accident or damage reported,Yes,16000.0,9,,0,0,Moderate
Nissan,Quest SL,2011,,Gasoline,260.0HP 3.5L V6 Cylinder Engine Gasoline Fuel,A/T,White,Gray,At least 1 accident or damage reported,Yes,7500.0,15,,0,0,Old
Mercedes-Benz,SLK-Class SLK 250,2015,,Gasoline,201.0HP 1.8L 4 Cylinder Engine Gasoline Fuel,7-Speed A/T,Blue,Beige,None reported,Yes,23500.0,11,,1,0,Old
GMC,Sierra 2500 Denali,2024,,Gasoline,401.0HP 6.6L 8 Cylinder Engine Gasoline Fuel,10-Speed A/T,White,Black,None reported,Yes,81500.0,2,,0,0,New
Lexus,RX 350 Base,2016,,Gasoline,295.0HP 3.5L V6 Cylinder Engine Gasoline Fuel,8-Speed A/T,Black,Brown,None reported,Yes,28000.0,10,,1,0,Moderate
Chevrolet,Corvette Stingray w/3LT,2020,,Gasoline,6.2L V8 16V GDI OHV,8-Speed Automatic with Auto-Shift,Arctic White,Tension,None reported,,87500.0,6,,0,0,Moderate
BMW,330 i,2019,,Gasoline,255.0HP 2.0L 4 Cylinder Engine Gasoline Fuel,8-Speed A/T,White,Black,None reported,Yes,27500.0,7,,1,0,Moderate
Mercedes-Benz,GLC 300 Base,2020,,Gasoline,255.0HP 2.0L 4 Cylinder Engine Gasoline Fuel,A/T,Gold,Beige,None reported,Yes,33500.0,6,,1,0,Moderate
Tesla,Model S 75D,2016,,,518.0HP Electric Motor Electric Fuel System,1-Speed A/T,White,Black,None reported,Yes,31300.0,10,,0,0,Moderate
Chevrolet,Corvette Stingray w/2LT,2022,,Gasoline,6.2L V8 16V GDI OHV,8-Speed Manual,Silver Flare Metallic,Adrenaline Red,None reported,,80900.0,4,,0,0,New
Jaguar,XF 25t Prestige,2018,,Gasoline,247.0HP 2.0L 4 Cylinder Engine Gasoline Fuel,Transmission w/Dual Shift Mode,Black,Black,None reported,Yes,32500.0,8,,0,0,Moderate
Ford,F-150 XLT,2021,,Gasoline,2.7L V6 24V PDI DOHC Twin Turbo,10-Speed Automatic,Antimatter Blue Metallic,Black,None reported,,42995.0,5,,0,0,New
Ford,Bronco Outer Banks,2023,,Gasoline,275.0HP 2.3L 4 Cylinder Engine Gasoline Fuel,10-Speed A/T,Gray,Blue,,,54900.0,3,,0,0,New
Scion,FR-S Monogram,2014,,Gasoline,200.0HP 2.0L 4 Cylinder Engine Gasoline Fuel,6-Speed M/T,Black,Black,At least 1 accident or damage reported,Yes,8900.0,12,,0,0,Old
Mercedes-Benz,C-Class C 300 4MATIC,2020,,Gasoline,255.0HP 2.0L 4 Cylinder Engine Gasoline Fuel,9-Speed A/T,Blue,Beige,None reported,Yes,35500.0,6,,1,0,Moderate
Chevrolet,Tahoe Premier,2019,,Gasoline,5.3L V8 16V GDI OHV,Automatic,Silver Ice Metallic,Jet Black,None reported,,49573.0,7,,0,0,Moderate
BMW,M3 Base,2002,,Gasoline,333.0HP 3.2L Straight 6 Cylinder Engine Gasoline Fuel,6-Speed A/T,Black,Black,None reported,Yes,15000.0,24,,1,0,Very Old
Ford,F-150 Lariat,2016,,E85 Flex Fuel,385.0HP 5.0L 8 Cylinder Engine Flex Fuel Capability,6-Speed A/T,Gray,Black,None reported,Yes,65000.0,10,,0,0,Moderate
BMW,i3 Base w/Range Extender,2014,,,170.0HP 0.65L Electric Motor Electric Fuel System,A/T,White,Gray,None reported,Yes,11499.0,12,,1,0,Old
INFINITI,G37 Journey,2013,,Gasoline,328.0HP 3.7L V6 Cylinder Engine Gasoline Fuel,A/T,Gray,Black,None reported,Yes,21990.0,13,,0,0,Old
Ford,Expedition XLT,2007,,Gasoline,300.0HP 5.4L 8 Cylinder Engine Gasoline Fuel,6-Speed A/T,White,Beige,None reported,Yes,6900.0,19,,0,0,Old
BMW,X3 sDrive30i,2021,,Gasoline,248.0HP 2.0L 4 Cylinder Engine Gasoline Fuel,A/T,Blue,Blue,None reported,Yes,39990.0,5,,1,0,New
Aston,Martin Vantage GT Base,2015,,Gasoline,430.0HP 4.7L 8 Cylinder Engine Gasoline Fuel,6-Speed M/T,Black,Black,None reported,Yes,80000.0,11,,0,0,Old
Chevrolet,Tahoe LT,2009,,E85 Flex Fuel,320.0HP 5.3L 8 Cylinder Engine Flex Fuel Capability,6-Speed A/T,Black,Black,None reported,Yes,15000.0,17,,0,0,Old
Ford,Transit-250 Base,2020,,Gasoline,310.0HP 3.5L V6 Cylinder Engine Gasoline Fuel,A/T,White,Black,At least 1 accident or damage reported,Yes,38500.0,6,,0,0,Moderate
Lexus,ES 250 Base,2021,,Gasoline,2.5 Liter,Automatic,Emin White,Black,None reported,,39998.0,5,,1,0,New
RAM,1500 Rebel,2020,,Hybrid,395.0HP 5.7L 8 Cylinder Engine Gasoline/Mild Electric Hybrid,8-Speed A/T,Gray,Black,At least 1 accident or damage reported,Yes,41900.0,6,,0,0,Moderate
Ford,Maverick XL,2023,,Hybrid,191.0HP 2.5L 4 Cylinder Engine Gas/Electric Hybrid,A/T,Silver,Black,None reported,Yes,29999.0,3,,0,0,New
BMW,Z3 3.0i Roadster,2001,,Gasoline,225.0HP 3.0L Straight 6 Cylinder Engine Gasoline Fuel,5-Speed M/T,Black,Beige,None reported,Yes,10500.0,25,,1,0,Very Old
Chevrolet,Camaro 1SS,2022,,Gasoline,455.0HP 6.2L 8 Cylinder Engine Gasoline Fuel,6-Speed M/T,Blue,Black,None reported,Yes,50000.0,4,,0,0,New
Chevrolet,Corvette Stingray w/3LT,2023,,Gasoline,490.0HP 6.2L 8 Cylinder Engine Gasoline Fuel,8-Speed A/T,Blue,Black,None reported,Yes,92000.0,3,,0,0,New
Pontiac,Solstice GXP,2007,,Gasoline,260.0HP 2.0L 4 Cylinder Engine Gasoline Fuel,5-Speed A/T,Silver,Black,None reported,Yes,19000.0,19,,0,0,Old
Cadillac,XTS Luxury,2017,,Gasoline,304.0HP 3.6L V6 Cylinder Engine Gasoline Fuel,6-Speed A/T,Gray,Black,At least 1 accident or damage reported,Yes,20997.0,9,,0,0,Moderate
Toyota,Highlander Limited,2011,,Gasoline,270.0HP 3.5L V6 Cylinder Engine Gasoline Fuel,5-Speed A/T,White,Gray,At least 1 accident or damage reported,Yes,16600.0,15,,0,0,Old
Lincoln,Navigator Reserve,2020,,Gasoline,450.0HP 3.5L V6 Cylinder Engine Gasoline Fuel,10-Speed A/T,Black,Gray,At least 1 accident or damage reported,Yes,55999.0,6,,0,0,Moderate
Toyota,Highlander Hybrid Limited Platinum,2019,,Hybrid,306.0HP 3.5L V6 Cylinder Engine Gas/Electric Hybrid,CVT Transmission,Blue,Black,None reported,Yes,43000.0,7,,0,0,Moderate
Audi,A3 2.0T Tech Premium,2018,,Gasoline,220.0HP 2.0L 4 Cylinder Engine Gasoline Fuel,Transmission w/Dual Shift Mode,White,Black,None reported,Yes,26999.0,8,,1,0,Moderate
Jeep,Wrangler SE,2003,,Gasoline,150.0HP 2.4L 4 Cylinder Engine Gasoline Fuel,M/T,Gold,Black,None reported,Yes,12500.0,23,,0,0,Very Old
Toyota,Tacoma SR,2022,,Gasoline,278.0HP 3.5L V6 Cylinder Engine Gasoline Fuel,A/T,Black,Gray,None reported,Yes,36500.0,4,,0,0,New
Chevrolet,Trailblazer SS,2007,,Gasoline,395.0HP 6.0L 8 Cylinder Engine Gasoline Fuel,A/T,Black,Black,At least 1 accident or damage reported,Yes,15000.0,19,,0,0,Old
Audi,A5 2.0T Premium Plus,2019,,Gasoline,248.0HP 2.0L 4 Cylinder Engine Gasoline Fuel,7-Speed A/T,Gray,Black,None reported,Yes,34995.0,7,,1,0,Moderate
Audi,A6 55 Premium,2020,,Hybrid,335.0HP 3.0L V6 Cylinder Engine Gasoline/Mild Electric Hybrid,7-Speed A/T,White,Beige,None reported,Yes,39900.0,6,,1,0,Moderate
Mercedes-Benz,Sprinter 2500,2016,,Diesel,188.0HP 3.0L V6 Cylinder Engine Diesel Fuel,5-Speed A/T,Silver,–,At least 1 accident or damage reported,Yes,24500.0,10,,1,0,Moderate
Porsche,911 Carrera,2005,,Gasoline,325.0HP 3.6L Flat 6 Cylinder Engine Gasoline Fuel,6-Speed M/T,Silver,Black,None reported,Yes,49999.0,21,,0,0,Very Old
Chevrolet,Corvette Stingray w/2LT,2022,,Gasoline,490.0HP 6.2L 8 Cylinder Engine Gasoline Fuel,8-Speed A/T,Red,Red,None reported,Yes,85989.0,4,,0,0,New
GMC,Acadia SLE,2021,,Gasoline,228.0HP 2.0L 4 Cylinder Engine Gasoline Fuel,A/T,White,Black,None reported,Yes,30900.0,5,,0,0,New
Chevrolet,Corvette Base,2007,,Gasoline,400.0HP 6.0L 8 Cylinder Engine Gasoline Fuel,Transmission w/Dual Shift Mode,Red,Beige,At least 1 accident or damage reported,Yes,27000.0,19,,0,0,Old
Ford,Mustang GT Premium,2018,,Gasoline,460.0HP 5.0L 8 Cylinder Engine Gasoline Fuel,6-Speed M/T,White,Black,None reported,Yes,42500.0,8,,0,0,Moderate
Ford,Edge SEL,2021,,Gasoline,2.0L I4 16V GDI DOHC Turbo,8-Speed Automatic,Silver,Ebony,None reported,Yes,31933.0,5,,0,0,New
Cadillac,Escalade Luxury,2012,,E85 Flex Fuel,403.0HP 6.2L 8 Cylinder Engine Flex Fuel Capability,A/T,Black,Black,None reported,Yes,16100.0,14,,0,0,Old
Chevrolet,Corvette Stingray w/3LT,2022,,Gasoline,490.0HP 6.2L 8 Cylinder Engine Gasoline Fuel,8-Speed A/T,White,Black,None reported,Yes,89900.0,4,,0,0,New
Toyota,Corolla LE,2016,,Gasoline,132.0HP 1.8L 4 Cylinder Engine Gasoline Fuel,A/T,Red,Gray,None reported,Yes,15100.0,10,,0,0,Moderate
Chevrolet,Express 2500 Work Van,2017,,Gasoline,285.0HP 4.8L 8 Cylinder Engine Gasoline Fuel,A/T,Blue,–,None reported,Yes,44600.0,9,,0,0,Moderate
Chevrolet,Trax LS,2020,,Gasoline,138.0HP 1.4L 4 Cylinder Engine Gasoline Fuel,6-Speed A/T,Black,Beige,None reported,Yes,19000.0,6,,0,0,Moderate
Volkswagen,Golf Auto TSI S,2015,,Gasoline,170.0HP 1.8L 4 Cylinder Engine Gasoline Fuel,Transmission w/Dual Shift Mode,Black,Black,None reported,Yes,13200.0,11,,0,0,Old
Nissan,Pathfinder Silver,2012,,Gasoline,266.0HP 4.0L V6 Cylinder Engine Gasoline Fuel,Transmission w/Dual Shift Mode,Black,Black,None reported,Yes,5000.0,14,,0,0,Old
Ford,F-150 Platinum,2018,,E85 Flex Fuel,395.0HP 5.0L 8 Cylinder Engine Flex Fuel Capability,10-Speed A/T,Black,Black,None reported,Yes,46000.0,8,,0,0,Moderate
Land,Rover Range Rover Velar P380 SE R-Dynamic,2019,,Gasoline,380.0HP 3.0L V6 Cylinder Engine Gasoline Fuel,8-Speed A/T,Silver,Beige,None reported,Yes,51900.0,7,,0,0,Moderate
Kia,Sportage LX,2010,,Gasoline,173.0HP 2.7L V6 Cylinder Engine Gasoline Fuel,A/T,White,Beige,None reported,Yes,3500.0,16,,0,0,Old
Lexus,LS 460 Base,2012,,Gasoline,380.0HP 4.6L 8 Cylinder Engine Gasoline Fuel,Transmission w/Dual Shift Mode,White,Beige,At least 1 accident or damage reported,Yes,9995.0,14,,1,0,Old
MINI,Cooper S Base,2012,,Gasoline,181.0HP 1.6L 4 Cylinder Engine Gasoline Fuel,6-Speed A/T,White,Black,None reported,Yes,10999.0,14,,0,0,Old
Volvo,XC60 T6 Inscription,2019,,Gasoline,330.0HP 2.0L 4 Cylinder Engine Gasoline Fuel,A/T,Silver,Black,None reported,Yes,36800.0,7,,0,0,Moderate
Ford,Explorer Limited,2018,,Gasoline,290.0HP 3.5L V6 Cylinder Engine Gasoline Fuel,Transmission w/Dual Shift Mode,Black,Black,None reported,Yes,26900.0,8,,0,0,Moderate
Mercedes-Benz,G-Class G 550 4MATIC,2016,,Gasoline,416.0HP 4.0L 8 Cylinder Engine Gasoline Fuel,7-Speed A/T,Blue,Black,None reported,Yes,73000.0,10,,1,0,Moderate
Jeep,Wrangler Unlimited Rubicon 392,2021,,Gasoline,470.0HP 6.4L 8 Cylinder Engine Gasoline Fuel,Transmission w/Dual Shift Mode,Gray,Black,None reported,Yes,72980.0,5,,0,0,New
Toyota,Avalon Hybrid XLE Premium,2015,,Hybrid,200.0HP 2.5L 4 Cylinder Engine Gas/Electric Hybrid,CVT Transmission,Blue,Gray,None reported,Yes,11500.0,11,,0,0,Old
Nissan,Juke SL,2012,,Gasoline,188.0HP 1.6L 4 Cylinder Engine Gasoline Fuel,CVT Transmission,Black,Black,None reported,Yes,12500.0,14,,0,0,Old
Porsche,911 Carrera 4,2013,,Gasoline,350.0HP 3.4L Flat 6 Cylinder Engine Gasoline Fuel,7-Speed A/T,Gray,Black,At least 1 accident or damage reported,Yes,59500.0,13,,0,0,Old
MINI,Cooper S Base,2012,,Gasoline,181.0HP 1.6L 4 Cylinder Engine Gasoline Fuel,6-Speed A/T,White,Black,None reported,Yes,9000.0,14,,0,0,Old
Subaru,Ascent Touring 7-Passenger,2019,,Gasoline,260.0HP 2.4L 4 Cylinder Engine Gasoline Fuel,CVT Transmission,Black,Brown,None reported,Yes,23900.0,7,,0,0,Moderate
Subaru,WRX STI Base,2017,,Gasoline,305.0HP 2.5L 4 Cylinder Engine Gasoline Fuel,6-Speed M/T,Blue,Black,None reported,Yes,32500.0,9,,0,0,Moderate
Land,Rover Range Rover Sport HSE,2019,,Gasoline,340.0HP 3.0L V6 Cylinder Engine Gasoline Fuel,Transmission w/Dual Shift Mode,White,Black,None reported,Yes,48990.0,7,,0,0,Moderate
Kia,Sorento Plug-In Hybrid SX Prestige,2022,,Plug-In Hybrid,261.0HP 1.6L 4 Cylinder Engine Plug-In Electric/Gas,6-Speed A/T,White,–,None reported,Yes,44990.0,4,,0,0,New
Chevrolet,Corvette Stingray w/2LT,2022,,Gasoline,490.0HP 6.2L 8 Cylinder Engine Gasoline Fuel,8-Speed A/T,White,Red,None reported,Yes,92500.0,4,,0,0,New
Tesla,Model 3 Performance,2020,,,455.0HP Electric Motor Electric Fuel System,1-Speed A/T,Silver,White,None reported,Yes,45999.0,6,,0,0,Moderate
Nissan,Armada SV,2017,,Gasoline,390.0HP 5.6L 8 Cylinder Engine Gasoline Fuel,A/T,Black,Black,None reported,Yes,16995.0,9,,0,0,Moderate
Porsche,Cayenne Turbo S,2014,,Gasoline,550.0HP 4.8L 8 Cylinder Engine Gasoline Fuel,8-Speed A/T,White,Black,None reported,Yes,32000.0,12,,0,0,Old
Subaru,Outback Touring XT,2021,,Gasoline,260.0HP 2.4L 4 Cylinder Engine Gasoline Fuel,CVT Transmission,Blue,Brown,None reported,Yes,34000.0,5,,0,0,New
Acura,RLX Advance Package,2016,,Gasoline,310.0HP 3.5L V6 Cylinder Engine Gasoline Fuel,6-Speed A/T,Black,Black,None reported,Yes,15450.0,10,,0,0,Moderate
Ford,Mustang GT,2001,,Gasoline,260.0HP 4.6L 8 Cylinder Engine Gasoline Fuel,5-Speed M/T,Black,Black,None reported,Yes,16995.0,25,,0,0,Very Old
BMW,330 i xDrive,2017,,Gasoline,248.0HP 2.0L 4 Cylinder Engine Gasoline Fuel,A/T,White,–,None reported,Yes,23000.0,9,,1,0,Moderate
Mercedes-Benz,SL-Class SL550 Roadster,2009,,Gasoline,382.0HP 5.5L 8 Cylinder Engine Gasoline Fuel,7-Speed A/T,Black,Black,None reported,Yes,27000.0,17,,1,0,Old
Audi,SQ8 4.0T Premium Plus,2021,,Gasoline,500.0HP 4.0L 8 Cylinder Engine Gasoline Fuel,Transmission w/Dual Shift Mode,Black,Red,None reported,Yes,76400.0,5,,1,0,New
MINI,Cooper S Base,2007,,Gasoline,172.0HP 1.6L 4 Cylinder Engine Gasoline Fuel,A/T,Beige,Black,None reported,Yes,3600.0,19,,0,0,Old
Ford,Mustang EcoBoost,2021,,Gasoline,310.0HP 2.3L 4 Cylinder Engine Gasoline Fuel,10-Speed A/T,Yellow,Black,None reported,Yes,31000.0,5,,0,0,New
Audi,RS 7 4.0T Prestige,2016,,Gasoline,560.0HP 4.0L 8 Cylinder Engine Gasoline Fuel,8-Speed A/T,White,Brown,None reported,Yes,50000.0,10,,1,0,Moderate
Mercedes-Benz,GLC 300 GLC 300,2022,,Gasoline,2.0 Liter Turbo,Automatic,Lunar Blue Metallic,–,None reported,,46798.0,4,,1,0,New
Volkswagen,Touareg TDI Lux,2015,,Diesel,240.0HP 3.0L V6 Cylinder Engine Diesel Fuel,8-Speed A/T,Gold,Black,None reported,Yes,35000.0,11,,0,0,Old
Porsche,Cayenne GTS,2016,,Gasoline,440.0HP 3.6L V6 Cylinder Engine Gasoline Fuel,8-Speed A/T,White,Red,None reported,Yes,41000.0,10,,0,0,Moderate
Jeep,Grand Wagoneer Series III,2022,,Gasoline,471.0HP 6.4L 8 Cylinder Engine Gasoline Fuel,8-Speed A/T,Black,Black,None reported,Yes,83000.0,4,,0,0,New
Tesla,Model X 100D,2018,,,518.0HP Electric Motor Electric Fuel System,1-Speed A/T,Gray,White,None reported,Yes,57000.0,8,,0,0,Moderate
MINI,Cooper S Base,2011,,Gasoline,181.0HP 1.6L 4 Cylinder Engine Gasoline Fuel,6-Speed M/T,Silver,Black,None reported,Yes,10500.0,15,,0,0,Old
RAM,1500 Laramie,2022,,Gasoline,5.7L V8 16V MPFI OHV,8-Speed Automatic,Diamond Black,Black,None reported,,46999.0,4,,0,0,New
Chevrolet,Camaro Base,2001,,Gasoline,200.0HP 3.8L V6 Cylinder Engine Gasoline Fuel,A/T,Black,Gray,None reported,Yes,7500.0,25,,0,0,Very Old
Jeep,Cherokee X,2022,,Gasoline,3.2L V6 24V MPFI DOHC,Automatic,Sting Gray Clearcoat,Black,None reported,,33498.0,4,,0,0,New
BMW,ALPINA B7 xDrive,2013,,Gasoline,445.0HP 4.4L 8 Cylinder Engine Gasoline Fuel,A/T,Black,Black,At least 1 accident or damage reported,Yes,14000.0,13,,1,0,Old
Volvo,XC90 3.2 Premier Plus,2013,,Gasoline,240.0HP 3.2L Straight 6 Cylinder Engine Gasoline Fuel,6-Speed A/T,White,Beige,At least 1 accident or damage reported,Yes,7500.0,13,,0,0,Old
INFINITI,Q50 3.0T Premium,2016,,Gasoline,300.0HP 3.0L V6 Cylinder Engine Gasoline Fuel,7-Speed A/T,Gray,Black,At least 1 accident or damage reported,Yes,21500.0,10,,0,0,Moderate
MINI,Cooper Base,2009,,Gasoline,118.0HP 1.6L 4 Cylinder Engine Gasoline Fuel,6-Speed M/T,Red,Black,None reported,Yes,9250.0,17,,0,0,Old
Porsche,911 Carrera 4S,2014,,Gasoline,400.0HP 3.8L Flat 6 Cylinder Engine Gasoline Fuel,Transmission w/Dual Shift Mode,White,Black,None reported,Yes,82499.0,12,,0,0,Old
Jeep,Grand Wagoneer Base,2023,,Gasoline,6.4L V8 16V MPFI OHV,8-Speed Automatic,Ember Pearlcoat,Global Black,None reported,Yes,84620.0,3,,0,0,New
Lexus,RX 350 Base,2021,,Gasoline,3.5L V6 24V PDI DOHC,8-Speed Automatic,Eminent White Pearl,Black,None reported,,44950.0,5,,1,0,New
RAM,1500 Laramie,2022,,Gasoline,5.7L V8 16V MPFI OHV,8-Speed Automatic,Diamond Black,Black,None reported,,46599.0,4,,0,0,New
Jeep,Gladiator Overland,2020,,Gasoline,285.0HP 3.6L V6 Cylinder Engine Gasoline Fuel,8-Speed A/T,Red,Black,None reported,Yes,49895.0,6,,0,0,Moderate
Chrysler,200 Limited,2017,,–,–,A/T,Black,Black,None reported,Yes,10000.0,9,,0,0,Moderate
Ford,Fusion Hybrid Base,2011,,Hybrid,156.0HP 2.5L 4 Cylinder Engine Gas/Electric Hybrid,A/T,White,Brown,At least 1 accident or damage reported,Yes,4500.0,15,,0,0,Old
Audi,A6 2.0T Premium Plus,2016,,Gasoline,252.0HP 2.0L 4 Cylinder Engine Gasoline Fuel,8-Speed A/T,Black,Black,None reported,Yes,21990.0,10,,1,0,Moderate
Chevrolet,Silverado 1500 Z71 Extended Cab,2004,,Gasoline,295.0HP 5.3L 8 Cylinder Engine Gasoline Fuel,4-Speed A/T,Red,Gray,At least 1 accident or damage reported,Yes,10500.0,22,,0,0,Very Old
Porsche,Taycan Base,2021,,,375.0HP Electric Motor Electric Fuel System,2-Speed A/T,White,Beige,None reported,Yes,79999.0,5,,0,0,New
Honda,Accord Hybrid Touring,2017,,Hybrid,212.0HP 2.0L 4 Cylinder Engine Gas/Electric Hybrid,CVT Transmission,White,Beige,At least 1 accident or damage reported,Yes,18500.0,9,,0,0,Moderate
RAM,2500 SLT,2018,,Gasoline,410.0HP 6.4L 8 Cylinder Engine Gasoline Fuel,6-Speed A/T,White,Gray,None reported,Yes,36500.0,8,,0,0,Moderate
Land,Rover Range Rover Sport Supercharged,2015,,E85 Flex Fuel,550.0HP 5.0L 8 Cylinder Engine Flex Fuel Capability,Transmission w/Dual Shift Mode,Blue,Black,None reported,Yes,44850.0,11,,0,0,Old
Chevrolet,Colorado ZR2,2018,,Gasoline,308.0HP 3.6L V6 Cylinder Engine Gasoline Fuel,8-Speed A/T,White,Black,None reported,Yes,33500.0,8,,0,0,Moderate
GMC,Sierra 2500 Denali,2017,,Diesel,445.0HP 6.6L 8 Cylinder Engine Diesel Fuel,6-Speed A/T,Blue,Beige,At least 1 accident or damage reported,Yes,53000.0,9,,0,0,Moderate
Subaru,Crosstrek 2.0i Limited,2018,,Gasoline,152.0HP 2.0L 4 Cylinder Engine Gasoline Fuel,Transmission w/Dual Shift Mode,Blue,Black,None reported,Yes,24000.0,8,,0,0,Moderate
Subaru,Outback 2.5i Limited,2014,,Gasoline,2.5L H4 16V MPFI DOHC,Automatic CVT,Twilight Blue Metallic,Black,At least 1 accident or damage reported,Yes,9995.0,12,,0,0,Old
Tesla,Model X Plaid,2022,,,1020.0HP Electric Motor Electric Fuel System,A/T,White,White,None reported,Yes,95999.0,4,,0,0,New
Jeep,Wrangler Unlimited Rubicon,2012,,Gasoline,285.0HP 3.6L V6 Cylinder Engine Gasoline Fuel,A/T,Orange,Black,None reported,Yes,30000.0,14,,0,0,Old
Tesla,Model S 100D,2018,,,518.0HP Electric Motor Electric Fuel System,1-Speed A/T,Gray,Beige,None reported,Yes,45000.0,8,,0,0,Moderate
Mercedes-Benz,C-Class C 300 4MATIC,2021,,Gasoline,255.0HP 2.0L 4 Cylinder Engine Gasoline Fuel,A/T,Blue,Beige,None reported,Yes,37999.0,5,,1,0,New
Porsche,911 Carrera S,2013,,Gasoline,400.0HP 3.8L Flat 6 Cylinder Engine Gasoline Fuel,7-Speed A/T,Gray,Black,At least 1 accident or damage reported,Yes,67000.0,13,,0,0,Old
Mercedes-Benz,GLS 450 Base 4MATIC,2019,,Gasoline,362.0HP 3.0L V6 Cylinder Engine Gasoline Fuel,9-Speed A/T,White,Beige,None reported,Yes,46900.0,7,,1,0,Moderate
Buick,Envision Preferred,2021,,Gasoline,2.0L I4 16V GDI DOHC Turbo,9-Speed Automatic,Burnished Bronze Metallic,Ebony,None reported,Yes,33295.0,5,,0,0,New
Nissan,Armada Platinum,2022,,Gasoline,400.0HP 5.6L 8 Cylinder Engine Gasoline Fuel,7-Speed A/T,Red,Beige,None reported,Yes,59950.0,4,,0,0,New
Chevrolet,Corvette Stingray w/2LT,2021,,Gasoline,490.0HP 6.2L 8 Cylinder Engine Gasoline Fuel,Transmission w/Dual Shift Mode,White,Brown,None reported,Yes,72500.0,5,,0,0,New
Ford,Mustang Shelby GT500,2013,,Gasoline,650.0HP 5.8L 8 Cylinder Engine Gasoline Fuel,6-Speed M/T,White,Black,None reported,Yes,66400.0,13,,0,0,Old
Ford,F-150 XL,2018,,E85 Flex Fuel,395.0HP 5.0L 8 Cylinder Engine Flex Fuel Capability,A/T,Gray,Gray,None reported,Yes,35000.0,8,,0,0,Moderate
Porsche,Cayenne Turbo,2004,,Gasoline,450.0HP 4.5L 8 Cylinder Engine Gasoline Fuel,Transmission w/Dual Shift Mode,Silver,Black,None reported,Yes,12000.0,22,,0,0,Very Old
Mitsubishi,Eclipse Spyder GT,2008,,Gasoline,260.0HP 3.8L V6 Cylinder Engine Gasoline Fuel,A/T,Gray,Black,At least 1 accident or damage reported,Yes,10000.0,18,,0,0,Old
Lexus,GX 470 Base,2007,,Gasoline,263.0HP 4.7L 8 Cylinder Engine Gasoline Fuel,5-Speed A/T,White,Gray,None reported,Yes,19975.0,19,,1,0,Old
Dodge,Dakota Big Horn/Lone Star,2010,,Gasoline,210.0HP 3.7L V6 Cylinder Engine Gasoline Fuel,4-Speed A/T,Red,Brown,At least 1 accident or damage reported,Yes,7500.0,16,,0,0,Old
Jeep,Wrangler Sport,2012,,Gasoline,285.0HP 3.6L V6 Cylinder Engine Gasoline Fuel,A/T,Black,Black,None reported,Yes,22500.0,14,,0,0,Old
Subaru,Outback Limited,2020,,Gasoline,182.0HP 2.5L 4 Cylinder Engine Gasoline Fuel,CVT Transmission,Silver,Gray,None reported,Yes,28300.0,6,,0,0,Moderate
Jeep,Wrangler Unlimited Rubicon,2013,,Gasoline,285.0HP 3.6L V6 Cylinder Engine Gasoline Fuel,6-Speed M/T,Black,Black,None reported,Yes,21000.0,13,,0,0,Old
Subaru,Ascent Touring 7-Passenger,2021,,Gasoline,2.4L H4 16V GDI DOHC Turbo,Automatic CVT,Ice Silver Metallic,Black,None reported,Yes,36791.0,5,,0,0,New
Ford,F-350 XL,2017,,Diesel,440.0HP 6.7L 8 Cylinder Engine Diesel Fuel,6-Speed A/T,White,Beige,None reported,Yes,40000.0,9,,0,0,Moderate
Porsche,Cayenne Turbo S,2014,,Gasoline,550.0HP 4.8L 8 Cylinder Engine Gasoline Fuel,8-Speed A/T,Silver,Black,None reported,Yes,36000.0,12,,0,0,Old
BMW,X1 xDrive28i,2020,,Gasoline,228.0HP 2.0L 4 Cylinder Engine Gasoline Fuel,A/T,Gray,Black,None reported,Yes,29000.0,6,,1,0,Moderate
Toyota,4Runner Limited,2014,,Gasoline,270.0HP 4.0L V6 Cylinder Engine Gasoline Fuel,5-Speed A/T,Blue,Black,At least 1 accident or damage reported,Yes,24999.0,12,,0,0,Old
GMC,Yukon Denali,2019,,Gasoline,420.0HP 6.2L 8 Cylinder Engine Gasoline Fuel,10-Speed A/T,Black,Beige,At least 1 accident or damage reported,Yes,42900.0,7,,0,0,Moderate
Toyota,C-HR LE,2020,,Gasoline,2.0L I4 16V MPFI DOHC,Automatic CVT,Gray,Black,At least 1 accident or damage reported,Yes,27671.0,6,,0,0,Moderate
Subaru,Outback Limited XT,2020,,Gasoline,2.4L H4 16V GDI DOHC Turbo,Automatic CVT,Magnetite Gray Metallic,Black,At least 1 accident or damage reported,,30427.0,6,,0,0,Moderate
Chevrolet,Silverado 1500 LT Trail Boss,2020,,Gasoline,355.0HP 5.3L 8 Cylinder Engine Gasoline Fuel,A/T,White,Black,None reported,Yes,44900.0,6,,0,0,Moderate
BMW,X5 xDrive50i,2013,,Gasoline,400.0HP 4.4L 8 Cylinder Engine Gasoline Fuel,8-Speed A/T,White,Black,None reported,Yes,17900.0,13,,1,0,Old
Audi,A6 55 Prestige,2021,,Hybrid,335.0HP 3.0L V6 Cylinder Engine Gasoline/Mild Electric Hybrid,A/T,Blue,Brown,None reported,Yes,52000.0,5,,1,0,New
Subaru,Outback 2.5i Limited,2014,,Gasoline,173.0HP 2.5L 4 Cylinder Engine Gasoline Fuel,A/T,Blue,Black,None reported,Yes,14750.0,12,,0,0,Old
Ford,F-250 King Ranch,2020,,Diesel,475.0HP 6.7L 8 Cylinder Engine Diesel Fuel,10-Speed A/T,Gray,Brown,None reported,Yes,69900.0,6,,0,0,Moderate
Honda,CR-V EX,2004,,Gasoline,160.0HP 2.4L 4 Cylinder Engine Gasoline Fuel,A/T,Brown,Beige,At least 1 accident or damage reported,Yes,3990.0,22,,0,0,Very Old
Lexus,GX 460 Luxury,2021,,Gasoline,301.0HP 4.6L 8 Cylinder Engine Gasoline Fuel,A/T,White,Red,None reported,Yes,59000.0,5,,1,0,New
Ford,Explorer XLT,2013,,Gasoline,290.0HP 3.5L V6 Cylinder Engine Gasoline Fuel,A/T,Brown,Beige,At least 1 accident or damage reported,Yes,7850.0,13,,0,0,Old
Subaru,Forester 2.5i Limited,2015,,Gasoline,170.0HP 2.5L 4 Cylinder Engine Gasoline Fuel,CVT Transmission,Silver,Gray,None reported,Yes,16000.0,11,,0,0,Old
Ford,Bronco Wildtrak Advanced,2022,,Gasoline,315.0HP 2.7L V6 Cylinder Engine Gasoline Fuel,Transmission w/Dual Shift Mode,Silver,Black,None reported,Yes,64500.0,4,,0,0,New
Mercedes-Benz,A-Class A 220 4MATIC,2019,,Gasoline,2.0L I4 16V GDI DOHC Turbo,7-Speed Automatic with Auto-Shift,Jupiter Red,Black,None reported,,29500.0,7,,1,0,Moderate
Lexus,NX 200t Base,2015,,Gasoline,235.0HP 2.0L 4 Cylinder Engine Gasoline Fuel,A/T,Gray,Orange,At least 1 accident or damage reported,Yes,17900.0,11,,1,0,Old
Ford,F-250 Lariat,2017,,Diesel,440.0HP 6.7L 8 Cylinder Engine Diesel Fuel,6-Speed A/T,White,Black,None reported,Yes,61000.0,9,,0,0,Moderate
Porsche,911 Carrera C4S,2006,,Gasoline,355.0HP 3.8L Flat 6 Cylinder Engine Gasoline Fuel,6-Speed M/T,Blue,Gray,,,43000.0,20,,0,0,Old
Tesla,Model 3 Long Range,2022,,,Electric,Automatic,Midnight Silver Metallic,Black,None reported,,40036.0,4,,0,0,New
Toyota,Camry XSE,2022,,Gasoline,3.5 Liter,Automatic,Red,Black,None reported,,38298.0,4,,0,0,New
BMW,i3 94 Ah,2017,,,170.0HP 0.65L Electric Motor Electric Fuel System,1-Speed A/T,Black,–,None reported,Yes,16500.0,9,,1,0,Moderate
Ford,F-250 XL SuperCab H/D,1993,,–,–,A/T,Red,Gray,None reported,Yes,21900.0,33,,0,0,Very Old
Mercedes-Benz,E-Class E55 AMG,2005,,Gasoline,469.0HP 5.4L 8 Cylinder Engine Gasoline Fuel,5-Speed A/T,Gray,Black,None reported,Yes,16500.0,21,,1,0,Very Old
Toyota,Highlander XLE,2022,,Gasoline,295.0HP 3.5L V6 Cylinder Engine Gasoline Fuel,Transmission w/Dual Shift Mode,Gray,Gray,None reported,Yes,43000.0,4,,0,0,New
Volvo,S60 Recharge Plug-In Hybrid T8 Inscription,2021,,Plug-In Hybrid,400.0HP 2.0L 4 Cylinder Engine Plug-In Electric/Gas,8-Speed A/T,Gray,Black,None reported,Yes,44900.0,5,,0,0,New
Audi,A6 3.0T Premium Plus,2016,,Gasoline,333.0HP 3.0L V6 Cylinder Engine Gasoline Fuel,A/T,Black,Black,At least 1 accident or damage reported,Yes,22000.0,10,,1,0,Moderate
Mercedes-Benz,E-Class E 350 4MATIC,2014,,Gasoline,302.0HP 3.5L V6 Cylinder Engine Gasoline Fuel,7-Speed A/T,Blue,Black,None reported,Yes,18995.0,12,,1,0,Old
Nissan,Juke SL,2012,,Gasoline,188.0HP 1.6L 4 Cylinder Engine Gasoline Fuel,CVT Transmission,Black,Black,At least 1 accident or damage reported,Yes,15000.0,14,,0,0,Old
Mercedes-Benz,CLS-Class CLS 550,2012,,Gasoline,402.0HP 4.6L 8 Cylinder Engine Gasoline Fuel,7-Speed A/T,Black,Black,None reported,Yes,19999.0,14,,1,0,Old
Audi,A3 2.0T Premium,2012,,Gasoline,200.0HP 2.0L 4 Cylinder Engine Gasoline Fuel,6-Speed A/T,White,Black,None reported,Yes,11200.0,14,,1,0,Old
Lexus,GX 460 Base,2018,,Gasoline,301.0HP 4.6L 8 Cylinder Engine Gasoline Fuel,6-Speed A/T,White,Beige,At least 1 accident or damage reported,Yes,38095.0,8,,1,0,Moderate
Ford,Mustang Premium,2007,,Gasoline,210.0HP 4.0L V6 Cylinder Engine Gasoline Fuel,A/T,Black,Black,At least 1 accident or damage reported,Yes,5900.0,19,,0,0,Old
Honda,Pilot EX-L,2011,,Gasoline,250.0HP 3.5L V6 Cylinder Engine Gasoline Fuel,5-Speed A/T,Black,Gray,None reported,Yes,9000.0,15,,0,0,Old
BMW,540 i,2017,,Gasoline,335.0HP 3.0L Straight 6 Cylinder Engine Gasoline Fuel,8-Speed A/T,Black,Black,None reported,Yes,24500.0,9,,1,0,Moderate
Chrysler,300 S,2012,,Gasoline,292.0HP 3.6L V6 Cylinder Engine Gasoline Fuel,Transmission w/Dual Shift Mode,Black,Black,At least 1 accident or damage reported,Yes,13750.0,14,,0,0,Old
RAM,2500 Longhorn,2015,,Diesel,370.0HP 6.7L Straight 6 Cylinder Engine Diesel Fuel,6-Speed A/T,Black,Black,None reported,Yes,52500.0,11,,0,0,Old
Acura,TSX Base,2005,,Gasoline,200.0HP 2.4L 4 Cylinder Engine Gasoline Fuel,6-Speed M/T,Black,Black,None reported,Yes,7899.0,21,,0,0,Very Old
Lotus,Evora 2+2,2011,,Gasoline,276.0HP 3.5L V6 Cylinder Engine Gasoline Fuel,6-Speed M/T,White,Red,None reported,Yes,51000.0,15,,0,0,Old
Chevrolet,Avalanche 1500 LT,2010,,E85 Flex Fuel,320.0HP 5.3L 8 Cylinder Engine Flex Fuel Capability,A/T,Black,Black,At least 1 accident or damage reported,Yes,9000.0,16,,0,0,Old
Ford,F-150 XLT,2019,,E85 Flex Fuel,395.0HP 5.0L 8 Cylinder Engine Flex Fuel Capability,10-Speed A/T,Silver,Gray,None reported,Yes,34600.0,7,,0,0,Moderate
Toyota,Tundra SR5,2020,,Gasoline,381.0HP 5.7L 8 Cylinder Engine Gasoline Fuel,6-Speed A/T,Gray,Gray,At least 1 accident or damage reported,Yes,46199.0,6,,0,0,Moderate
Honda,Fit Sport,2007,,Gasoline,109.0HP 1.5L 4 Cylinder Engine Gasoline Fuel,Transmission w/Dual Shift Mode,Red,Black,At least 1 accident or damage reported,Yes,5200.0,19,,0,0,Old
Chevrolet,Silverado 2500 LTZ,2016,,Diesel,397.0HP 6.6L 8 Cylinder Engine Diesel Fuel,A/T,Red,Black,At least 1 accident or damage reported,Yes,32500.0,10,,0,0,Moderate
Honda,Accord Crosstour EX-L,2010,,Gasoline,271.0HP 3.5L V6 Cylinder Engine Gasoline Fuel,A/T,Green,Black,None reported,Yes,9000.0,16,,0,0,Old
Ford,F-250 XLT Super Duty,2001,,Gasoline,260.0HP 5.4L 8 Cylinder Engine Gasoline Fuel,A/T,White,Gray,None reported,Yes,7500.0,25,,0,0,Very Old
RAM,1500 TRX,2021,,Gasoline,702.0HP 6.2L 8 Cylinder Engine Gasoline Fuel,8-Speed A/T,Black,Black,None reported,Yes,90000.0,5,,0,0,New
Buick,Envision Essence,2020,,Gasoline,2.5L I4 16V GDI DOHC,6-Speed Automatic,Ebony Twilight Metallic,Ebony,None reported,,32063.0,6,,0,0,Moderate
Volkswagen,Atlas 3.6L SEL Premium R-Line,2022,,Gasoline,276.0HP 3.6L V6 Cylinder Engine Gasoline Fuel,8-Speed A/T,Gray,Black,None reported,Yes,46900.0,4,,0,0,New
Mercedes-Benz,CLS 450 Base,2019,,Hybrid,369.0HP 3.0L Straight 6 Cylinder Engine Gasoline/Mild Electric Hybrid,Transmission w/Dual Shift Mode,Yellow,Black,None reported,Yes,44500.0,7,,1,0,Moderate
Jeep,Wrangler Unlimited Sport,2017,,Gasoline,285.0HP 3.6L V6 Cylinder Engine Gasoline Fuel,5-Speed A/T,Gray,Black,None reported,Yes,23500.0,9,,0,0,Moderate
Mercedes-Benz,S-Class S 63 AMG,2008,,Gasoline,518.0HP 6.2L 8 Cylinder Engine Gasoline Fuel,A/T,Black,Black,None reported,Yes,17800.0,18,,1,0,Old
Hyundai,Genesis Coupe 3.8 Track,2010,,Gasoline,306.0HP 3.8L V6 Cylinder Engine Gasoline Fuel,6-Speed M/T,Blue,Black,At least 1 accident or damage reported,Yes,6000.0,16,,0,0,Old
Ford,Mustang Mach-E GT,2022,,,480.0HP Electric Motor Electric Fuel System,1-Speed A/T,Blue,Black,None reported,Yes,60999.0,4,,0,0,New
GMC,Canyon Elevation Standard,2022,,Gasoline,308.0HP 3.6L V6 Cylinder Engine Gasoline Fuel,8-Speed A/T,Gray,Gray,None reported,Yes,32900.0,4,,0,0,New
Jaguar,XK Base,2013,,Gasoline,385.0HP 5.0L 8 Cylinder Engine Gasoline Fuel,6-Speed A/T,Black,Black,None reported,Yes,27200.0,13,,0,0,Old
Ford,F-250 LARIAT,2021,,Diesel,Intercooled Turbo Diesel V-8 6.7 L/406,Automatic,Agate Black Metallic,Black,None reported,,76598.0,5,,0,0,New
Toyota,RAV4 Base,2009,,Gasoline,179.0HP 2.5L 4 Cylinder Engine Gasoline Fuel,4-Speed A/T,Silver,–,None reported,Yes,12000.0,17,,0,0,Old
Ford,Expedition Platinum,2018,,Gasoline,400.0HP 3.5L V6 Cylinder Engine Gasoline Fuel,10-Speed A/T,Gray,White,None reported,Yes,51499.0,8,,0,0,Moderate
Jeep,Wrangler Unlimited 4xe Sahara,2021,,Hybrid,2.0L I4 16V GDI DOHC Turbo Hybrid,8-Speed Automatic,Black Clearcoat,Black,None reported,Yes,42700.0,5,,0,0,New
Ford,F-150 XLT,2016,,E85 Flex Fuel,282.0HP 3.5L V6 Cylinder Engine Flex Fuel Capability,6-Speed A/T,Red,Gray,None reported,Yes,25500.0,10,,0,0,Moderate
Tesla,Model S Plaid,2021,,,1020.0HP Electric Motor Electric Fuel System,A/T,Red,Black,None reported,Yes,69995.0,5,,0,0,New
Toyota,Tacoma SR5,2018,,Gasoline,3.5L V6 24V PDI DOHC,6-Speed Automatic,Red,Gray,At least 1 accident or damage reported,Yes,34955.0,8,,0,0,Moderate
Audi,TT Roadster quattro,2002,,Gasoline,225.0HP 1.8L 4 Cylinder Engine Gasoline Fuel,6-Speed M/T,Gray,Black,At least 1 accident or damage reported,Yes,9995.0,24,,1,0,Very Old
Toyota,Highlander Hybrid Limited Platinum,2019,,Hybrid,306.0HP 3.5L V6 Cylinder Engine Gas/Electric Hybrid,CVT Transmission,Silver,Black,None reported,Yes,40000.0,7,,0,0,Moderate
Jeep,Liberty Sport,2008,,Gasoline,210.0HP 3.7L V6 Cylinder Engine Gasoline Fuel,A/T,Black,Gray,At least 1 accident or damage reported,Yes,6500.0,18,,0,0,Old
Toyota,Sequoia Limited,2018,,Gasoline,381.0HP 5.7L 8 Cylinder Engine Gasoline Fuel,6-Speed A/T,White,Gray,At least 1 accident or damage reported,Yes,48000.0,8,,0,0,Moderate
Ford,Transit-350 Base,2020,,Gasoline,310.0HP 3.5L V6 Cylinder Engine Gasoline Fuel,A/T,White,Black,None reported,Yes,58000.0,6,,0,0,Moderate
Subaru,BRZ Limited,2013,,Gasoline,200.0HP 2.0L 4 Cylinder Engine Gasoline Fuel,6-Speed A/T,Silver,Black,At least 1 accident or damage reported,Yes,13490.0,13,,0,0,Old
Volvo,XC60 3.2,2012,,Gasoline,240.0HP 3.2L Straight 6 Cylinder Engine Gasoline Fuel,6-Speed A/T,Blue,Beige,None reported,Yes,10800.0,14,,0,0,Old
Subaru,Impreza WRX Sti Special Edition,2010,,Gasoline,305.0HP 2.5L 4 Cylinder Engine Gasoline Fuel,6-Speed M/T,Gray,Black,None reported,Yes,39900.0,16,,0,0,Old
Chevrolet,Bolt EV LT,2018,,,200.0HP Electric Motor Electric Fuel System,1-Speed A/T,Red,Gray,None reported,Yes,17500.0,8,,0,0,Moderate
Chevrolet,Monte Carlo Supercharged SS,2004,,Gasoline,240.0HP 3.8L V6 Cylinder Engine Gasoline Fuel,A/T,Red,Black,None reported,Yes,6500.0,22,,0,0,Very Old
Cadillac,Escalade Platinum Edition,2012,,E85 Flex Fuel,403.0HP 6.2L 8 Cylinder Engine Flex Fuel Capability,A/T,Black,Black,None reported,Yes,12900.0,14,,0,0,Old
Chrysler,300M Base,2004,,Gasoline,250.0HP 3.5L V6 Cylinder Engine Gasoline Fuel,A/T,Gray,Gray,None reported,Yes,6000.0,22,,0,0,Very Old
Chevrolet,Silverado 2500 LT H/D Extended Cab,2006,,Diesel,360.0HP 6.6L 8 Cylinder Engine Diesel Fuel,6-Speed A/T,White,Gray,None reported,Yes,19500.0,20,,0,0,Old
Mercedes-Benz,AMG C 63 S,2017,,Gasoline,503.0HP 4.0L 8 Cylinder Engine Gasoline Fuel,7-Speed A/T,Gray,Black,None reported,Yes,56000.0,9,,1,0,Moderate
Acura,TLX V6 Tech,2015,,Gasoline,290.0HP 3.5L V6 Cylinder Engine Gasoline Fuel,9-Speed A/T,White,Black,None reported,Yes,21900.0,11,,0,0,Old
Chevrolet,Corvette Z06,2006,,Gasoline,505.0HP 7.0L 8 Cylinder Engine Gasoline Fuel,6-Speed M/T,Orange,Black,None reported,Yes,42000.0,20,,0,0,Old
Lexus,NX 350h Premium,2024,,Hybrid,240.0HP 2.5L 4 Cylinder Engine Gas/Electric Hybrid,A/T,Black,Black,None reported,Yes,50999.0,2,,1,0,New
Mercedes-Benz,SLK-Class SLK 350,2008,,Gasoline,268.0HP 3.5L V6 Cylinder Engine Gasoline Fuel,7-Speed A/T,Red,Beige,None reported,Yes,13900.0,18,,1,0,Old
Jeep,Wrangler Unlimited Sahara,2020,,Gasoline,2.0L I4 16V GDI DOHC Turbo,8-Speed Automatic,Hellayella Clearcoat,Black,None reported,Yes,35234.0,6,,0,0,Moderate
Chevrolet,Silverado 1500 LT,2012,,E85 Flex Fuel,315.0HP 5.3L 8 Cylinder Engine Flex Fuel Capability,6-Speed A/T,Blue,Gray,At least 1 accident or damage reported,Yes,16500.0,14,,0,0,Old
Lexus,GX 460 Base,2010,,Gasoline,301.0HP 4.6L 8 Cylinder Engine Gasoline Fuel,A/T,Red,Beige,At least 1 accident or damage reported,Yes,22000.0,16,,1,0,Old
Jeep,Wrangler Unlimited X,2008,,Gasoline,202.0HP 3.8L V6 Cylinder Engine Gasoline Fuel,A/T,Yellow,Gray,None reported,Yes,15900.0,18,,0,0,Old
RAM,1500 Tradesman/Express,2017,,Gasoline,395.0HP 5.7L 8 Cylinder Engine Gasoline Fuel,A/T,Blue,Gray,At least 1 accident or damage reported,Yes,24000.0,9,,0,0,Moderate
Ford,Explorer ST,2021,,Gasoline,3.0L V6 24V GDI DOHC Twin Turbo,10-Speed Automatic,Black,–,None reported,Yes,44605.0,5,,0,0,New
BMW,M4 Competition,2021,,Gasoline,503.0HP 3.0L Straight 6 Cylinder Engine Gasoline Fuel,8-Speed A/T,Gray,Blue,At least 1 accident or damage reported,Yes,90000.0,5,,1,0,New
Chevrolet,Colorado ZR2,2019,,Gasoline,308.0HP 3.6L V6 Cylinder Engine Gasoline Fuel,8-Speed A/T,White,Black,None reported,Yes,34700.0,7,,0,0,Moderate
Lincoln,Navigator L Select,2016,,Gasoline,380.0HP 3.5L V6 Cylinder Engine Gasoline Fuel,6-Speed A/T,Black,Black,At least 1 accident or damage reported,Yes,25221.0,10,,0,0,Moderate
Mercedes-Benz,E-Class E 350,2016,,Gasoline,302.0HP 3.5L V6 Cylinder Engine Gasoline Fuel,A/T,White,Beige,None reported,Yes,24999.0,10,,1,0,Moderate
Ford,Mustang Shelby GT500,2007,,Gasoline,500.0HP 5.4L 8 Cylinder Engine Gasoline Fuel,6-Speed M/T,Red,Black,None reported,Yes,40999.0,19,,0,0,Old
Dodge,Charger SRT8,2008,,Gasoline,425.0HP 6.1L 8 Cylinder Engine Gasoline Fuel,5-Speed A/T,Blue,Black,At least 1 accident or damage reported,Yes,15500.0,18,,0,0,Old
Jaguar,XK Base,2007,,Gasoline,300.0HP 4.2L 8 Cylinder Engine Gasoline Fuel,A/T,White,Beige,None reported,Yes,18000.0,19,,0,0,Old
Honda,Civic EX,2020,,Gasoline,174.0HP 1.5L 4 Cylinder Engine Gasoline Fuel,CVT Transmission,Gray,Black,None reported,Yes,26000.0,6,,0,0,Moderate
Subaru,Impreza 2.0i,2019,,Gasoline,152.0HP 2.0L 4 Cylinder Engine Gasoline Fuel,CVT Transmission,Gray,Black,At least 1 accident or damage reported,Yes,21250.0,7,,0,0,Moderate
Saab,9-3 Aero,2009,,Gasoline,280.0HP 2.8L V6 Cylinder Engine Gasoline Fuel,6-Speed A/T,Red,Black,None reported,Yes,12950.0,17,,0,0,Old
BMW,650 Gran Coupe i xDrive,2014,,Gasoline,445.0HP 4.4L 8 Cylinder Engine Gasoline Fuel,8-Speed A/T,Black,White,None reported,Yes,18700.0,12,,1,0,Old
Jeep,Wrangler Unlimited Sport,2018,,Gasoline,285.0HP 3.6L V6 Cylinder Engine Gasoline Fuel,8-Speed A/T,Black,Black,None reported,Yes,35000.0,8,,0,0,Moderate
Ford,F-350 King Ranch,2015,,Diesel,440.0HP 6.7L 8 Cylinder Engine Diesel Fuel,6-Speed A/T,White,Brown,None reported,Yes,51900.0,11,,0,0,Old
Mazda,CX-30 Preferred,2020,,Gasoline,2.5L I4 16V GDI DOHC,6-Speed Automatic,Snowflake White Pearl,Black,None reported,Yes,27518.0,6,,0,0,Moderate
Jeep,Wrangler Sport,2000,,Gasoline,181.0HP 4.0L Straight 6 Cylinder Engine Gasoline Fuel,5-Speed M/T,Beige,Brown,None reported,Yes,13900.0,26,,0,0,Very Old
Lexus,RX 330 Base,2006,,Gasoline,230.0HP 3.3L V6 Cylinder Engine Gasoline Fuel,A/T,White,Beige,None reported,Yes,11000.0,20,,1,0,Old
INFINITI,QX56 Base,2011,,Gasoline,400.0HP 5.6L 8 Cylinder Engine Gasoline Fuel,7-Speed A/T,Black,Beige,None reported,Yes,13500.0,15,,0,0,Old
Hyundai,Veloster Value Edition,2017,,Gasoline,1.6L I4 16V GDI DOHC,6-Speed Automatic with Auto-Shift,Ironman Silver,Black,None reported,,15599.0,9,,0,0,Moderate
Chevrolet,Silverado 1500 LT Extended Cab,2002,,Gasoline,285.0HP 5.3L 8 Cylinder Engine Gasoline Fuel,A/T,Silver,Black,At least 1 accident or damage reported,Yes,5900.0,24,,0,0,Very Old
Rivian,R1S Launch Edition,2022,,,835.0HP Electric Motor Electric Fuel System,1-Speed A/T,Green,Black,None reported,Yes,92500.0,4,,0,0,New
Land,Rover Range Rover HSE SWB,2020,,Hybrid,395.0HP 3.0L Straight 6 Cylinder Engine Gasoline/Mild Electric Hybrid,8-Speed A/T,Gray,Gray,None reported,Yes,68000.0,6,,0,0,Moderate
BMW,M4 Base,2020,,Gasoline,425.0HP 3.0L Straight 6 Cylinder Engine Gasoline Fuel,7-Speed A/T,White,White,None reported,Yes,59900.0,6,,1,0,Moderate
Mercedes-Benz,E-Class E 350,2014,,Gasoline,302.0HP 3.5L V6 Cylinder Engine Gasoline Fuel,A/T,Black,Brown,None reported,Yes,24500.0,12,,1,0,Old
Honda,Accord Hybrid Base,2021,,Hybrid,2.0L I4 16V MPFI DOHC Hybrid,Automatic CVT,Lunar Silver Metallic,Gray,None reported,,28748.0,5,,0,0,New
Toyota,Prius v Three,2016,,Hybrid,134.0HP 1.8L 4 Cylinder Engine Gas/Electric Hybrid,A/T,Gray,Black,At least 1 accident or damage reported,Yes,18000.0,10,,0,0,Moderate
Subaru,WRX Premium,2022,,Gasoline,271.0HP 2.4L 4 Cylinder Engine Gasoline Fuel,Transmission w/Dual Shift Mode,Orange,Black,At least 1 accident or damage reported,Yes,33000.0,4,,0,0,New
Ford,Explorer ST,2022,,Gasoline,400.0HP 3.0L V6 Cylinder Engine Gasoline Fuel,10-Speed A/T,Black,Black,None reported,Yes,51500.0,4,,0,0,New
Chevrolet,Suburban LT,2016,,E85 Flex Fuel,355.0HP 5.3L 8 Cylinder Engine Flex Fuel Capability,Transmission Overdrive Switch,Gray,Gray,At least 1 accident or damage reported,Yes,30000.0,10,,0,0,Moderate
Chevrolet,Silverado 1500 Limited Custom,2022,,Gasoline,2.7 Liter DOHC Turbo,Automatic,Summit White,Jet Black,None reported,,37698.0,4,,0,0,New
Ford,Explorer Platinum,2020,,Gasoline,3.0L V6 24V GDI DOHC Twin Turbo,10-Speed Automatic,Iconic Silver Metallic,Ebony,At least 1 accident or damage reported,Yes,36750.0,6,,0,0,Moderate
Lexus,RX 350 Base,2017,,Gasoline,295.0HP 3.5L V6 Cylinder Engine Gasoline Fuel,8-Speed A/T,Beige,Beige,At least 1 accident or damage reported,Yes,24700.0,9,,1,0,Moderate
Land,Rover Range Rover 3.0L V6 Supercharged HSE,2019,,Gasoline,380.0HP 3.0L V6 Cylinder Engine Gasoline Fuel,8-Speed A/T,Black,Black,At least 1 accident or damage reported,Yes,57999.0,7,,0,0,Moderate
Ford,Explorer Platinum,2021,,Gasoline,3.0L V6 24V GDI DOHC Twin Turbo,10-Speed Automatic,Black,Light Slate,None reported,Yes,39979.0,5,,0,0,New
Dodge,Challenger SRT8 392,2012,,–,–,6-Speed M/T,Black,Black,None reported,Yes,33500.0,14,,0,0,Old
Chevrolet,Equinox 2LT,2012,,Gasoline,264.0HP 3.0L V6 Cylinder Engine Gasoline Fuel,6-Speed A/T,Black,Brown,At least 1 accident or damage reported,Yes,7500.0,14,,0,0,Old
Dodge,Challenger SXT,2022,,Gasoline,303.0HP 3.6L V6 Cylinder Engine Gasoline Fuel,8-Speed A/T,Gray,Black,None reported,Yes,31000.0,4,,0,0,New
Volvo,XC70 T6 Platinum,2012,,Gasoline,300.0HP 3.0L Straight 6 Cylinder Engine Gasoline Fuel,A/T,Silver,Black,At least 1 accident or damage reported,Yes,15900.0,14,,0,0,Old
Lexus,GX 470 Base,2005,,Gasoline,270.0HP 4.7L 8 Cylinder Engine Gasoline Fuel,5-Speed A/T,Gray,Gray,At least 1 accident or damage reported,Yes,15500.0,21,,1,0,Very Old
Volvo,XC70 3.2,2008,,Gasoline,235.0HP 3.2L Straight 6 Cylinder Engine Gasoline Fuel,6-Speed A/T,White,Beige,None reported,Yes,7000.0,18,,0,0,Old
Nissan,350Z NISMO,2008,,Gasoline,306.0HP 3.5L V6 Cylinder Engine Gasoline Fuel,6-Speed M/T,Silver,Red,At least 1 accident or damage reported,Yes,28000.0,18,,0,0,Old
Porsche,911 Turbo,2007,,Gasoline,480.0HP 3.6L Flat 6 Cylinder Engine Gasoline Fuel,5-Speed A/T,Black,Black,None reported,Yes,75499.0,19,,0,0,Old
Land,Rover Range Rover SWB,2020,,Hybrid,355.0HP 3.0L Straight 6 Cylinder Engine Gasoline/Mild Electric Hybrid,A/T,Black,Black,None reported,Yes,70000.0,6,,0,0,Moderate
Porsche,Cayenne E-Hybrid S Platinum Edition,2017,,Plug-In Hybrid,416.0HP 3.0L V6 Cylinder Engine Plug-In Electric/Gas,8-Speed A/T,Black,Beige,At least 1 accident or damage reported,Yes,29500.0,9,,0,0,Moderate
Lexus,IS 350 Base,2007,,Gasoline,306.0HP 3.5L V6 Cylinder Engine Gasoline Fuel,6-Speed A/T,Red,Beige,At least 1 accident or damage reported,Yes,12900.0,19,,1,0,Old
Porsche,Macan S,2015,,Gasoline,340.0HP 3.0L V6 Cylinder Engine Gasoline Fuel,Transmission w/Dual Shift Mode,Silver,Black,At least 1 accident or damage reported,Yes,26500.0,11,,0,0,Old
Land,Rover Range Rover 5.0L Supercharged,2016,,Gasoline,510.0HP 5.0L 8 Cylinder Engine Gasoline Fuel,Transmission w/Dual Shift Mode,White,White,None reported,Yes,36995.0,10,,0,0,Moderate
GMC,Savana 2500 Work Van,2018,,E85 Flex Fuel,341.0HP 6.0L 8 Cylinder Engine Flex Fuel Capability,A/T,White,Beige,None reported,Yes,33000.0,8,,0,0,Moderate
Toyota,4Runner SR5,2018,,Gasoline,270.0HP 4.0L V6 Cylinder Engine Gasoline Fuel,A/T,Silver,Black,None reported,Yes,35500.0,8,,0,0,Moderate
Hyundai,Palisade SEL,2020,,Gasoline,291.0HP 3.8L V6 Cylinder Engine Gasoline Fuel,A/T,White,Black,None reported,Yes,32000.0,6,,0,0,Moderate
GMC,Sierra 2500 Denali,2015,,Diesel,397.0HP 6.6L 8 Cylinder Engine Diesel Fuel,A/T,Gray,Brown,None reported,Yes,49000.0,11,,0,0,Old
Genesis,GV70 3.5T Sport,2022,,Gasoline,3.5L V6 24V PDI DOHC Twin Turbo,8-Speed Automatic,Alta White,Red,None reported,,48219.0,4,,0,0,New
Dodge,Ram Van 1500,2002,,Gasoline,175.0HP 3.9L V6 Cylinder Engine Gasoline Fuel,A/T,Red,Beige,At least 1 accident or damage reported,Yes,8000.0,24,,0,0,Very Old
Chevrolet,Impala 1LT,2017,,Gasoline,305.0HP 3.6L V6 Cylinder Engine Gasoline Fuel,6-Speed A/T,White,Gray,At least 1 accident or damage reported,Yes,17900.0,9,,0,0,Moderate
Audi,A4 2.0T Premium Plus,2015,,E85 Flex Fuel,220.0HP 2.0L 4 Cylinder Engine Flex Fuel Capability,8-Speed A/T,Red,Gray,At least 1 accident or damage reported,Yes,16000.0,11,,1,0,Old
Nissan,Altima 2.5 S,2003,,Gasoline,175.0HP 2.5L 4 Cylinder Engine Gasoline Fuel,A/T,Silver,Beige,At least 1 accident or damage reported,Yes,2899.0,23,,0,0,Very Old
Porsche,911 Carrera 4S,2017,,Gasoline,420.0HP 3.0L Flat 6 Cylinder Engine Gasoline Fuel,7-Speed A/T,Blue,Red,None reported,Yes,97555.0,9,,0,0,Moderate
BMW,X1 xDrive 28i,2015,,Gasoline,240.0HP 2.0L 4 Cylinder Engine Gasoline Fuel,A/T,Gray,Black,None reported,Yes,13000.0,11,,1,0,Old
GMC,Yukon Denali,2018,,Gasoline,420.0HP 6.2L 8 Cylinder Engine Gasoline Fuel,10-Speed A/T,White,Black,None reported,Yes,34000.0,8,,0,0,Moderate
Land,Rover Defender SE,2021,,Hybrid,395.0HP 3.0L Straight 6 Cylinder Engine Gasoline/Mild Electric Hybrid,A/T,Gray,Black,None reported,Yes,75500.0,5,,0,0,New
Toyota,Land Cruiser Base,2000,,Gasoline,230.0HP 4.7L 8 Cylinder Engine Gasoline Fuel,4-Speed A/T,Black,Beige,None reported,Yes,15500.0,26,,0,0,Very Old
Scion,xB Base,2011,,Gasoline,158.0HP 2.4L 4 Cylinder Engine Gasoline Fuel,A/T,Green,Gray,None reported,Yes,8000.0,15,,0,0,Old
Honda,S2000 Base,2001,,Gasoline,240.0HP 2.0L 4 Cylinder Engine Gasoline Fuel,6-Speed M/T,Black,Red,At least 1 accident or damage reported,Yes,18000.0,25,,0,0,Very Old
Mazda,CX-30 Select,2020,,Gasoline,2.5L I4 16V GDI DOHC,6-Speed Automatic,Soul Red Crystal Metallic,Black,None reported,Yes,25495.0,6,,0,0,Moderate
BMW,M4 Competition,2023,,Gasoline,503.0HP 3.0L Straight 6 Cylinder Engine Gasoline Fuel,A/T,White,Blue,None reported,Yes,83500.0,3,,1,0,New
Porsche,911 Carrera 4S,2006,,Gasoline,355.0HP 3.8L Flat 6 Cylinder Engine Gasoline Fuel,6-Speed M/T,Black,Beige,None reported,Yes,43000.0,20,,0,0,Old
Ford,F-250 Lariat,2015,,E85 Flex Fuel,385.0HP 6.2L 8 Cylinder Engine Flex Fuel Capability,A/T,White,Black,At least 1 accident or damage reported,Yes,32500.0,11,,0,0,Old
Chevrolet,Corvette Base,2007,,Gasoline,400.0HP 6.0L 8 Cylinder Engine Gasoline Fuel,6-Speed A/T,Silver,Beige,At least 1 accident or damage reported,Yes,33885.0,19,,0,0,Old
Lexus,LS 460 L,2008,,Gasoline,380.0HP 4.6L 8 Cylinder Engine Gasoline Fuel,A/T,Black,Black,At least 1 accident or damage reported,Yes,11500.0,18,,1,0,Old
Toyota,Sienna XSE 25th Anniversary,2023,,Hybrid,245.0HP 2.5L 4 Cylinder Engine Gas/Electric Hybrid,A/T,White,Black,None reported,Yes,59500.0,3,,0,0,New
Audi,A4 2.0T Premium quattro,2011,,Gasoline,211.0HP 2.0L 4 Cylinder Engine Gasoline Fuel,A/T,White,Black,None reported,Yes,5500.0,15,,1,0,Old
Mercedes-Benz,GLC 300 Base 4MATIC,2018,,Gasoline,241.0HP 2.0L 4 Cylinder Engine Gasoline Fuel,9-Speed A/T,Blue,Brown,None reported,Yes,27900.0,8,,1,0,Moderate
Toyota,86 860 Special Edition,2017,,Gasoline,200.0HP 2.0L 4 Cylinder Engine Gasoline Fuel,6-Speed A/T,Silver,Black,None reported,Yes,20000.0,9,,0,0,Moderate
Jaguar,XJ8 L,2000,,Gasoline,290.0HP 4.0L 8 Cylinder Engine Gasoline Fuel,A/T,Silver,Beige,None reported,Yes,12500.0,26,,0,0,Very Old
Chevrolet,Corvette Base,1996,,Gasoline,300.0HP 5.7L 8 Cylinder Engine Gasoline Fuel,4-Speed A/T,Silver,Black,None reported,Yes,14500.0,30,,0,0,Very Old
Tesla,Model 3 Long Range,2018,,,271.0HP Electric Motor Electric Fuel System,1-Speed A/T,White,Black,None reported,Yes,28895.0,8,,0,0,Moderate
Hyundai,Tucson SEL,2022,,Gasoline,2.5L I4 16V PDI DOHC,8-Speed Automatic,Portofino Gray,Black,None reported,,27999.0,4,,0,0,New
Porsche,911 Carrera S,2007,,Gasoline,355.0HP 3.8L Flat 6 Cylinder Engine Gasoline Fuel,6-Speed M/T,Silver,Black,None reported,Yes,56000.0,19,,0,0,Old
Lincoln,Nautilus Reserve,2021,,Gasoline,2.0L I4 16V GDI DOHC Turbo,8-Speed Automatic,Black,Ebony,None reported,,44340.0,5,,0,0,New
Ford,Mustang Boss 302,2012,,Gasoline,444.0HP 5.0L 8 Cylinder Engine Gasoline Fuel,M/T,Silver,Black,None reported,Yes,49990.0,14,,0,0,Old
Cadillac,Escalade Premium Luxury,2017,,Gasoline,420.0HP 6.2L 8 Cylinder Engine Gasoline Fuel,8-Speed A/T,White,Beige,At least 1 accident or damage reported,Yes,49900.0,9,,0,0,Moderate
MINI,Cooper Base,2010,,Gasoline,118.0HP 1.6L 4 Cylinder Engine Gasoline Fuel,6-Speed M/T,Yellow,Black,None reported,Yes,9650.0,16,,0,0,Old
Dodge,Durango R/T,2022,,Gasoline,5.7L V8 16V MPFI OHV,8-Speed Automatic,White Knuckle Clearcoat,Black,None reported,Yes,49999.0,4,,0,0,New
BMW,X5 xDrive35i,2018,,Gasoline,3.0L I6 24V GDI DOHC Turbo,8-Speed Automatic,Imperial Blue Metallic,Black,At least 1 accident or damage reported,,33889.0,8,,1,0,Moderate
Chevrolet,Corvette Base,2010,,Gasoline,430.0HP 6.2L 8 Cylinder Engine Gasoline Fuel,6-Speed M/T,White,Black,None reported,Yes,35000.0,16,,0,0,Old
Jaguar,XE 20d Prestige,2018,,Diesel,2.0 Liter,Automatic,Blue,Beige,None reported,,29998.0,8,,0,0,Moderate
Dodge,Challenger R/T,2021,,Gasoline,375.0HP 5.7L 8 Cylinder Engine Gasoline Fuel,8-Speed A/T,White,Gray,At least 1 accident or damage reported,Yes,28500.0,5,,0,0,New
BMW,550 i xDrive,2016,,Gasoline,445.0HP 4.4L 8 Cylinder Engine Gasoline Fuel,8-Speed A/T,Black,Black,At least 1 accident or damage reported,Yes,31300.0,10,,1,0,Moderate
Ford,Explorer XLT,2022,,Gasoline,2.3L I4 16V GDI DOHC Turbo,10-Speed Automatic,White,Ebony,None reported,Yes,38978.0,4,,0,0,New
GMC,Yukon XL Denali,2023,,Gasoline,420.0HP 6.2L 8 Cylinder Engine Gasoline Fuel,10-Speed A/T,Gray,Black,None reported,Yes,92888.0,3,,0,0,New
INFINITI,QX80 SENSORY,2022,,Gasoline,400.0HP 5.6L 8 Cylinder Engine Gasoline Fuel,7-Speed A/T,Blue,Brown,At least 1 accident or damage reported,Yes,64000.0,4,,0,0,New
Land,Rover Range Rover 3.0L Supercharged,2014,,E85 Flex Fuel,340.0HP 3.0L V6 Cylinder Engine Flex Fuel Capability,A/T,Red,Black,None reported,Yes,33800.0,12,,0,0,Old
Honda,Pilot EX-L,2020,,Gasoline,280.0HP 3.5L V6 Cylinder Engine Gasoline Fuel,A/T,White,Black,None reported,Yes,34999.0,6,,0,0,Moderate
Pontiac,Firebird Base,2001,,Gasoline,200.0HP 3.8L V6 Cylinder Engine Gasoline Fuel,A/T,White,Gray,None reported,Yes,11000.0,25,,0,0,Very Old
Toyota,4Runner Limited,2016,,Gasoline,4.0L V6 24V MPFI DOHC,5-Speed Automatic,Nautical Blue Pearl,Black,None reported,Yes,31906.0,10,,0,0,Moderate
Porsche,911 Carrera Cabriolet,2006,,Gasoline,325.0HP 3.6L Flat 6 Cylinder Engine Gasoline Fuel,Transmission w/Dual Shift Mode,Gray,Black,At least 1 accident or damage reported,Yes,37500.0,20,,0,0,Old
BMW,i8 Base,2019,,Plug-In Hybrid,369.0HP 1.5L 3 Cylinder Engine Plug-In Electric/Gas,Transmission w/Dual Shift Mode,Gray,Beige,At least 1 accident or damage reported,Yes,79950.0,7,,1,0,Moderate
Nissan,Maxima GLE,2000,,Gasoline,222.0HP 3.0L V6 Cylinder Engine Gasoline Fuel,A/T,Blue,Beige,At least 1 accident or damage reported,Yes,2300.0,26,,0,0,Very Old
Pontiac,Firebird Trans Am,2001,,Gasoline,310.0HP 5.7L 8 Cylinder Engine Gasoline Fuel,A/T,Green,Black,None reported,Yes,12850.0,25,,0,0,Very Old
Chevrolet,Suburban Premier,2018,,Gasoline,5.3L V8 16V GDI OHV,6-Speed Automatic,Tungsten Metallic,Jet Black,None reported,Yes,43775.0,8,,0,0,Moderate
BMW,X2 xDrive28i,2018,,Gasoline,228.0HP 2.0L 4 Cylinder Engine Gasoline Fuel,Transmission w/Dual Shift Mode,Gray,Black,At least 1 accident or damage reported,Yes,24900.0,8,,1,0,Moderate
Mercedes-Benz,AMG C 43 Base 4MATIC,2018,,Gasoline,362.0HP 3.0L V6 Cylinder Engine Gasoline Fuel,9-Speed A/T,White,Brown,At least 1 accident or damage reported,Yes,39848.0,8,,1,0,Moderate
BMW,750 i xDrive,2014,,Gasoline,445.0HP 4.4L 8 Cylinder Engine Gasoline Fuel,8-Speed A/T,Black,Brown,At least 1 accident or damage reported,Yes,24900.0,12,,1,0,Old
Volvo,S60 T5 Premier Plus,2015,,Gasoline,250.0HP 2.5L 5 Cylinder Engine Gasoline Fuel,Transmission w/Dual Shift Mode,Silver,Gray,At least 1 accident or damage reported,Yes,17900.0,11,,0,0,Old
Tesla,Model Y Long Range,2022,,,425.0HP Electric Motor Electric Fuel System,1-Speed A/T,Gray,Black,None reported,Yes,46500.0,4,,0,0,New
Ford,F-350 Platinum,2019,,Diesel,450.0HP 6.7L 8 Cylinder Engine Diesel Fuel,6-Speed A/T,Black,Black,None reported,Yes,61995.0,7,,0,0,Moderate
Volkswagen,ID.4 Pro S,2023,,,Battery Electric,Automatic,Gray,Gray w/Blue Bolsters,None reported,,39998.0,3,,0,0,New
Audi,A3 2.0T Premium,2016,,Gasoline,220.0HP 2.0L 4 Cylinder Engine Gasoline Fuel,A/T,Black,Black,At least 1 accident or damage reported,Yes,15499.0,10,,1,0,Moderate
Ford,Explorer Limited,2020,,Gasoline,2.3L I4 16V GDI DOHC Turbo,10-Speed Automatic,Gray,Ebony,None reported,Yes,30825.0,6,,0,0,Moderate
Ford,Mustang GT Premium,2020,,Gasoline,460.0HP 5.0L 8 Cylinder Engine Gasoline Fuel,10-Speed A/T,Blue,Black,At least 1 accident or damage reported,Yes,41000.0,6,,0,0,Moderate
Honda,S2000 Base,2003,,Gasoline,240.0HP 2.0L 4 Cylinder Engine Gasoline Fuel,6-Speed M/T,Silver,Black,None reported,Yes,28000.0,23,,0,0,Very Old
BMW,M235 i,2015,,Gasoline,320.0HP 3.0L Straight 6 Cylinder Engine Gasoline Fuel,6-Speed M/T,Red,Black,None reported,Yes,25999.0,11,,1,0,Old
Dodge,Durango SLT,2004,,Gasoline,335.0HP 5.7L 8 Cylinder Engine Gasoline Fuel,A/T,Beige,Beige,None reported,Yes,3200.0,22,,0,0,Very Old
Nissan,Armada LE,2005,,Gasoline,305.0HP 5.6L 8 Cylinder Engine Gasoline Fuel,A/T,Green,Beige,At least 1 accident or damage reported,Yes,6900.0,21,,0,0,Very Old
Kia,Sorento S,2021,,Gasoline,2.5L I4 16V PDI DOHC,8-Speed Automatic,Glacial White Pearl,Black,None reported,,33591.0,5,,0,0,New
Chevrolet,Silverado 1500 RST,2020,,Gasoline,355.0HP 5.3L 8 Cylinder Engine Gasoline Fuel,10-Speed A/T,Gray,Black,None reported,Yes,69999.0,6,,0,0,Moderate
Chevrolet,Impala Base,2004,,Gasoline,180.0HP 3.4L V6 Cylinder Engine Gasoline Fuel,A/T,Beige,Beige,None reported,Yes,5900.0,22,,0,0,Very Old
Toyota,Tacoma PreRunner,2011,,Gasoline,236.0HP 4.0L V6 Cylinder Engine Gasoline Fuel,A/T,Black,Beige,None reported,Yes,18995.0,15,,0,0,Old
Pontiac,Firebird Trans Am,1997,,Gasoline,285.0HP 5.7L 8 Cylinder Engine Gasoline Fuel,A/T,Red,Beige,At least 1 accident or damage reported,Yes,7200.0,29,,0,0,Very Old
Kia,Stinger GT1,2019,,Gasoline,"3.3L V-6 gasoline direct injection, DOHC, D-CVVT variable valve",Automatic,Snow White Pearl,Black,None reported,,34998.0,7,,0,0,Moderate
Ford,Escape SE,2017,,Gasoline,179.0HP 1.5L 4 Cylinder Engine Gasoline Fuel,A/T,Beige,Beige,None reported,Yes,13700.0,9,,0,0,Moderate
Jeep,Wrangler Unlimited Sport,2014,,Gasoline,285.0HP 3.6L V6 Cylinder Engine Gasoline Fuel,A/T,Orange,Black,At least 1 accident or damage reported,Yes,21500.0,12,,0,0,Old
Land,Rover Range Rover Sport HST MHEV,2020,,Hybrid,395.0HP 3.0L Straight 6 Cylinder Engine Gasoline/Mild Electric Hybrid,8-Speed A/T,Silver,Black,None reported,Yes,54500.0,6,,0,0,Moderate
Chevrolet,Silverado 1500 Base,1999,,Gasoline,255.0HP 4.8L 8 Cylinder Engine Gasoline Fuel,A/T,White,Gray,None reported,Yes,6800.0,27,,0,0,Very Old
Cadillac,XLR V,2008,,Gasoline,443.0HP 4.4L 8 Cylinder Engine Gasoline Fuel,6-Speed A/T,Black,Black,,,24700.0,18,,0,0,Old
Ford,Fusion Hybrid Titanium,2014,,Hybrid,2.0L I4 16V MPFI DOHC Hybrid,Automatic CVT,White,Charcoal Black,None reported,,12599.0,12,,0,0,Old
RAM,2500 SLT,2015,,Diesel,350.0HP 6.7L Straight 6 Cylinder Engine Diesel Fuel,6-Speed A/T,White,Black,At least 1 accident or damage reported,Yes,35000.0,11,,0,0,Old
Tesla,Model Y Long Range,2020,,,425.0HP Electric Motor Electric Fuel System,1-Speed A/T,Gray,White,None reported,Yes,35500.0,6,,0,0,Moderate
Toyota,Highlander XLE,2018,,Gasoline,295.0HP 3.5L V6 Cylinder Engine Gasoline Fuel,8-Speed A/T,White,Black,None reported,Yes,27950.0,8,,0,0,Moderate
Ford,F-150 XLT,2019,,Gasoline,325.0HP 2.7L V6 Cylinder Engine Gasoline Fuel,10-Speed A/T,Red,Gray,None reported,Yes,34500.0,7,,0,0,Moderate
GMC,Acadia SLE-2,2015,,Gasoline,281.0HP 3.6L V6 Cylinder Engine Gasoline Fuel,6-Speed A/T,Blue,Beige,None reported,Yes,17000.0,11,,0,0,Old
Porsche,Boxster Base,2005,,Gasoline,240.0HP 2.7L Flat 6 Cylinder Engine Gasoline Fuel,5-Speed M/T,Silver,Black,,,17500.0,21,,0,0,Very Old
Dodge,Charger R/T,2014,,Gasoline,370.0HP 5.7L 8 Cylinder Engine Gasoline Fuel,Transmission w/Dual Shift Mode,Black,Black,None reported,Yes,17900.0,12,,0,0,Old
Land,Rover Range Rover Sport Supercharged HSE,2016,,Gasoline,340.0HP 3.0L V6 Cylinder Engine Gasoline Fuel,A/T,Brown,Brown,None reported,Yes,37500.0,10,,0,0,Moderate
Ford,Mustang GT,2006,,Gasoline,300.0HP 4.6L 8 Cylinder Engine Gasoline Fuel,5-Speed M/T,Silver,Red,None reported,Yes,21750.0,20,,0,0,Old
Alfa,Romeo Giulia Ti,2020,,Gasoline,2.0L I4 16V GDI SOHC Turbo,8-Speed Automatic,Rosso,Black,,,34645.0,6,,0,0,Moderate
Tesla,Model S 90D,2016,,,417.0HP Electric Motor Electric Fuel System,A/T,Black,Black,None reported,Yes,35900.0,10,,0,0,Moderate
Jaguar,XK8 Base,1997,,Gasoline,290.0HP 4.0L 8 Cylinder Engine Gasoline Fuel,A/T,White,Beige,None reported,Yes,6000.0,29,,0,0,Very Old
Mercedes-Benz,GLC 300 GLC 300,2021,,Gasoline,2.0 Liter Turbo,Automatic,Graphite Grey,–,None reported,,38998.0,5,,1,0,New
Chevrolet,Corvette Stingray w/3LT,2021,,Gasoline,490.0HP 6.2L 8 Cylinder Engine Gasoline Fuel,Transmission w/Dual Shift Mode,Blue,Blue,None reported,Yes,85950.0,5,,0,0,New
Buick,Regal Turbo - Premium 1,2012,,Gasoline,220.0HP 2.0L 4 Cylinder Engine Gasoline Fuel,6-Speed A/T,Beige,Beige,At least 1 accident or damage reported,Yes,6000.0,14,,0,0,Old
Audi,A4 2.0T Premium,2014,,E85 Flex Fuel,220.0HP 2.0L 4 Cylinder Engine Flex Fuel Capability,Transmission w/Dual Shift Mode,Gray,Black,None reported,Yes,9999.0,12,,1,0,Old
Jeep,Gladiator Overland,2020,,Gasoline,285.0HP 3.6L V6 Cylinder Engine Gasoline Fuel,8-Speed A/T,Silver,Black,None reported,Yes,50000.0,6,,0,0,Moderate
GMC,Yukon XL Denali,2017,,Gasoline,420.0HP 6.2L 8 Cylinder Engine Gasoline Fuel,8-Speed A/T,Gray,Beige,At least 1 accident or damage reported,Yes,32000.0,9,,0,0,Moderate
Ford,Ranger Lariat,2019,,Gasoline,2.3L I4 16V GDI DOHC Turbo,10-Speed Automatic,Red,–,None reported,Yes,35690.0,7,,0,0,Moderate
Volkswagen,Passat 2.0T SE,2020,,Gasoline,174.0HP 2.0L 4 Cylinder Engine Gasoline Fuel,6-Speed A/T,Black,Brown,None reported,Yes,20900.0,6,,0,0,Moderate
Chevrolet,Corvette Stingray w/1LT,2021,,Gasoline,490.0HP 6.2L 8 Cylinder Engine Gasoline Fuel,A/T,White,Red,None reported,Yes,75000.0,5,,0,0,New
Land,Rover Range Rover HSE,2011,,Gasoline,230.0HP 3.2L Straight 6 Cylinder Engine Gasoline Fuel,6-Speed A/T,Black,Black,None reported,Yes,9500.0,15,,0,0,Old
Lexus,RX 450h F Sport Handling,2022,,Hybrid,308.0HP 3.5L V6 Cylinder Engine Gas/Electric Hybrid,A/T,White,Black,None reported,Yes,59000.0,4,,1,0,New
Ford,Expedition Platinum,2020,,Gasoline,3.5L V6 24V GDI DOHC Twin Turbo,10-Speed Automatic,Red,Ebony,None reported,Yes,48149.0,6,,0,0,Moderate
Toyota,Tacoma PreRunner,2008,,Gasoline,236.0HP 4.0L V6 Cylinder Engine Gasoline Fuel,A/T,White,–,At least 1 accident or damage reported,Yes,17000.0,18,,0,0,Old
Toyota,Mirai Base,2016,,not supported,151.0HP Electric Motor Hydrogen Fuel,A/T,Silver,Black,None reported,Yes,9500.0,10,,0,0,Moderate
Ford,Explorer Sport Trac XLT,2007,,Gasoline,292.0HP 4.6L 8 Cylinder Engine Gasoline Fuel,A/T,Red,Beige,At least 1 accident or damage reported,Yes,3850.0,19,,0,0,Old
GMC,Sierra 1500 SLE1 Extended Cab,2008,,–,–,4-Speed A/T,Red,Gray,At least 1 accident or damage reported,Yes,6100.0,18,,0,0,Old
Mercedes-Benz,C-Class C 300 Luxury,2015,,Gasoline,241.0HP 2.0L 4 Cylinder Engine Gasoline Fuel,7-Speed A/T,Black,Black,None reported,Yes,17000.0,11,,1,0,Old
Cadillac,SRX Standard,2016,,Gasoline,308.0HP 3.6L V6 Cylinder Engine Gasoline Fuel,6-Speed A/T,White,Black,At least 1 accident or damage reported,Yes,24995.0,10,,0,0,Moderate
Chrysler,Town & Country Touring-L,2012,,E85 Flex Fuel,283.0HP 3.6L V6 Cylinder Engine Flex Fuel Capability,6-Speed A/T,Gray,Beige,None reported,Yes,5949.0,14,,0,0,Old
Ford,F-350 Lariat,2018,,Diesel,450.0HP 6.7L 8 Cylinder Engine Diesel Fuel,Transmission w/Dual Shift Mode,Gray,Black,None reported,Yes,63500.0,8,,0,0,Moderate
Ford,Mustang Mach-E Select,2021,,,266.0HP Electric Motor Electric Fuel System,A/T,Blue,Black,None reported,Yes,39499.0,5,,0,0,New
Ford,F-150 XL,2014,,Gasoline,365.0HP 3.5L V6 Cylinder Engine Gasoline Fuel,6-Speed A/T,Gray,Gray,None reported,Yes,21500.0,12,,0,0,Old
Mazda,CX-30 Base,2020,,Gasoline,2.5L I4 16V GDI DOHC,6-Speed Automatic,Snowflake White Pearl,Black,At least 1 accident or damage reported,Yes,24899.0,6,,0,0,Moderate
Mercedes-Benz,AMG G AMG G 63 4MATIC,2016,,Gasoline,563.0HP 5.5L 8 Cylinder Engine Gasoline Fuel,Transmission w/Dual Shift Mode,White,Beige,At least 1 accident or damage reported,Yes,90000.0,10,,1,0,Moderate
BMW,M4 Base,2017,,Gasoline,425.0HP 3.0L Straight 6 Cylinder Engine Gasoline Fuel,Transmission w/Dual Shift Mode,White,Black,None reported,Yes,52999.0,9,,1,0,Moderate
Jeep,Wrangler Sport,2017,,Gasoline,285.0HP 3.6L V6 Cylinder Engine Gasoline Fuel,A/T,Red,–,None reported,Yes,29500.0,9,,0,0,Moderate
Jeep,Wrangler Sport,2020,,Gasoline,2.0L I4 16V GDI DOHC Turbo,8-Speed Automatic,Black Clearcoat,Black,None reported,Yes,31871.0,6,,0,0,Moderate
Chevrolet,Silverado 1500 LS,2003,,Gasoline,270.0HP 4.8L 8 Cylinder Engine Gasoline Fuel,A/T,Green,Beige,None reported,Yes,8900.0,23,,0,0,Very Old
MINI,Hardtop Cooper,2014,,Gasoline,189.0HP 2.0L 4 Cylinder Engine Gasoline Fuel,6-Speed A/T,Silver,Black,None reported,Yes,13500.0,12,,0,0,Old
Honda,Element EX,2008,,Gasoline,166.0HP 2.4L 4 Cylinder Engine Gasoline Fuel,5-Speed A/T,Black,Gray,At least 1 accident or damage reported,Yes,11000.0,18,,0,0,Old
Subaru,Impreza Outback Sport Wagon,2008,,Gasoline,170.0HP 2.5L 4 Cylinder Engine Gasoline Fuel,4-Speed A/T,Silver,Gray,None reported,Yes,7495.0,18,,0,0,Old
Cadillac,XT5 Premium Luxury,2021,,Gasoline,310.0HP 3.6L V6 Cylinder Engine Gasoline Fuel,A/T,Silver,Black,None reported,Yes,28500.0,5,,0,0,New
Nissan,Kicks S,2022,,Gasoline,1.6L I4 16V MPFI DOHC,Automatic CVT,Super Black,Charcoal,None reported,,18999.0,4,,0,0,New
Kia,Seltos S,2021,,Gasoline,146.0HP 2.0L 4 Cylinder Engine Gasoline Fuel,A/T,Blue,Black,None reported,Yes,25500.0,5,,0,0,New
GMC,Yukon SLE,2016,,Gasoline,355.0HP 5.3L 8 Cylinder Engine Gasoline Fuel,6-Speed A/T,Blue,Gray,At least 1 accident or damage reported,Yes,27633.0,10,,0,0,Moderate
Mercedes-Benz,GLE 350 Base 4MATIC,2020,,Gasoline,255.0HP 2.0L 4 Cylinder Engine Gasoline Fuel,9-Speed A/T,Black,Black,None reported,Yes,56000.0,6,,1,0,Moderate
Ford,Explorer XLT,2020,,Gasoline,2.3L I4 16V GDI DOHC Turbo,10-Speed Automatic,Magnetic Metallic,Ebony,At least 1 accident or damage reported,Yes,32107.0,6,,0,0,Moderate
Subaru,Impreza 2.0i Premium,2017,,Gasoline,152.0HP 2.0L 4 Cylinder Engine Gasoline Fuel,A/T,White,Beige,At least 1 accident or damage reported,Yes,7750.0,9,,0,0,Moderate
INFINITI,QX80 Base,2017,,Gasoline,400.0HP 5.6L 8 Cylinder Engine Gasoline Fuel,A/T,Black,Black,At least 1 accident or damage reported,Yes,28500.0,9,,0,0,Moderate
Kia,Telluride S,2023,,Gasoline,291.0HP 3.8L V6 Cylinder Engine Gasoline Fuel,A/T,Gray,Black,None reported,Yes,42500.0,3,,0,0,New
Pontiac,Solstice Base,2007,,Gasoline,177.0HP 2.4L 4 Cylinder Engine Gasoline Fuel,5-Speed A/T,Gray,Black,None reported,Yes,12900.0,19,,0,0,Old
Mazda,Mazda6 Carbon Edition,2021,,Gasoline,2.5L I4 16V,6-Speed Automatic,Polymetal Gray Metallic,Red,None reported,Yes,29995.0,5,,0,0,New
Ford,Transit-350 Base,2015,,Gasoline,310.0HP 3.5L V6 Cylinder Engine Gasoline Fuel,A/T,White,Gray,At least 1 accident or damage reported,Yes,29500.0,11,,0,0,Old
Hyundai,Genesis Coupe 3.8 Grand Touring,2013,,Gasoline,344.0HP 3.8L V6 Cylinder Engine Gasoline Fuel,A/T,White,–,None reported,Yes,16500.0,13,,0,0,Old
Dodge,Dart SE,2013,,Gasoline,160.0HP 1.4L 4 Cylinder Engine Gasoline Fuel,6-Speed A/T,Silver,Black,None reported,Yes,4399.0,13,,0,0,Old
Jeep,Wrangler Unlimited Sahara,2019,,Gasoline,285.0HP 3.6L V6 Cylinder Engine Gasoline Fuel,8-Speed A/T,Gray,Black,None reported,Yes,39900.0,7,,0,0,Moderate
Chevrolet,Tahoe LTZ,2011,,E85 Flex Fuel,320.0HP 5.3L 8 Cylinder Engine Flex Fuel Capability,6-Speed A/T,Red,Beige,At least 1 accident or damage reported,Yes,16000.0,15,,0,0,Old
Ford,F-150 Tremor,2023,,Gasoline,400.0HP 3.5L V6 Cylinder Engine Gasoline Fuel,10-Speed A/T,Gray,Black,None reported,Yes,70000.0,3,,0,0,New
Chevrolet,Corvette Stingray w/2LT,2022,,Gasoline,490.0HP 6.2L 8 Cylinder Engine Gasoline Fuel,Transmission w/Dual Shift Mode,Gray,Brown,None reported,Yes,89000.0,4,,0,0,New
Tesla,Model 3 Long Range,2018,,,271.0HP Electric Motor Electric Fuel System,A/T,Black,White,None reported,Yes,31500.0,8,,0,0,Moderate
Audi,A4 2.0T Premium,2013,,Gasoline,211.0HP 2.0L 4 Cylinder Engine Gasoline Fuel,A/T,Gray,Black,At least 1 accident or damage reported,Yes,11000.0,13,,1,0,Old
Cadillac,CTS Performance,2014,,Gasoline,318.0HP 3.6L V6 Cylinder Engine Gasoline Fuel,6-Speed A/T,Red,Black,None reported,Yes,21500.0,12,,0,0,Old
Nissan,Frontier SV,2012,,Gasoline,261.0HP 4.0L V6 Cylinder Engine Gasoline Fuel,A/T,Black,Gray,At least 1 accident or damage reported,Yes,15995.0,14,,0,0,Old
Chevrolet,Silverado 1500 LTZ,2019,,Gasoline,6.2L V8 16V GDI OHV,Automatic,Cajun Red Tintcoat,Jet Black,None reported,Yes,43860.0,7,,0,0,Moderate
Lincoln,MKT Base,2016,,Gasoline,303.0HP 3.7L V6 Cylinder Engine Gasoline Fuel,6-Speed A/T,Black,Black,None reported,Yes,10500.0,10,,0,0,Moderate
Chevrolet,Cruze LT Automatic,2016,,Gasoline,1.4L I4 16V GDI DOHC Turbo,6-Speed Automatic,Kinetic Blue,Jet Black,At least 1 accident or damage reported,Yes,12999.0,10,,0,0,Moderate
Nissan,Xterra S,2008,,Gasoline,261.0HP 4.0L V6 Cylinder Engine Gasoline Fuel,5-Speed A/T,Gray,Gray,None reported,Yes,3850.0,18,,0,0,Old
Ford,F-150 Lariat SuperCrew,2004,,Gasoline,300.0HP 5.4L 8 Cylinder Engine Gasoline Fuel,A/T,Red,Beige,At least 1 accident or damage reported,Yes,9500.0,22,,0,0,Very Old
Dodge,Ram 2500 Quad Cab,2001,,Diesel,245.0HP 5.9L Straight 6 Cylinder Engine Diesel Fuel,A/T,Silver,Gray,None reported,Yes,27500.0,25,,0,0,Very Old
Chevrolet,Colorado ZR2,2021,,Gasoline,3.6L V6 24V GDI DOHC,Automatic,Satin Steel Metallic,Jet Black,None reported,,44791.0,5,,0,0,New
Nissan,Kicks S,2022,,Gasoline,1.6L I4 16V MPFI DOHC,Automatic CVT,Electric Blue Metallic,Charcoal,None reported,,19599.0,4,,0,0,New
Audi,S4 3.0T Premium Plus,2014,,Gasoline,333.0HP 3.0L V6 Cylinder Engine Gasoline Fuel,7-Speed A/T,Gray,Black,None reported,Yes,21373.0,12,,1,0,Old
Mercedes-Benz,C-Class C 250 Luxury,2012,,Gasoline,201.0HP 1.8L 4 Cylinder Engine Gasoline Fuel,7-Speed A/T,White,White,None reported,Yes,15000.0,14,,1,0,Old
FIAT,500X Trekking Plus,2016,,Gasoline,180.0HP 2.4L 4 Cylinder Engine Gasoline Fuel,A/T,Yellow,Brown,None reported,Yes,15999.0,10,,0,0,Moderate
Ford,F-150 XLT,2018,,Gasoline,325.0HP 2.7L V6 Cylinder Engine Gasoline Fuel,10-Speed A/T,Brown,Beige,At least 1 accident or damage reported,Yes,31500.0,8,,0,0,Moderate
Ford,F-250 XL Crew Cab Super Duty,2004,,Diesel,325.0HP 6.0L 8 Cylinder Engine Diesel Fuel,A/T,White,Gray,None reported,Yes,9200.0,22,,0,0,Very Old
Ford,E350 Super Duty Base,2006,,Gasoline,305.0HP 6.8L 10 Cylinder Engine Gasoline Fuel,A/T,White,Gray,At least 1 accident or damage reported,Yes,8500.0,20,,0,0,Old
Kia,Sorento SXL,2019,,Gasoline,290.0HP 3.3L V6 Cylinder Engine Gasoline Fuel,8-Speed A/T,Black,Black,At least 1 accident or damage reported,Yes,30000.0,7,,0,0,Moderate
Mercedes-Benz,C-Class C 300 4MATIC Sport,2015,,Gasoline,241.0HP 2.0L 4 Cylinder Engine Gasoline Fuel,7-Speed A/T,White,Black,None reported,Yes,19000.0,11,,1,0,Old
Nissan,Altima 2.5 SL,2014,,Gasoline,182.0HP 2.5L 4 Cylinder Engine Gasoline Fuel,A/T,Black,Black,At least 1 accident or damage reported,Yes,9000.0,12,,0,0,Old
Volkswagen,Tiguan 2.0T SEL Premium R-Line,2019,,Gasoline,184.0HP 2.0L 4 Cylinder Engine Gasoline Fuel,A/T,White,Silver,None reported,Yes,25500.0,7,,0,0,Moderate
BMW,328 i xDrive,2013,,Gasoline,240.0HP 2.0L 4 Cylinder Engine Gasoline Fuel,Transmission w/Dual Shift Mode,White,Beige,None reported,Yes,17500.0,13,,1,0,Old
Audi,Q4 e-tron 50 Premium Plus,2022,,,295.0HP Electric Motor Electric Fuel System,1-Speed A/T,Gray,Black,None reported,Yes,52000.0,4,,1,0,New
Nissan,Pathfinder S,2017,,Gasoline,284.0HP 3.5L V6 Cylinder Engine Gasoline Fuel,A/T,Silver,Gray,At least 1 accident or damage reported,Yes,8500.0,9,,0,0,Moderate
Subaru,Ascent Touring 7-Passenger,2020,,Gasoline,260.0HP 2.4L 4 Cylinder Engine Gasoline Fuel,Transmission w/Dual Shift Mode,Blue,Brown,None reported,Yes,32500.0,6,,0,0,Moderate
Ford,E350 Super Duty XLT,2010,,E85 Flex Fuel,255.0HP 5.4L 8 Cylinder Engine Flex Fuel Capability,A/T,Silver,Beige,At least 1 accident or damage reported,Yes,14000.0,16,,0,0,Old
BMW,M3 CS,2018,,Gasoline,453.0HP 3.0L Straight 6 Cylinder Engine Gasoline Fuel,A/T,White,Black,None reported,Yes,60500.0,8,,1,0,Moderate
Acura,TLX V6 Advance,2016,,Gasoline,290.0HP 3.5L V6 Cylinder Engine Gasoline Fuel,A/T,Gray,Black,None reported,Yes,19500.0,10,,0,0,Moderate
Chevrolet,Silverado 1500 ZR2,2022,,Gasoline,6.2L V8 16V GDI OHV,Automatic,Glacier Blue Metallic,Jet Black,None reported,,68990.0,4,,0,0,New
Jeep,Wrangler SE,1999,,Gasoline,120.0HP 2.5L 4 Cylinder Engine Gasoline Fuel,5-Speed M/T,Red,–,None reported,Yes,12000.0,27,,0,0,Very Old
Ford,Edge Sport,2016,,Gasoline,315.0HP 2.7L V6 Cylinder Engine Gasoline Fuel,6-Speed A/T,White,Black,None reported,Yes,19995.0,10,,0,0,Moderate
Porsche,911 Carrera Cabriolet,2001,,Gasoline,300.0HP 3.4L Flat 6 Cylinder Engine Gasoline Fuel,6-Speed M/T,Black,Black,None reported,Yes,36000.0,25,,0,0,Very Old
Nissan,Murano SL,2021,,Gasoline,3.5L V6 24V MPFI DOHC,Automatic CVT,Magnetic Black,Graphite,At least 1 accident or damage reported,,29725.0,5,,0,0,New
Pontiac,G8 GT,2009,,Gasoline,355.0HP 6.0L 8 Cylinder Engine Gasoline Fuel,Transmission w/Dual Shift Mode,Black,Black,None reported,Yes,17500.0,17,,0,0,Old
Mercedes-Benz,E-Class E 350,2021,,Gasoline,255.0HP 2.0L 4 Cylinder Engine Gasoline Fuel,9-Speed A/T,White,Beige,None reported,Yes,41000.0,5,,1,0,New
Jeep,Commander Sport,2007,,E85 Flex Fuel,235.0HP 4.7L 8 Cylinder Engine Flex Fuel Capability,A/T,Blue,Gray,At least 1 accident or damage reported,Yes,4800.0,19,,0,0,Old
Audi,A5 45 S line Premium Plus,2022,,Hybrid,261.0HP 2.0L 4 Cylinder Engine Gasoline/Mild Electric Hybrid,Transmission w/Dual Shift Mode,White,Black,None reported,Yes,47000.0,4,,1,0,New
BMW,M550 i xDrive,2018,,Gasoline,456.0HP 4.4L 8 Cylinder Engine Gasoline Fuel,8-Speed A/T,Gray,Black,None reported,Yes,44900.0,8,,1,0,Moderate
Volkswagen,Jetta 1.4T R-Line,2019,,Gasoline,147.0HP 1.4L 4 Cylinder Engine Gasoline Fuel,A/T,Orange,White,At least 1 accident or damage reported,Yes,14980.0,7,,0,0,Moderate
Cadillac,CTS 2.0L Turbo Luxury,2019,,Gasoline,265.0HP 2.0L 4 Cylinder Engine Gasoline Fuel,8-Speed A/T,White,Beige,At least 1 accident or damage reported,Yes,26000.0,7,,0,0,Moderate
Lexus,IS-F Base,2008,,Gasoline,416.0HP 5.0L 8 Cylinder Engine Gasoline Fuel,8-Speed A/T,Black,Black,At least 1 accident or damage reported,Yes,34000.0,18,,1,0,Old
Ford,Explorer XLT,2022,,Gasoline,300.0HP 2.3L 4 Cylinder Engine Gasoline Fuel,A/T,Red,Black,None reported,Yes,46000.0,4,,0,0,New
Buick,LaCrosse Leather,2012,,Hybrid,182.0HP 2.4L 4 Cylinder Engine Gasoline/Mild Electric Hybrid,6-Speed A/T,Gold,Beige,None reported,Yes,15995.0,14,,0,0,Old
Mazda,RX-8 Sport,2008,,Gasoline,212.0HP 1.3L Rotary engine Gasoline Fuel,A/T,Blue,Black,At least 1 accident or damage reported,Yes,6800.0,18,,0,0,Old
Ford,Mustang GT Premium,2019,,Gasoline,460.0HP 5.0L 8 Cylinder Engine Gasoline Fuel,10-Speed A/T,White,Black,None reported,Yes,32300.0,7,,0,0,Moderate
Mazda,Mazda6 Touring,2021,,Gasoline,2.5L I4 16V GDI DOHC,6-Speed Automatic,Snowflake White Pearl,Black,At least 1 accident or damage reported,Yes,25215.0,5,,0,0,New
Ford,Ranger Edge SuperCab,2004,,Gasoline,148.0HP 3.0L V6 Cylinder Engine Gasoline Fuel,A/T,White,Gray,At least 1 accident or damage reported,Yes,8500.0,22,,0,0,Very Old
Volkswagen,Golf GTI 2.0T SE w/Performance Package 4-Door,2016,,Gasoline,220.0HP 2.0L 4 Cylinder Engine Gasoline Fuel,Transmission w/Dual Shift Mode,Gray,Black,None reported,Yes,18999.0,10,,0,0,Moderate
Ford,Thunderbird Deluxe,2004,,Gasoline,280.0HP 3.9L 8 Cylinder Engine Gasoline Fuel,A/T,Black,Beige,,,22000.0,22,,0,0,Very Old
Hummer,H2 Base,2008,,Gasoline,393.0HP 6.2L 8 Cylinder Engine Gasoline Fuel,6-Speed A/T,Green,Black,At least 1 accident or damage reported,Yes,37000.0,18,,0,0,Old
BMW,X5 sDrive35i,2017,,Gasoline,300.0HP 3.0L Straight 6 Cylinder Engine Gasoline Fuel,A/T,Black,Beige,None reported,Yes,28900.0,9,,1,0,Moderate
BMW,X3 xDrive30i,2020,,Gasoline,2.0L I4 16V GDI DOHC Turbo,8-Speed Automatic,Black Sapphire Metallic,Canberra Beige,None reported,Yes,37998.0,6,,1,0,Moderate
Hyundai,Accent GLS,2014,,Gasoline,138.0HP 1.6L 4 Cylinder Engine Gasoline Fuel,A/T,Silver,Gray,None reported,Yes,7500.0,12,,0,0,Old
RAM,1500 Big Horn,2014,,Gasoline,395.0HP 5.7L 8 Cylinder Engine Gasoline Fuel,8-Speed A/T,Black,Black,None reported,Yes,24850.0,12,,0,0,Old
Ford,Bronco Heritage Edition Advanced,2023,,Gasoline,275.0HP 2.3L 4 Cylinder Engine Gasoline Fuel,7-Speed M/T,Red,–,None reported,Yes,60000.0,3,,0,0,New
MINI,Countryman Cooper S ALL4,2014,,Gasoline,181.0HP 1.6L 4 Cylinder Engine Gasoline Fuel,6-Speed A/T,White,Black,None reported,Yes,15750.0,12,,0,0,Old
Cadillac,Escalade Premium,2013,,E85 Flex Fuel,403.0HP 6.2L 8 Cylinder Engine Flex Fuel Capability,6-Speed A/T,Beige,Beige,At least 1 accident or damage reported,Yes,18800.0,13,,0,0,Old
Mercedes-Benz,GLE 350 GLE 350,2022,,Gasoline,2.0 Liter Turbo,Automatic,Black,Black,None reported,,61998.0,4,,1,0,New
Toyota,4Runner Limited,2014,,Gasoline,270.0HP 4.0L V6 Cylinder Engine Gasoline Fuel,A/T,Gray,Red,None reported,Yes,27999.0,12,,0,0,Old
Audi,A8 L 55,2019,,Hybrid,335.0HP 3.0L V6 Cylinder Engine Gasoline/Mild Electric Hybrid,Transmission w/Dual Shift Mode,Black,Brown,None reported,Yes,48000.0,7,,1,0,Moderate
Lexus,ES 350 Base,2019,,Gasoline,302.0HP 3.5L V6 Cylinder Engine Gasoline Fuel,Transmission w/Dual Shift Mode,Black,Red,At least 1 accident or damage reported,Yes,34000.0,7,,1,0,Moderate
Toyota,4Runner Limited Nightshade,2019,,Gasoline,4.0L V6 24V MPFI DOHC,5-Speed Automatic,White,–,At least 1 accident or damage reported,Yes,39857.0,7,,0,0,Moderate
FIAT,500 Sport,2015,,Gasoline,101.0HP 1.4L 4 Cylinder Engine Gasoline Fuel,A/T,Black,Black,At least 1 accident or damage reported,Yes,11500.0,11,,0,0,Old
Ford,Maverick XLT,2022,,Hybrid,191.0HP 2.5L 4 Cylinder Engine Gas/Electric Hybrid,CVT Transmission,Blue,Gray,None reported,Yes,28000.0,4,,0,0,New
Ford,Mustang GT,2006,,Gasoline,300.0HP 4.6L 8 Cylinder Engine Gasoline Fuel,5-Speed A/T,Silver,Black,None reported,Yes,22000.0,20,,0,0,Old
Jeep,Wrangler Sport,2023,,Gasoline,2.0L I4 16V GDI DOHC Turbo,8-Speed Automatic,Bright White Clearcoat,Black,None reported,Yes,40995.0,3,,0,0,New
Jeep,Grand Cherokee Limited,2015,,E85 Flex Fuel,290.0HP 3.6L V6 Cylinder Engine Flex Fuel Capability,A/T,White,Black,None reported,Yes,17000.0,11,,0,0,Old
Ford,Mustang Mach-E GT,2023,,,480.0HP Electric Motor Electric Fuel System,A/T,Orange,Gray,None reported,Yes,59000.0,3,,0,0,New
Jeep,Compass Sport,2010,,Gasoline,172.0HP 2.4L 4 Cylinder Engine Gasoline Fuel,A/T,Black,Gray,At least 1 accident or damage reported,Yes,4500.0,16,,0,0,Old
Lexus,LS 430 Base,2006,,Gasoline,278.0HP 4.3L 8 Cylinder Engine Gasoline Fuel,A/T,Silver,Gray,None reported,Yes,7500.0,20,,1,0,Old
Ford,F-250 King Ranch,2021,,Diesel,475.0HP 6.7L 8 Cylinder Engine Diesel Fuel,10-Speed A/T,Red,Brown,,,69995.0,5,,0,0,New
BMW,X5 xDrive50i,2011,,Gasoline,400.0HP 4.4L 8 Cylinder Engine Gasoline Fuel,Transmission w/Dual Shift Mode,White,Blue,At least 1 accident or damage reported,Yes,12000.0,15,,1,0,Old
Porsche,911 Carrera,2016,,Gasoline,350.0HP 3.4L Flat 6 Cylinder Engine Gasoline Fuel,A/T,Gray,Beige,None reported,Yes,78000.0,10,,0,0,Moderate
Ford,Focus ST Base,2013,,Gasoline,252.0HP 2.0L 4 Cylinder Engine Gasoline Fuel,6-Speed M/T,Yellow,Gray,None reported,Yes,19795.0,13,,0,0,Old
Lexus,ES 300h Base,2018,,Hybrid,200.0HP 2.5L 4 Cylinder Engine Gas/Electric Hybrid,CVT Transmission,White,Beige,At least 1 accident or damage reported,Yes,23400.0,8,,1,0,Moderate
Volkswagen,CC Sport,2012,,Gasoline,200.0HP 2.0L 4 Cylinder Engine Gasoline Fuel,M/T,White,Black,At least 1 accident or damage reported,Yes,9000.0,14,,0,0,Old
Volkswagen,Golf SportWagen TSI S 4-Door,2016,,Gasoline,170.0HP 1.8L 4 Cylinder Engine Gasoline Fuel,5-Speed M/T,White,Beige,None reported,Yes,13800.0,10,,0,0,Moderate
Porsche,911 Carrera S,2013,,Gasoline,400.0HP 3.8L Flat 6 Cylinder Engine Gasoline Fuel,7-Speed A/T,Blue,Gray,None reported,Yes,65900.0,13,,0,0,Old
Toyota,Prius Plug-in Base,2014,,Plug-In Hybrid,134.0HP 1.8L 4 Cylinder Engine Plug-In Electric/Gas,A/T,Green,Beige,At least 1 accident or damage reported,Yes,11800.0,12,,0,0,Old
Ford,F-250 XLT,2019,,Diesel,450.0HP 6.7L 8 Cylinder Engine Diesel Fuel,A/T,Black,Black,At least 1 accident or damage reported,Yes,50000.0,7,,0,0,Moderate
Mercedes-Benz,S-Class S 560 4MATIC,2019,,Gasoline,463.0HP 4.0L 8 Cylinder Engine Gasoline Fuel,A/T,Black,Beige,None reported,Yes,55900.0,7,,1,0,Moderate
Ford,Mustang GT,2011,,Gasoline,412.0HP 5.0L 8 Cylinder Engine Gasoline Fuel,6-Speed M/T,Black,Black,None reported,Yes,23500.0,15,,0,0,Old
Cadillac,CTS 2.0L Turbo Luxury,2019,,Gasoline,2.0L I4 16V GDI DOHC Turbo,8-Speed Automatic,Red Obsession,Very Light Cashmere,None reported,,30599.0,7,,0,0,Moderate
Volkswagen,Jetta 1.4T R-Line,2019,,Gasoline,1.4L I4 16V GDI DOHC Turbo,8-Speed Automatic,Platinum Gray Metallic,Black / Gray,None reported,,19290.0,7,,0,0,Moderate
Jeep,Wrangler X,2005,,Gasoline,190.0HP 4.0L Straight 6 Cylinder Engine Gasoline Fuel,6-Speed M/T,Orange,Gray,None reported,Yes,11000.0,21,,0,0,Very Old
Lincoln,LS V8,2002,,Gasoline,252.0HP 3.9L 8 Cylinder Engine Gasoline Fuel,A/T,Silver,Black,At least 1 accident or damage reported,Yes,11000.0,24,,0,0,Very Old
Ford,F-150 Lightning LARIAT,2022,,,563.0HP Electric Motor Electric Fuel System,1-Speed A/T,White,Gray,None reported,Yes,71900.0,4,,0,0,New
Mercedes-Benz,C-Class C55 AMG Sport,2006,,Gasoline,362.0HP 5.4L 8 Cylinder Engine Gasoline Fuel,Transmission w/Dual Shift Mode,Black,Black,At least 1 accident or damage reported,Yes,15900.0,20,,1,0,Old
Audi,S6 4.0T Prestige,2013,,Gasoline,420.0HP 4.0L 8 Cylinder Engine Gasoline Fuel,7-Speed A/T,Black,Black,,,27450.0,13,,1,0,Old
BMW,335 i xDrive,2013,,Gasoline,300.0HP 3.0L Straight 6 Cylinder Engine Gasoline Fuel,8-Speed A/T,Red,Black,None reported,Yes,19999.0,13,,1,0,Old
Porsche,911 Carrera 4S Cabriolet,2009,,Gasoline,385.0HP 3.8L Flat 6 Cylinder Engine Gasoline Fuel,6-Speed M/T,Black,Black,None reported,Yes,79995.0,17,,0,0,Old
Kia,Forte LXS,2020,,Gasoline,147.0HP 2.0L 4 Cylinder Engine Gasoline Fuel,A/T,Silver,Black,At least 1 accident or damage reported,Yes,16995.0,6,,0,0,Moderate
Chevrolet,Corvette Base,2004,,Gasoline,350.0HP 5.7L 8 Cylinder Engine Gasoline Fuel,4-Speed A/T,Red,Black,None reported,Yes,23500.0,22,,0,0,Very Old
Hyundai,Santa Fe Sport 2.0L Turbo,2018,,Gasoline,240.0HP 2.0L 4 Cylinder Engine Gasoline Fuel,A/T,Silver,Black,At least 1 accident or damage reported,Yes,20900.0,8,,0,0,Moderate
RAM,1500 Laramie,2022,,Gasoline,5.7L V8 16V MPFI OHV,8-Speed Automatic,Flame Red Clearcoat,Black,None reported,,45999.0,4,,0,0,New
Kia,Sorento SX Prestige,2023,,Gasoline,281.0HP 2.5L 4 Cylinder Engine Gasoline Fuel,Transmission w/Dual Shift Mode,White,Black,None reported,Yes,40200.0,3,,0,0,New
Ford,F-250 XL,2020,,E85 Flex Fuel,385.0HP 6.2L 8 Cylinder Engine Flex Fuel Capability,A/T,White,Gray,None reported,Yes,44000.0,6,,0,0,Moderate
BMW,X5 xDrive35i,2013,,Gasoline,300.0HP 3.0L Straight 6 Cylinder Engine Gasoline Fuel,8-Speed A/T,White,Brown,At least 1 accident or damage reported,Yes,15999.0,13,,1,0,Old
Mercedes-Benz,C-Class C 300 4MATIC,2021,,Gasoline,255.0HP 2.0L 4 Cylinder Engine Gasoline Fuel,Transmission w/Dual Shift Mode,Black,Black,None reported,Yes,38500.0,5,,1,0,New
Audi,Q5 S line Premium Plus,2023,,Hybrid,2.0 Liter TFSI,Automatic,Daytona Gray,Black,None reported,,51598.0,3,,1,0,New
Ford,Explorer XLT,2020,,Gasoline,300.0HP 2.3L 4 Cylinder Engine Gasoline Fuel,10-Speed A/T,Blue,Black,At least 1 accident or damage reported,Yes,21000.0,6,,0,0,Moderate
Audi,A6 55 Premium,2019,,Hybrid,335.0HP 3.0L V6 Cylinder Engine Gasoline/Mild Electric Hybrid,7-Speed A/T,Black,Black,None reported,Yes,42500.0,7,,1,0,Moderate
Toyota,Matrix XR,2004,,Gasoline,130.0HP 1.8L 4 Cylinder Engine Gasoline Fuel,4-Speed A/T,Silver,Black,At least 1 accident or damage reported,Yes,4000.0,22,,0,0,Very Old
Kia,Optima SX Turbo,2017,,Gasoline,2.0L I4 16V GDI DOHC Turbo,6-Speed Automatic,Remington Red Metallic,Black,At least 1 accident or damage reported,,17238.0,9,,0,0,Moderate
Ford,F-150 Lariat,2022,,Gasoline,400.0HP 3.5L V6 Cylinder Engine Gasoline Fuel,A/T,Black,Black,None reported,Yes,53500.0,4,,0,0,New
Audi,Q8 3.0T Premium,2019,,Hybrid,335.0HP 3.0L V6 Cylinder Engine Gasoline/Mild Electric Hybrid,8-Speed A/T,White,–,None reported,Yes,44870.0,7,,1,0,Moderate
Chevrolet,Corvette Stingray w/2LT,2020,,Gasoline,490.0HP 6.2L 8 Cylinder Engine Gasoline Fuel,A/T,Orange,Black,At least 1 accident or damage reported,Yes,79900.0,6,,0,0,Moderate
Scion,tC Anniversary Edition,2014,,Gasoline,179.0HP 2.5L 4 Cylinder Engine Gasoline Fuel,6-Speed M/T,White,Black,None reported,Yes,10998.0,12,,0,0,Old
Mercedes-Benz,C-Class C 300,2017,,Gasoline,241.0HP 2.0L 4 Cylinder Engine Gasoline Fuel,7-Speed A/T,Black,Black,At least 1 accident or damage reported,Yes,21000.0,9,,1,0,Moderate
Nissan,Murano SV,2020,,Gasoline,3.5L V6 24V MPFI DOHC,Automatic CVT,Brilliant Silver Metallic,Graphite,None reported,Yes,23625.0,6,,0,0,Moderate
Ford,Mustang GT,2018,,Gasoline,460.0HP 5.0L 8 Cylinder Engine Gasoline Fuel,6-Speed M/T,Black,Black,At least 1 accident or damage reported,Yes,29950.0,8,,0,0,Moderate
Ford,Taurus SHO,2011,,Gasoline,365.0HP 3.5L V6 Cylinder Engine Gasoline Fuel,A/T,Black,Black,None reported,Yes,4700.0,15,,0,0,Old
Chevrolet,Tahoe LTZ,2015,,Gasoline,355.0HP 5.3L 8 Cylinder Engine Gasoline Fuel,6-Speed A/T,White,Black,At least 1 accident or damage reported,Yes,37000.0,11,,0,0,Old
Ford,Escape SEL,2020,,Gasoline,181.0HP 1.5L 3 Cylinder Engine Gasoline Fuel,A/T,White,Beige,,,19000.0,6,,0,0,Moderate
Dodge,Grand Caravan SE,2018,,E85 Flex Fuel,283.0HP 3.6L V6 Cylinder Engine Flex Fuel Capability,A/T,White,Gray,None reported,Yes,35000.0,8,,0,0,Moderate
Hyundai,Elantra HEV Limited,2021,,Hybrid,139.0HP 1.6L 4 Cylinder Engine Gas/Electric Hybrid,A/T,Gray,Black,None reported,Yes,23999.0,5,,0,0,New
GMC,Canyon Denali,2019,,Gasoline,308.0HP 3.6L V6 Cylinder Engine Gasoline Fuel,8-Speed A/T,Red,Black,At least 1 accident or damage reported,Yes,36750.0,7,,0,0,Moderate
Alfa,Romeo Giulia Quadrifoglio,2018,,Gasoline,505.0HP 2.9L V6 Cylinder Engine Gasoline Fuel,8-Speed A/T,Black,Black,,,41500.0,8,,0,0,Moderate
Subaru,Impreza WRX,2008,,Gasoline,224.0HP 2.5L 4 Cylinder Engine Gasoline Fuel,5-Speed M/T,Black,Black,At least 1 accident or damage reported,Yes,14500.0,18,,0,0,Old
GMC,Sierra 2500 Denali,2021,,Diesel,445.0HP 6.6L 8 Cylinder Engine Diesel Fuel,10-Speed A/T,Black,Black,At least 1 accident or damage reported,Yes,73000.0,5,,0,0,New
Chevrolet,Tahoe LS,2005,,Gasoline,285.0HP 4.8L 8 Cylinder Engine Gasoline Fuel,4-Speed A/T,Silver,Gray,At least 1 accident or damage reported,Yes,9000.0,21,,0,0,Very Old
Mercedes-Benz,SL-Class SL 550,2013,,Gasoline,429.0HP 4.6L 8 Cylinder Engine Gasoline Fuel,A/T,Gray,Beige,At least 1 accident or damage reported,Yes,26900.0,13,,1,0,Old
Ford,Escape PHEV SE,2022,,Plug-In Hybrid,221.0HP 2.5L 4 Cylinder Engine Plug-In Electric/Gas,CVT Transmission,White,Gray,None reported,Yes,32850.0,4,,0,0,New
Dodge,Charger GT,2018,,Gasoline,3.6L V6 24V MPFI DOHC,8-Speed Automatic,White Knuckle Clearcoat,Black,None reported,Yes,26691.0,8,,0,0,Moderate
Ford,F-150 XLT,2016,,E85 Flex Fuel,385.0HP 5.0L 8 Cylinder Engine Flex Fuel Capability,A/T,Black,–,At least 1 accident or damage reported,Yes,24350.0,10,,0,0,Moderate
Lexus,NX 200t Base,2016,,Gasoline,235.0HP 2.0L 4 Cylinder Engine Gasoline Fuel,A/T,Blue,Brown,At least 1 accident or damage reported,Yes,22495.0,10,,1,0,Moderate
Cadillac,XT5 Base,2019,,Gasoline,310.0HP 3.6L V6 Cylinder Engine Gasoline Fuel,8-Speed A/T,Black,Beige,None reported,Yes,26000.0,7,,0,0,Moderate
Ford,Mustang Shelby GT500,2010,,Gasoline,540.0HP 5.4L 8 Cylinder Engine Gasoline Fuel,6-Speed M/T,Black,Black,None reported,Yes,38000.0,16,,0,0,Old
Ford,F-250 Lariat,2015,,Diesel,440.0HP 6.7L 8 Cylinder Engine Diesel Fuel,Transmission w/Dual Shift Mode,Gray,Black,None reported,Yes,45000.0,11,,0,0,Old
BMW,325 i,2005,,Gasoline,184.0HP 2.5L Straight 6 Cylinder Engine Gasoline Fuel,A/T,Black,Brown,None reported,Yes,5000.0,21,,1,0,Very Old
Toyota,Camry XLE,2007,,Gasoline,158.0HP 2.4L 4 Cylinder Engine Gasoline Fuel,5-Speed A/T,White,Gray,At least 1 accident or damage reported,Yes,7450.0,19,,0,0,Old
BMW,335 i,2011,,Gasoline,300.0HP 3.0L Straight 6 Cylinder Engine Gasoline Fuel,6-Speed A/T,Blue,Beige,At least 1 accident or damage reported,Yes,13599.0,15,,1,0,Old
Chevrolet,Camaro 1SS,2017,,Gasoline,455.0HP 6.2L 8 Cylinder Engine Gasoline Fuel,6-Speed M/T,Blue,Black,None reported,Yes,37000.0,9,,0,0,Moderate
Mazda,MX-5 Miata Base,1999,,Gasoline,140.0HP 1.8L 4 Cylinder Engine Gasoline Fuel,A/T,Green,Beige,At least 1 accident or damage reported,Yes,9000.0,27,,0,0,Very Old
Toyota,Tundra SR5 Double Cab,2005,,Gasoline,282.0HP 4.7L 8 Cylinder Engine Gasoline Fuel,A/T,Gray,Gray,At least 1 accident or damage reported,Yes,8500.0,21,,0,0,Very Old
RAM,2500 Powerwagon,2013,,Gasoline,383.0HP 5.7L 8 Cylinder Engine Gasoline Fuel,6-Speed A/T,White,Gray,At least 1 accident or damage reported,Yes,26500.0,13,,0,0,Old
Mercedes-Benz,S-Class S 550 4MATIC,2016,,Gasoline,449.0HP 4.7L 8 Cylinder Engine Gasoline Fuel,7-Speed A/T,White,Black,None reported,Yes,41999.0,10,,1,0,Moderate
Volkswagen,Passat 2.0T R-Line,2021,,Gasoline,2.0 Liter TSI,Automatic,Reflex Silver,Titan Black,None reported,,25998.0,5,,0,0,New
Toyota,Tundra Platinum,2018,,Gasoline,381.0HP 5.7L 8 Cylinder Engine Gasoline Fuel,6-Speed A/T,Gray,Black,None reported,Yes,51000.0,8,,0,0,Moderate
Cadillac,Escalade Luxury,2018,,Gasoline,420.0HP 6.2L 8 Cylinder Engine Gasoline Fuel,10-Speed A/T,White,Beige,None reported,Yes,49999.0,8,,0,0,Moderate
Volkswagen,Golf Alltrack TSI SE,2018,,Gasoline,170.0HP 1.8L 4 Cylinder Engine Gasoline Fuel,6-Speed A/T,White,Black,None reported,Yes,20900.0,8,,0,0,Moderate
Nissan,Altima 2.5 S,2020,,Gasoline,182.0HP 2.5L 4 Cylinder Engine Gasoline Fuel,A/T,Silver,Gray,None reported,Yes,21000.0,6,,0,0,Moderate
Mercedes-Benz,GLA 250 Base 4MATIC,2019,,Gasoline,2.0 Liter Turbo,Automatic,White,Black,None reported,,25498.0,7,,1,0,Moderate
Ford,F-150 Platinum,2015,,Gasoline,365.0HP 3.5L V6 Cylinder Engine Gasoline Fuel,6-Speed A/T,White,Black,None reported,Yes,31000.0,11,,0,0,Old
Toyota,RAV4 SE,2016,,Gasoline,176.0HP 2.5L 4 Cylinder Engine Gasoline Fuel,Transmission w/Dual Shift Mode,Gray,Orange,None reported,Yes,18500.0,10,,0,0,Moderate
Toyota,4Runner TRD Sport,2023,,Gasoline,270.0HP 4.0L V6 Cylinder Engine Gasoline Fuel,A/T,Green,Black,None reported,Yes,46000.0,3,,0,0,New
Mercedes-Benz,GL-Class GL 450 4MATIC,2013,,Gasoline,362.0HP 4.6L 8 Cylinder Engine Gasoline Fuel,7-Speed A/T,Black,Black,None reported,Yes,22800.0,13,,1,0,Old
Tesla,Model Y Performance,2020,,,455.0HP Electric Motor Electric Fuel System,A/T,Gray,White,None reported,Yes,44000.0,6,,0,0,Moderate
BMW,X5 xDrive 35i Sport Activity,2012,,Gasoline,300.0HP 3.0L Straight 6 Cylinder Engine Gasoline Fuel,8-Speed A/T,Black,Black,At least 1 accident or damage reported,Yes,12900.0,14,,1,0,Old
Dodge,Charger Base,2006,,Gasoline,250.0HP 3.5L V6 Cylinder Engine Gasoline Fuel,A/T,Blue,Gray,At least 1 accident or damage reported,Yes,4500.0,20,,0,0,Old
Ford,Transit-250 Base,2016,,Gasoline,310.0HP 3.5L V6 Cylinder Engine Gasoline Fuel,6-Speed A/T,White,Gray,None reported,Yes,27000.0,10,,0,0,Moderate
BMW,330 i xDrive,2017,,Gasoline,248.0HP 2.0L 4 Cylinder Engine Gasoline Fuel,A/T,Blue,Black,None reported,Yes,20000.0,9,,1,0,Moderate
Mazda,CX-5 Grand Touring,2021,,Gasoline,2.5L I4 16V GDI DOHC,6-Speed Automatic,Machine Gray Metallic,Black,,,28991.0,5,,0,0,New
BMW,X5 M Base,2013,,Gasoline,555.0HP 4.4L 8 Cylinder Engine Gasoline Fuel,A/T,Silver,Black,At least 1 accident or damage reported,Yes,24500.0,13,,1,0,Old
Audi,Q5 2.0T Premium Plus,2019,,Gasoline,248.0HP 2.0L 4 Cylinder Engine Gasoline Fuel,A/T,Black,–,None reported,Yes,31000.0,7,,1,0,Moderate
Audi,S5 3.0T Prestige,2013,,Gasoline,333.0HP 3.0L V6 Cylinder Engine Gasoline Fuel,7-Speed A/T,Black,Black,None reported,Yes,26000.0,13,,1,0,Old
Nissan,GT-R Premium,2013,,Gasoline,545.0HP 3.8L V6 Cylinder Engine Gasoline Fuel,Transmission w/Dual Shift Mode,White,Black,None reported,Yes,59000.0,13,,0,0,Old
Tesla,Model 3 Long Range,2020,,,425.0HP Electric Motor Electric Fuel System,1-Speed A/T,Blue,Black,None reported,Yes,49995.0,6,,0,0,Moderate
Toyota,Camry Solara SLE V6,2000,,Gasoline,200.0HP 3.0L V6 Cylinder Engine Gasoline Fuel,A/T,Black,Beige,At least 1 accident or damage reported,Yes,2500.0,26,,0,0,Very Old
Tesla,Model Y Long Range,2021,,,Electric,1-Speed Automatic,Deep Blue Metallic,Black,None reported,,37999.0,5,,0,0,New
Buick,Cascada Base,2016,,Gasoline,200.0HP 1.6L 4 Cylinder Engine Gasoline Fuel,6-Speed A/T,White,Black,At least 1 accident or damage reported,Yes,14995.0,10,,0,0,Moderate
Toyota,4Runner Venture,2021,,Gasoline,270.0HP 4.0L V6 Cylinder Engine Gasoline Fuel,A/T,White,Black,None reported,Yes,48500.0,5,,0,0,New
BMW,530 i xDrive,2021,,Gasoline,2.0L I4 16V GDI DOHC Turbo,8-Speed Automatic,Glacier Silver Metallic,Black,None reported,Yes,32085.0,5,,1,0,New
BMW,535 i xDrive,2011,,Gasoline,300.0HP 3.0L Straight 6 Cylinder Engine Gasoline Fuel,8-Speed A/T,Gray,Black,At least 1 accident or damage reported,Yes,12000.0,15,,1,0,Old
Tesla,Model S 100D,2018,,,518.0HP Electric Motor Electric Fuel System,A/T,Blue,Black,None reported,Yes,41000.0,8,,0,0,Moderate
Lexus,GX 460 Base,2012,,Gasoline,301.0HP 4.6L 8 Cylinder Engine Gasoline Fuel,A/T,Black,Beige,At least 1 accident or damage reported,Yes,19470.0,14,,1,0,Old
Chevrolet,Trailblazer SS,2008,,Gasoline,390.0HP 6.0L 8 Cylinder Engine Gasoline Fuel,4-Speed A/T,Red,Black,At least 1 accident or damage reported,Yes,17000.0,18,,0,0,Old
Subaru,Impreza WRX,2005,,Gasoline,227.0HP 2.0L 4 Cylinder Engine Gasoline Fuel,5-Speed M/T,Blue,Black,None reported,Yes,12499.0,21,,0,0,Very Old
Volkswagen,Passat 2.5 SE,2012,,Gasoline,170.0HP 2.5L 5 Cylinder Engine Gasoline Fuel,A/T,White,Beige,At least 1 accident or damage reported,Yes,9750.0,14,,0,0,Old
Porsche,911 Carrera Cabriolet,1996,,–,–,Transmission w/Dual Shift Mode,Blue,Gray,,,75000.0,30,,0,0,Very Old
Audi,Q5 40 Premium,2022,,Hybrid,201.0HP 2.0L 4 Cylinder Engine Gasoline/Mild Electric Hybrid,7-Speed A/T,Silver,Brown,None reported,Yes,41500.0,4,,1,0,New
INFINITI,Q60 3.0t Red Sport 400,2018,,Gasoline,400.0HP 3.0L V6 Cylinder Engine Gasoline Fuel,A/T,Red,White,None reported,Yes,32000.0,8,,0,0,Moderate
Chevrolet,Camaro Z28,2002,,Gasoline,310.0HP 5.7L 8 Cylinder Engine Gasoline Fuel,M/T,Silver,Black,At least 1 accident or damage reported,Yes,21000.0,24,,0,0,Very Old
Mazda,Protege DX,1993,,–,–,A/T,Gray,–,At least 1 accident or damage reported,Yes,2500.0,33,,0,0,Very Old
Mercedes-Benz,SL-Class SL550 Roadster,2008,,Gasoline,382.0HP 5.5L 8 Cylinder Engine Gasoline Fuel,7-Speed A/T,White,Beige,None reported,Yes,34500.0,18,,1,0,Old
Mercedes-Benz,C-Class C 300 4MATIC,2016,,Gasoline,241.0HP 2.0L 4 Cylinder Engine Gasoline Fuel,A/T,White,–,At least 1 accident or damage reported,Yes,17995.0,10,,1,0,Moderate
Mercedes-Benz,SLK-Class SLK320,2001,,Gasoline,215.0HP 3.2L V6 Cylinder Engine Gasoline Fuel,6-Speed M/T,Blue,Beige,None reported,Yes,6500.0,25,,1,0,Very Old
Ford,Transit-350 XL,2017,,Gasoline,310.0HP 3.5L V6 Cylinder Engine Gasoline Fuel,A/T,Silver,Gray,None reported,Yes,26500.0,9,,0,0,Moderate
Buick,Enclave Premium,2014,,Gasoline,288.0HP 3.6L V6 Cylinder Engine Gasoline Fuel,6-Speed A/T,Black,Black,None reported,Yes,18900.0,12,,0,0,Old
Porsche,Cayenne AWD,2020,,Gasoline,335.0HP 3.0L V6 Cylinder Engine Gasoline Fuel,A/T,Black,Red,None reported,Yes,56000.0,6,,0,0,Moderate
Hyundai,Santa Fe SE,2007,,Gasoline,242.0HP 3.3L V6 Cylinder Engine Gasoline Fuel,A/T,Blue,Gray,At least 1 accident or damage reported,Yes,4200.0,19,,0,0,Old
Mazda,Mazda6 Signature,2021,,Gasoline,2.5L I4 16V GDI DOHC Turbo,6-Speed Automatic,Soul Red Crystal Metallic,Deep Chestnut,None reported,Yes,33687.0,5,,0,0,New
Tesla,Model X Performance,2020,,,778.0HP Electric Motor Electric Fuel System,A/T,White,Beige,None reported,Yes,68969.0,6,,0,0,Moderate
Jeep,Wrangler Unlimited Sport,2016,,Gasoline,285.0HP 3.6L V6 Cylinder Engine Gasoline Fuel,6-Speed M/T,Beige,Black,None reported,Yes,27500.0,10,,0,0,Moderate
Toyota,4Runner Sport,2004,,Gasoline,245.0HP 4.0L V6 Cylinder Engine Gasoline Fuel,A/T,Gray,Gray,None reported,Yes,8550.0,22,,0,0,Very Old
Chevrolet,Silverado 1500 2LT,2018,,Gasoline,355.0HP 5.3L 8 Cylinder Engine Gasoline Fuel,6-Speed A/T,Silver,Gray,At least 1 accident or damage reported,Yes,42950.0,8,,0,0,Moderate
Jaguar,XK8 Base,2000,,Gasoline,290.0HP 4.0L 8 Cylinder Engine Gasoline Fuel,5-Speed A/T,Blue,Beige,None reported,Yes,15400.0,26,,0,0,Very Old
Mercedes-Benz,GLA-Class GLA 45 AMG,2015,,Gasoline,355.0HP 2.0L 4 Cylinder Engine Gasoline Fuel,7-Speed A/T,Black,Black,At least 1 accident or damage reported,Yes,22000.0,11,,1,0,Old
BMW,330 i xDrive,2017,,Gasoline,248.0HP 2.0L 4 Cylinder Engine Gasoline Fuel,A/T,White,Beige,None reported,Yes,21500.0,9,,1,0,Moderate
Volkswagen,Atlas 3.6L SE w/Technology,2018,,Gasoline,276.0HP 3.6L V6 Cylinder Engine Gasoline Fuel,Transmission w/Dual Shift Mode,Silver,Black,None reported,Yes,24999.0,8,,0,0,Moderate
Nissan,Juke SL,2012,,Gasoline,188.0HP 1.6L 4 Cylinder Engine Gasoline Fuel,A/T,Black,Black,None reported,Yes,9950.0,14,,0,0,Old
Subaru,Impreza 2.0i Premium,2018,,Gasoline,152.0HP 2.0L 4 Cylinder Engine Gasoline Fuel,CVT Transmission,White,Beige,None reported,Yes,26000.0,8,,0,0,Moderate
BMW,M5 Base,2000,,Gasoline,400.0HP 5.0L 8 Cylinder Engine Gasoline Fuel,6-Speed M/T,Blue,Black,None reported,Yes,26900.0,26,,1,0,Very Old
Mercedes-Benz,Sprinter 2500 Standard Roof,2023,,Diesel,211.0HP 2.0L 4 Cylinder Engine Diesel Fuel,9-Speed A/T,White,Black,None reported,Yes,65000.0,3,,1,0,New
Volkswagen,Beetle 2.0T Final Edition SE,2019,,Gasoline,174.0HP 2.0L 4 Cylinder Engine Gasoline Fuel,Transmission w/Dual Shift Mode,Gray,Black,None reported,Yes,32750.0,7,,0,0,Moderate
MINI,Countryman Cooper S ALL4,2016,,Gasoline,181.0HP 1.6L 4 Cylinder Engine Gasoline Fuel,6-Speed A/T,Blue,Black,None reported,Yes,12750.0,10,,0,0,Moderate
Nissan,Rogue SL,2017,,Gasoline,170.0HP 2.5L 4 Cylinder Engine Gasoline Fuel,A/T,White,–,None reported,Yes,13000.0,9,,0,0,Moderate
Lexus,CT 200h Premium,2014,,Hybrid,134.0HP 1.8L 4 Cylinder Engine Gas/Electric Hybrid,CVT Transmission,Black,Black,At least 1 accident or damage reported,Yes,16000.0,12,,1,0,Old
INFINITI,G37 x,2013,,Gasoline,328.0HP 3.7L V6 Cylinder Engine Gasoline Fuel,Transmission w/Dual Shift Mode,Silver,Black,None reported,Yes,14500.0,13,,0,0,Old
Audi,A6 2.0T Sport,2018,,Gasoline,252.0HP 2.0L 4 Cylinder Engine Gasoline Fuel,A/T,Black,Black,At least 1 accident or damage reported,Yes,23750.0,8,,1,0,Moderate
Nissan,Altima 2.5 S,2015,,Gasoline,182.0HP 2.5L 4 Cylinder Engine Gasoline Fuel,A/T,Black,Black,At least 1 accident or damage reported,Yes,11600.0,11,,0,0,Old
Chevrolet,Blazer 1LT,2019,,Gasoline,2.5L I4 16V GDI DOHC,9-Speed Automatic,Nightfall Gray Metallic,Jet Black,None reported,Yes,26990.0,7,,0,0,Moderate
Dodge,Ram 3500 Quad Cab DRW,2000,,–,–,A/T,Silver,Gray,At least 1 accident or damage reported,Yes,10000.0,26,,0,0,Very Old
Ford,Transit Connect XLT,2016,,E85 Flex Fuel,169.0HP 2.5L 4 Cylinder Engine Flex Fuel Capability,A/T,White,Beige,None reported,Yes,15500.0,10,,0,0,Moderate
Mercedes-Benz,S-Class S 550 4MATIC,2016,,Gasoline,449.0HP 4.7L 8 Cylinder Engine Gasoline Fuel,7-Speed A/T,Blue,White,None reported,Yes,34900.0,10,,1,0,Moderate
Cadillac,Escalade Base,2007,,Gasoline,403.0HP 6.2L 8 Cylinder Engine Gasoline Fuel,A/T,White,Beige,None reported,Yes,9999.0,19,,0,0,Old
Ford,Transit Connect XLT,2012,,Gasoline,136.0HP 2.0L 4 Cylinder Engine Gasoline Fuel,4-Speed A/T,Red,Gray,At least 1 accident or damage reported,Yes,8500.0,14,,0,0,Old
Lexus,IS 250 Base,2010,,Gasoline,204.0HP 2.5L V6 Cylinder Engine Gasoline Fuel,A/T,Black,Black,At least 1 accident or damage reported,Yes,10700.0,16,,1,0,Old
Dodge,Durango GT,2020,,Gasoline,295.0HP 3.6L V6 Cylinder Engine Gasoline Fuel,A/T,White,Black,None reported,Yes,40000.0,6,,0,0,Moderate
Jeep,Wrangler Unlimited Sahara,2019,,Gasoline,285.0HP 3.6L V6 Cylinder Engine Gasoline Fuel,A/T,White,Beige,None reported,Yes,44500.0,7,,0,0,Moderate
Tesla,Model 3 Long Range,2021,,,Electric,1-Speed Automatic,White,Black,None reported,,35999.0,5,,0,0,New
Toyota,4Runner TRD Pro,2021,,Gasoline,4.0L V6 24V MPFI DOHC,5-Speed Automatic,Lunar Rock,Black / Graphite,None reported,,52590.0,5,,0,0,New
INFINITI,QX60 Base,2016,,Gasoline,265.0HP 3.5L V6 Cylinder Engine Gasoline Fuel,A/T,Gray,Black,None reported,Yes,17500.0,10,,0,0,Moderate
Ford,F-150 XL,2019,,Gasoline,2.7L V6 24V PDI DOHC Twin Turbo,Automatic,Gray,Black,None reported,Yes,33700.0,7,,0,0,Moderate
BMW,M240 i xDrive,2022,,Gasoline,382.0HP 3.0L Straight 6 Cylinder Engine Gasoline Fuel,A/T,Purple,Black,None reported,Yes,55000.0,4,,1,0,New
Toyota,Prius Two,2014,,Hybrid,134.0HP 1.8L 4 Cylinder Engine Gas/Electric Hybrid,A/T,Red,Gray,At least 1 accident or damage reported,Yes,13310.0,12,,0,0,Old
Ford,Expedition Max XLT,2018,,Gasoline,375.0HP 3.5L V6 Cylinder Engine Gasoline Fuel,10-Speed A/T,White,Beige,None reported,Yes,34995.0,8,,0,0,Moderate
Toyota,Tundra Grade,2013,,Gasoline,310.0HP 4.6L 8 Cylinder Engine Gasoline Fuel,6-Speed A/T,Gray,Gray,At least 1 accident or damage reported,Yes,20800.0,13,,0,0,Old
Ford,Edge Titanium,2016,,Gasoline,245.0HP 2.0L 4 Cylinder Engine Gasoline Fuel,6-Speed A/T,Black,Beige,At least 1 accident or damage reported,Yes,16000.0,10,,0,0,Moderate
Buick,Envision Essence,2021,,Gasoline,2.0L I4 16V GDI DOHC Turbo,9-Speed Automatic,Dark Moon Blue Metallic,Ebony,None reported,Yes,33290.0,5,,0,0,New
Audi,Q7 55 Prestige,2019,,Gasoline,329.0HP 3.0L V6 Cylinder Engine Gasoline Fuel,A/T,White,Beige,None reported,Yes,39900.0,7,,1,0,Moderate
Chrysler,Town & Country Touring-L,2013,,E85 Flex Fuel,283.0HP 3.6L V6 Cylinder Engine Flex Fuel Capability,A/T,Black,Black,None reported,Yes,9500.0,13,,0,0,Old
Chevrolet,Cruze LS,2011,,Gasoline,136.0HP 1.8L 4 Cylinder Engine Gasoline Fuel,A/T,Silver,Black,None reported,Yes,7000.0,15,,0,0,Old
Ford,F-150 Lariat,2020,,Gasoline,375.0HP 3.5L V6 Cylinder Engine Gasoline Fuel,A/T,White,Black,None reported,Yes,46995.0,6,,0,0,Moderate
Jaguar,XF Premium,2011,,Gasoline,385.0HP 5.0L 8 Cylinder Engine Gasoline Fuel,A/T,Gray,Gray,At least 1 accident or damage reported,Yes,12400.0,15,,0,0,Old
Jeep,Wrangler Unlimited Rubicon,2020,,Gasoline,270.0HP 2.0L 4 Cylinder Engine Gasoline Fuel,8-Speed A/T,Black,Black,None reported,Yes,53000.0,6,,0,0,Moderate
Ford,F-250 Lariat,2011,,Diesel,400.0HP 6.7L 8 Cylinder Engine Diesel Fuel,6-Speed A/T,Gray,Gray,At least 1 accident or damage reported,Yes,29800.0,15,,0,0,Old
Jaguar,F-PACE 35t Premium,2017,,Gasoline,340.0HP 3.0L V6 Cylinder Engine Gasoline Fuel,8-Speed A/T,Blue,Beige,At least 1 accident or damage reported,Yes,26000.0,9,,0,0,Moderate
Porsche,911 Carrera S,2015,,Gasoline,400.0HP 3.8L Flat 6 Cylinder Engine Gasoline Fuel,7-Speed A/T,Black,Black,None reported,Yes,84999.0,11,,0,0,Old
Ford,Bronco Badlands Advanced,2022,,Gasoline,315.0HP 2.7L V6 Cylinder Engine Gasoline Fuel,10-Speed A/T,White,Black,None reported,Yes,69999.0,4,,0,0,New
Suzuki,SX4 Base,2013,,Gasoline,150.0HP 2.0L 4 Cylinder Engine Gasoline Fuel,M/T,Orange,Gray,At least 1 accident or damage reported,Yes,6900.0,13,,0,0,Old
Ford,EcoSport SES,2019,,Gasoline,166.0HP 2.0L 4 Cylinder Engine Gasoline Fuel,A/T,Silver,Black,At least 1 accident or damage reported,Yes,12000.0,7,,0,0,Moderate
Toyota,Land Cruiser Base,1994,,–,–,A/T,Green,Beige,None reported,Yes,9000.0,32,,0,0,Very Old
Honda,Civic EX,2014,,Gasoline,143.0HP 1.8L 4 Cylinder Engine Gasoline Fuel,CVT Transmission,Silver,Gray,None reported,Yes,15000.0,12,,0,0,Old
Mercedes-Benz,Sprinter 2500 Standard Roof,2018,,Diesel,188.0HP 3.0L V6 Cylinder Engine Diesel Fuel,A/T,Gray,Black,None reported,Yes,61000.0,8,,1,0,Moderate
BMW,X3 xDrive28i,2015,,Gasoline,240.0HP 2.0L 4 Cylinder Engine Gasoline Fuel,Transmission w/Dual Shift Mode,White,Beige,At least 1 accident or damage reported,Yes,17000.0,11,,1,0,Old
Nissan,Murano SL,2007,,Gasoline,240.0HP 3.5L V6 Cylinder Engine Gasoline Fuel,A/T,Silver,Black,None reported,Yes,6750.0,19,,0,0,Old
Chevrolet,Corvette Stingray,2015,,Gasoline,455.0HP 6.2L 8 Cylinder Engine Gasoline Fuel,8-Speed A/T,Gray,Gray,None reported,Yes,49000.0,11,,0,0,Old
Ford,F-150 Lariat,2018,,Gasoline,325.0HP 2.7L V6 Cylinder Engine Gasoline Fuel,A/T,Gray,Black,None reported,Yes,38000.0,8,,0,0,Moderate
Porsche,Cayenne Turbo,2020,,Gasoline,4.0L V8 32V GDI DOHC Twin Turbo,8-Speed Automatic,Quartzite Grey Metallic,Black,None reported,,89900.0,6,,0,0,Moderate
Toyota,Sequoia SR5,2010,,Gasoline,310.0HP 4.6L 8 Cylinder Engine Gasoline Fuel,6-Speed A/T,Silver,Gray,None reported,Yes,17900.0,16,,0,0,Old
Lexus,CT 200h Base,2016,,Hybrid,134.0HP 1.8L 4 Cylinder Engine Gas/Electric Hybrid,A/T,Black,Black,None reported,Yes,21995.0,10,,1,0,Moderate
Aston,Martin DB7 Vantage Volante,2003,,Gasoline,420.0HP 5.9L 12 Cylinder Engine Gasoline Fuel,6-Speed M/T,White,Beige,,,32850.0,23,,0,0,Very Old
Chevrolet,Impala 2LZ,2018,,Gasoline,305.0HP 3.6L V6 Cylinder Engine Gasoline Fuel,6-Speed A/T,Black,Black,None reported,Yes,17899.0,8,,0,0,Moderate
Porsche,911 Carrera,2015,,Gasoline,350.0HP 3.4L Flat 6 Cylinder Engine Gasoline Fuel,7-Speed A/T,Black,Black,None reported,Yes,66500.0,11,,0,0,Old
BMW,X6 xDrive40i,2020,,Gasoline,335.0HP 3.0L Straight 6 Cylinder Engine Gasoline Fuel,8-Speed A/T,White,Brown,None reported,Yes,59335.0,6,,1,0,Moderate
Subaru,Ascent Touring 7-Passenger,2021,,Gasoline,260.0HP 2.4L 4 Cylinder Engine Gasoline Fuel,A/T,Black,Black,At least 1 accident or damage reported,Yes,36000.0,5,,0,0,New
Volkswagen,Routan SE,2011,,Gasoline,283.0HP 3.6L V6 Cylinder Engine Gasoline Fuel,Transmission w/Dual Shift Mode,Black,Gray,At least 1 accident or damage reported,Yes,3500.0,15,,0,0,Old
Mercedes-Benz,E-Class E 300 4MATIC,2018,,Gasoline,241.0HP 2.0L 4 Cylinder Engine Gasoline Fuel,A/T,Black,Black,At least 1 accident or damage reported,Yes,25900.0,8,,1,0,Moderate
Audi,S4 3.0T Premium Plus,2022,,Gasoline,349.0HP 3.0L V6 Cylinder Engine Gasoline Fuel,Transmission w/Dual Shift Mode,Black,Black,None reported,Yes,53900.0,4,,1,0,New
Porsche,Taycan,2022,,,Electric,Automatic,Black,Black,None reported,,90998.0,4,,0,0,New
Ford,F-150 Raptor,2020,,Gasoline,450.0HP 3.5L V6 Cylinder Engine Gasoline Fuel,A/T,Blue,Black,None reported,Yes,62999.0,6,,0,0,Moderate
BMW,X3 xDrive30i,2020,,Gasoline,248.0HP 2.0L 4 Cylinder Engine Gasoline Fuel,A/T,Gray,Brown,At least 1 accident or damage reported,Yes,40000.0,6,,1,0,Moderate
